Timing Analyzer report for divider_structural
Tue Aug 25 23:54:52 2026
Quartus Prime Version 20.1.0 Build 711 06/05/2020 SJ Lite Edition


---------------------
; Table of Contents ;
---------------------
  1. Legal Notice
  2. Timing Analyzer Summary
  3. Parallel Compilation
  4. Clocks
  5. Slow 1200mV 85C Model Fmax Summary
  6. Timing Closure Recommendations
  7. Slow 1200mV 85C Model Setup Summary
  8. Slow 1200mV 85C Model Hold Summary
  9. Slow 1200mV 85C Model Recovery Summary
 10. Slow 1200mV 85C Model Removal Summary
 11. Slow 1200mV 85C Model Minimum Pulse Width Summary
 12. Slow 1200mV 85C Model Setup: 'clk'
 13. Slow 1200mV 85C Model Hold: 'clk'
 14. Slow 1200mV 85C Model Metastability Summary
 15. Slow 1200mV 0C Model Fmax Summary
 16. Slow 1200mV 0C Model Setup Summary
 17. Slow 1200mV 0C Model Hold Summary
 18. Slow 1200mV 0C Model Recovery Summary
 19. Slow 1200mV 0C Model Removal Summary
 20. Slow 1200mV 0C Model Minimum Pulse Width Summary
 21. Slow 1200mV 0C Model Setup: 'clk'
 22. Slow 1200mV 0C Model Hold: 'clk'
 23. Slow 1200mV 0C Model Metastability Summary
 24. Fast 1200mV 0C Model Setup Summary
 25. Fast 1200mV 0C Model Hold Summary
 26. Fast 1200mV 0C Model Recovery Summary
 27. Fast 1200mV 0C Model Removal Summary
 28. Fast 1200mV 0C Model Minimum Pulse Width Summary
 29. Fast 1200mV 0C Model Setup: 'clk'
 30. Fast 1200mV 0C Model Hold: 'clk'
 31. Fast 1200mV 0C Model Metastability Summary
 32. Multicorner Timing Analysis Summary
 33. Board Trace Model Assignments
 34. Input Transition Times
 35. Signal Integrity Metrics (Slow 1200mv 0c Model)
 36. Signal Integrity Metrics (Slow 1200mv 85c Model)
 37. Signal Integrity Metrics (Fast 1200mv 0c Model)
 38. Setup Transfers
 39. Hold Transfers
 40. Report TCCS
 41. Report RSKM
 42. Unconstrained Paths Summary
 43. Clock Status Summary
 44. Unconstrained Input Ports
 45. Unconstrained Output Ports
 46. Unconstrained Input Ports
 47. Unconstrained Output Ports
 48. Timing Analyzer Messages



----------------
; Legal Notice ;
----------------
Copyright (C) 2020  Intel Corporation. All rights reserved.
Your use of Intel Corporation's design tools, logic functions 
and other software and tools, and any partner logic 
functions, and any output files from any of the foregoing 
(including device programming or simulation files), and any 
associated documentation or information are expressly subject 
to the terms and conditions of the Intel Program License 
Subscription Agreement, the Intel Quartus Prime License Agreement,
the Intel FPGA IP License Agreement, or other applicable license
agreement, including, without limitation, that your use is for
the sole purpose of programming logic devices manufactured by
Intel and sold by Intel or its authorized distributors.  Please
refer to the applicable agreement for further details, at
https://fpgasoftware.intel.com/eula.



+-----------------------------------------------------------------------------+
; Timing Analyzer Summary                                                     ;
+-----------------------+-----------------------------------------------------+
; Quartus Prime Version ; Version 20.1.0 Build 711 06/05/2020 SJ Lite Edition ;
; Timing Analyzer       ; Legacy Timing Analyzer                              ;
; Revision Name         ; divider_structural                                  ;
; Device Family         ; Cyclone IV E                                        ;
; Device Name           ; EP4CE6F17C6                                         ;
; Timing Models         ; Final                                               ;
; Delay Model           ; Combined                                            ;
; Rise/Fall Delays      ; Enabled                                             ;
+-----------------------+-----------------------------------------------------+


+------------------------------------------+
; Parallel Compilation                     ;
+----------------------------+-------------+
; Processors                 ; Number      ;
+----------------------------+-------------+
; Number detected on machine ; 12          ;
; Maximum allowed            ; 10          ;
;                            ;             ;
; Average used               ; 1.11        ;
; Maximum used               ; 10          ;
;                            ;             ;
; Usage by Processor         ; % Time Used ;
;     Processor 1            ; 100.0%      ;
;     Processors 2-10        ;   1.3%      ;
+----------------------------+-------------+


+---------------------------------------------------------------------------------------------------------------------------------------------------------------------------------+
; Clocks                                                                                                                                                                          ;
+------------+------+--------+------------+-------+-------+------------+-----------+-------------+-------+--------+-----------+------------+----------+--------+--------+---------+
; Clock Name ; Type ; Period ; Frequency  ; Rise  ; Fall  ; Duty Cycle ; Divide by ; Multiply by ; Phase ; Offset ; Edge List ; Edge Shift ; Inverted ; Master ; Source ; Targets ;
+------------+------+--------+------------+-------+-------+------------+-----------+-------------+-------+--------+-----------+------------+----------+--------+--------+---------+
; clk        ; Base ; 1.000  ; 1000.0 MHz ; 0.000 ; 0.500 ;            ;           ;             ;       ;        ;           ;            ;          ;        ;        ; { clk } ;
+------------+------+--------+------------+-------+-------+------------+-----------+-------------+-------+--------+-----------+------------+----------+--------+--------+---------+


+--------------------------------------------------+
; Slow 1200mV 85C Model Fmax Summary               ;
+------------+-----------------+------------+------+
; Fmax       ; Restricted Fmax ; Clock Name ; Note ;
+------------+-----------------+------------+------+
; 141.66 MHz ; 141.66 MHz      ; clk        ;      ;
+------------+-----------------+------------+------+
This panel reports FMAX for every clock in the design, regardless of the user-specified clock periods.  FMAX is only computed for paths where the source and destination registers or ports are driven by the same clock.  Paths of different clocks, including generated clocks, are ignored.  For paths between a clock and its inversion, FMAX is computed as if the rising and falling edges are scaled along with FMAX, such that the duty cycle (in terms of a percentage) is maintained. Altera recommends that you always use clock constraints and other slack reports for sign-off analysis.


----------------------------------
; Timing Closure Recommendations ;
----------------------------------
HTML report is unavailable in plain text report export.


+-------------------------------------+
; Slow 1200mV 85C Model Setup Summary ;
+-------+--------+--------------------+
; Clock ; Slack  ; End Point TNS      ;
+-------+--------+--------------------+
; clk   ; -6.059 ; -767.523           ;
+-------+--------+--------------------+


+------------------------------------+
; Slow 1200mV 85C Model Hold Summary ;
+-------+-------+--------------------+
; Clock ; Slack ; End Point TNS      ;
+-------+-------+--------------------+
; clk   ; 0.343 ; 0.000              ;
+-------+-------+--------------------+


------------------------------------------
; Slow 1200mV 85C Model Recovery Summary ;
------------------------------------------
No paths to report.


-----------------------------------------
; Slow 1200mV 85C Model Removal Summary ;
-----------------------------------------
No paths to report.


+---------------------------------------------------+
; Slow 1200mV 85C Model Minimum Pulse Width Summary ;
+-------+--------+----------------------------------+
; Clock ; Slack  ; End Point TNS                    ;
+-------+--------+----------------------------------+
; clk   ; -3.000 ; -176.000                         ;
+-------+--------+----------------------------------+


+---------------------------------------------------------------------------------------------------------------------------------------------------------------------------------+
; Slow 1200mV 85C Model Setup: 'clk'                                                                                                                                              ;
+--------+------------------------------------------------+-------------------------------------------------+--------------+-------------+--------------+------------+------------+
; Slack  ; From Node                                      ; To Node                                         ; Launch Clock ; Latch Clock ; Relationship ; Clock Skew ; Data Delay ;
+--------+------------------------------------------------+-------------------------------------------------+--------------+-------------+--------------+------------+------------+
; -6.059 ; r4_div_datapath:DATAPATH|register:REG_WC|q[27] ; r4_div_datapath:DATAPATH|register:REG_WC|q[12]  ; clk          ; clk         ; 1.000        ; -0.062     ; 6.992      ;
; -6.055 ; r4_div_datapath:DATAPATH|register:REG_WC|q[27] ; r4_div_datapath:DATAPATH|otfc_block:OTFC|QM[19] ; clk          ; clk         ; 1.000        ; -0.071     ; 6.979      ;
; -6.055 ; r4_div_datapath:DATAPATH|register:REG_WC|q[27] ; r4_div_datapath:DATAPATH|otfc_block:OTFC|QM[17] ; clk          ; clk         ; 1.000        ; -0.071     ; 6.979      ;
; -6.055 ; r4_div_datapath:DATAPATH|register:REG_WC|q[27] ; r4_div_datapath:DATAPATH|otfc_block:OTFC|QM[15] ; clk          ; clk         ; 1.000        ; -0.071     ; 6.979      ;
; -6.055 ; r4_div_datapath:DATAPATH|register:REG_WC|q[27] ; r4_div_datapath:DATAPATH|otfc_block:OTFC|QM[13] ; clk          ; clk         ; 1.000        ; -0.071     ; 6.979      ;
; -6.055 ; r4_div_datapath:DATAPATH|register:REG_WC|q[27] ; r4_div_datapath:DATAPATH|otfc_block:OTFC|QM[12] ; clk          ; clk         ; 1.000        ; -0.071     ; 6.979      ;
; -6.055 ; r4_div_datapath:DATAPATH|register:REG_WC|q[27] ; r4_div_datapath:DATAPATH|otfc_block:OTFC|QM[11] ; clk          ; clk         ; 1.000        ; -0.071     ; 6.979      ;
; -6.055 ; r4_div_datapath:DATAPATH|register:REG_WC|q[27] ; r4_div_datapath:DATAPATH|otfc_block:OTFC|QM[10] ; clk          ; clk         ; 1.000        ; -0.071     ; 6.979      ;
; -6.055 ; r4_div_datapath:DATAPATH|register:REG_WC|q[27] ; r4_div_datapath:DATAPATH|otfc_block:OTFC|QM[9]  ; clk          ; clk         ; 1.000        ; -0.071     ; 6.979      ;
; -6.055 ; r4_div_datapath:DATAPATH|register:REG_WC|q[27] ; r4_div_datapath:DATAPATH|otfc_block:OTFC|QM[8]  ; clk          ; clk         ; 1.000        ; -0.071     ; 6.979      ;
; -6.055 ; r4_div_datapath:DATAPATH|register:REG_WC|q[27] ; r4_div_datapath:DATAPATH|otfc_block:OTFC|QM[6]  ; clk          ; clk         ; 1.000        ; -0.071     ; 6.979      ;
; -6.055 ; r4_div_datapath:DATAPATH|register:REG_WC|q[27] ; r4_div_datapath:DATAPATH|otfc_block:OTFC|QM[4]  ; clk          ; clk         ; 1.000        ; -0.071     ; 6.979      ;
; -6.041 ; r4_div_datapath:DATAPATH|register:REG_WC|q[27] ; r4_div_datapath:DATAPATH|otfc_block:OTFC|QM[23] ; clk          ; clk         ; 1.000        ; -0.072     ; 6.964      ;
; -6.041 ; r4_div_datapath:DATAPATH|register:REG_WC|q[27] ; r4_div_datapath:DATAPATH|otfc_block:OTFC|QM[21] ; clk          ; clk         ; 1.000        ; -0.072     ; 6.964      ;
; -6.041 ; r4_div_datapath:DATAPATH|register:REG_WC|q[27] ; r4_div_datapath:DATAPATH|otfc_block:OTFC|Q[19]  ; clk          ; clk         ; 1.000        ; -0.072     ; 6.964      ;
; -6.041 ; r4_div_datapath:DATAPATH|register:REG_WC|q[27] ; r4_div_datapath:DATAPATH|otfc_block:OTFC|Q[17]  ; clk          ; clk         ; 1.000        ; -0.072     ; 6.964      ;
; -6.041 ; r4_div_datapath:DATAPATH|register:REG_WC|q[27] ; r4_div_datapath:DATAPATH|otfc_block:OTFC|Q[15]  ; clk          ; clk         ; 1.000        ; -0.072     ; 6.964      ;
; -6.041 ; r4_div_datapath:DATAPATH|register:REG_WC|q[27] ; r4_div_datapath:DATAPATH|otfc_block:OTFC|Q[13]  ; clk          ; clk         ; 1.000        ; -0.072     ; 6.964      ;
; -6.041 ; r4_div_datapath:DATAPATH|register:REG_WC|q[27] ; r4_div_datapath:DATAPATH|otfc_block:OTFC|Q[11]  ; clk          ; clk         ; 1.000        ; -0.072     ; 6.964      ;
; -6.038 ; r4_div_datapath:DATAPATH|register:REG_WS|q[27] ; r4_div_datapath:DATAPATH|register:REG_WC|q[12]  ; clk          ; clk         ; 1.000        ; -0.062     ; 6.971      ;
; -6.034 ; r4_div_datapath:DATAPATH|register:REG_WS|q[27] ; r4_div_datapath:DATAPATH|otfc_block:OTFC|QM[19] ; clk          ; clk         ; 1.000        ; -0.071     ; 6.958      ;
; -6.034 ; r4_div_datapath:DATAPATH|register:REG_WS|q[27] ; r4_div_datapath:DATAPATH|otfc_block:OTFC|QM[17] ; clk          ; clk         ; 1.000        ; -0.071     ; 6.958      ;
; -6.034 ; r4_div_datapath:DATAPATH|register:REG_WS|q[27] ; r4_div_datapath:DATAPATH|otfc_block:OTFC|QM[15] ; clk          ; clk         ; 1.000        ; -0.071     ; 6.958      ;
; -6.034 ; r4_div_datapath:DATAPATH|register:REG_WS|q[27] ; r4_div_datapath:DATAPATH|otfc_block:OTFC|QM[13] ; clk          ; clk         ; 1.000        ; -0.071     ; 6.958      ;
; -6.034 ; r4_div_datapath:DATAPATH|register:REG_WS|q[27] ; r4_div_datapath:DATAPATH|otfc_block:OTFC|QM[12] ; clk          ; clk         ; 1.000        ; -0.071     ; 6.958      ;
; -6.034 ; r4_div_datapath:DATAPATH|register:REG_WS|q[27] ; r4_div_datapath:DATAPATH|otfc_block:OTFC|QM[11] ; clk          ; clk         ; 1.000        ; -0.071     ; 6.958      ;
; -6.034 ; r4_div_datapath:DATAPATH|register:REG_WS|q[27] ; r4_div_datapath:DATAPATH|otfc_block:OTFC|QM[10] ; clk          ; clk         ; 1.000        ; -0.071     ; 6.958      ;
; -6.034 ; r4_div_datapath:DATAPATH|register:REG_WS|q[27] ; r4_div_datapath:DATAPATH|otfc_block:OTFC|QM[9]  ; clk          ; clk         ; 1.000        ; -0.071     ; 6.958      ;
; -6.034 ; r4_div_datapath:DATAPATH|register:REG_WS|q[27] ; r4_div_datapath:DATAPATH|otfc_block:OTFC|QM[8]  ; clk          ; clk         ; 1.000        ; -0.071     ; 6.958      ;
; -6.034 ; r4_div_datapath:DATAPATH|register:REG_WS|q[27] ; r4_div_datapath:DATAPATH|otfc_block:OTFC|QM[6]  ; clk          ; clk         ; 1.000        ; -0.071     ; 6.958      ;
; -6.034 ; r4_div_datapath:DATAPATH|register:REG_WS|q[27] ; r4_div_datapath:DATAPATH|otfc_block:OTFC|QM[4]  ; clk          ; clk         ; 1.000        ; -0.071     ; 6.958      ;
; -6.032 ; r4_div_datapath:DATAPATH|register:REG_WC|q[27] ; r4_div_datapath:DATAPATH|register:REG_WC|q[9]   ; clk          ; clk         ; 1.000        ; -0.062     ; 6.965      ;
; -6.028 ; r4_div_datapath:DATAPATH|register:REG_WS|q[26] ; r4_div_datapath:DATAPATH|register:REG_WC|q[12]  ; clk          ; clk         ; 1.000        ; -0.062     ; 6.961      ;
; -6.020 ; r4_div_datapath:DATAPATH|register:REG_WS|q[27] ; r4_div_datapath:DATAPATH|otfc_block:OTFC|QM[23] ; clk          ; clk         ; 1.000        ; -0.072     ; 6.943      ;
; -6.020 ; r4_div_datapath:DATAPATH|register:REG_WS|q[27] ; r4_div_datapath:DATAPATH|otfc_block:OTFC|QM[21] ; clk          ; clk         ; 1.000        ; -0.072     ; 6.943      ;
; -6.020 ; r4_div_datapath:DATAPATH|register:REG_WS|q[27] ; r4_div_datapath:DATAPATH|otfc_block:OTFC|Q[19]  ; clk          ; clk         ; 1.000        ; -0.072     ; 6.943      ;
; -6.020 ; r4_div_datapath:DATAPATH|register:REG_WS|q[27] ; r4_div_datapath:DATAPATH|otfc_block:OTFC|Q[17]  ; clk          ; clk         ; 1.000        ; -0.072     ; 6.943      ;
; -6.020 ; r4_div_datapath:DATAPATH|register:REG_WS|q[27] ; r4_div_datapath:DATAPATH|otfc_block:OTFC|Q[15]  ; clk          ; clk         ; 1.000        ; -0.072     ; 6.943      ;
; -6.020 ; r4_div_datapath:DATAPATH|register:REG_WS|q[27] ; r4_div_datapath:DATAPATH|otfc_block:OTFC|Q[13]  ; clk          ; clk         ; 1.000        ; -0.072     ; 6.943      ;
; -6.020 ; r4_div_datapath:DATAPATH|register:REG_WS|q[27] ; r4_div_datapath:DATAPATH|otfc_block:OTFC|Q[11]  ; clk          ; clk         ; 1.000        ; -0.072     ; 6.943      ;
; -6.011 ; r4_div_datapath:DATAPATH|register:REG_WS|q[27] ; r4_div_datapath:DATAPATH|register:REG_WC|q[9]   ; clk          ; clk         ; 1.000        ; -0.062     ; 6.944      ;
; -6.002 ; r4_div_datapath:DATAPATH|register:REG_WC|q[27] ; r4_div_datapath:DATAPATH|register:REG_WC|q[3]   ; clk          ; clk         ; 1.000        ; -0.062     ; 6.935      ;
; -6.002 ; r4_div_datapath:DATAPATH|register:REG_WC|q[27] ; r4_div_datapath:DATAPATH|register:REG_WC|q[29]  ; clk          ; clk         ; 1.000        ; -0.062     ; 6.935      ;
; -6.001 ; r4_div_datapath:DATAPATH|register:REG_WS|q[26] ; r4_div_datapath:DATAPATH|register:REG_WC|q[9]   ; clk          ; clk         ; 1.000        ; -0.062     ; 6.934      ;
; -5.981 ; r4_div_datapath:DATAPATH|register:REG_WS|q[27] ; r4_div_datapath:DATAPATH|register:REG_WC|q[3]   ; clk          ; clk         ; 1.000        ; -0.062     ; 6.914      ;
; -5.981 ; r4_div_datapath:DATAPATH|register:REG_WS|q[27] ; r4_div_datapath:DATAPATH|register:REG_WC|q[29]  ; clk          ; clk         ; 1.000        ; -0.062     ; 6.914      ;
; -5.979 ; r4_div_datapath:DATAPATH|register:REG_WS|q[28] ; r4_div_datapath:DATAPATH|register:REG_WC|q[12]  ; clk          ; clk         ; 1.000        ; -0.063     ; 6.911      ;
; -5.974 ; r4_div_datapath:DATAPATH|register:REG_WC|q[27] ; r4_div_datapath:DATAPATH|otfc_block:OTFC|Q[30]  ; clk          ; clk         ; 1.000        ; -0.063     ; 6.906      ;
; -5.974 ; r4_div_datapath:DATAPATH|register:REG_WC|q[27] ; r4_div_datapath:DATAPATH|otfc_block:OTFC|QM[30] ; clk          ; clk         ; 1.000        ; -0.063     ; 6.906      ;
; -5.971 ; r4_div_datapath:DATAPATH|register:REG_WS|q[26] ; r4_div_datapath:DATAPATH|register:REG_WC|q[3]   ; clk          ; clk         ; 1.000        ; -0.062     ; 6.904      ;
; -5.971 ; r4_div_datapath:DATAPATH|register:REG_WS|q[26] ; r4_div_datapath:DATAPATH|register:REG_WC|q[29]  ; clk          ; clk         ; 1.000        ; -0.062     ; 6.904      ;
; -5.965 ; r4_div_datapath:DATAPATH|register:REG_WC|q[28] ; r4_div_datapath:DATAPATH|register:REG_WC|q[12]  ; clk          ; clk         ; 1.000        ; -0.062     ; 6.898      ;
; -5.955 ; r4_div_datapath:DATAPATH|register:REG_WC|q[27] ; r4_div_datapath:DATAPATH|register:REG_WC|q[26]  ; clk          ; clk         ; 1.000        ; -0.063     ; 6.887      ;
; -5.953 ; r4_div_datapath:DATAPATH|register:REG_WS|q[27] ; r4_div_datapath:DATAPATH|otfc_block:OTFC|Q[30]  ; clk          ; clk         ; 1.000        ; -0.063     ; 6.885      ;
; -5.953 ; r4_div_datapath:DATAPATH|register:REG_WS|q[27] ; r4_div_datapath:DATAPATH|otfc_block:OTFC|QM[30] ; clk          ; clk         ; 1.000        ; -0.063     ; 6.885      ;
; -5.952 ; r4_div_datapath:DATAPATH|register:REG_WS|q[28] ; r4_div_datapath:DATAPATH|register:REG_WC|q[9]   ; clk          ; clk         ; 1.000        ; -0.063     ; 6.884      ;
; -5.938 ; r4_div_datapath:DATAPATH|register:REG_WC|q[28] ; r4_div_datapath:DATAPATH|register:REG_WC|q[9]   ; clk          ; clk         ; 1.000        ; -0.062     ; 6.871      ;
; -5.934 ; r4_div_datapath:DATAPATH|register:REG_WS|q[27] ; r4_div_datapath:DATAPATH|register:REG_WC|q[26]  ; clk          ; clk         ; 1.000        ; -0.063     ; 6.866      ;
; -5.930 ; r4_div_datapath:DATAPATH|register:REG_WS|q[26] ; r4_div_datapath:DATAPATH|otfc_block:OTFC|QM[30] ; clk          ; clk         ; 1.000        ; -0.063     ; 6.862      ;
; -5.930 ; r4_div_datapath:DATAPATH|register:REG_WS|q[26] ; r4_div_datapath:DATAPATH|otfc_block:OTFC|Q[19]  ; clk          ; clk         ; 1.000        ; -0.072     ; 6.853      ;
; -5.926 ; r4_div_datapath:DATAPATH|register:REG_WS|q[26] ; r4_div_datapath:DATAPATH|otfc_block:OTFC|Q[17]  ; clk          ; clk         ; 1.000        ; -0.072     ; 6.849      ;
; -5.926 ; r4_div_datapath:DATAPATH|register:REG_WS|q[26] ; r4_div_datapath:DATAPATH|otfc_block:OTFC|Q[15]  ; clk          ; clk         ; 1.000        ; -0.072     ; 6.849      ;
; -5.925 ; r4_div_datapath:DATAPATH|register:REG_WS|q[26] ; r4_div_datapath:DATAPATH|otfc_block:OTFC|Q[13]  ; clk          ; clk         ; 1.000        ; -0.072     ; 6.848      ;
; -5.924 ; r4_div_datapath:DATAPATH|register:REG_WS|q[26] ; r4_div_datapath:DATAPATH|otfc_block:OTFC|Q[11]  ; clk          ; clk         ; 1.000        ; -0.072     ; 6.847      ;
; -5.924 ; r4_div_datapath:DATAPATH|register:REG_WS|q[26] ; r4_div_datapath:DATAPATH|register:REG_WC|q[26]  ; clk          ; clk         ; 1.000        ; -0.063     ; 6.856      ;
; -5.922 ; r4_div_datapath:DATAPATH|register:REG_WS|q[26] ; r4_div_datapath:DATAPATH|otfc_block:OTFC|QM[19] ; clk          ; clk         ; 1.000        ; -0.071     ; 6.846      ;
; -5.922 ; r4_div_datapath:DATAPATH|register:REG_WS|q[26] ; r4_div_datapath:DATAPATH|otfc_block:OTFC|QM[17] ; clk          ; clk         ; 1.000        ; -0.071     ; 6.846      ;
; -5.922 ; r4_div_datapath:DATAPATH|register:REG_WS|q[26] ; r4_div_datapath:DATAPATH|otfc_block:OTFC|QM[15] ; clk          ; clk         ; 1.000        ; -0.071     ; 6.846      ;
; -5.922 ; r4_div_datapath:DATAPATH|register:REG_WS|q[26] ; r4_div_datapath:DATAPATH|otfc_block:OTFC|QM[13] ; clk          ; clk         ; 1.000        ; -0.071     ; 6.846      ;
; -5.922 ; r4_div_datapath:DATAPATH|register:REG_WS|q[26] ; r4_div_datapath:DATAPATH|otfc_block:OTFC|QM[12] ; clk          ; clk         ; 1.000        ; -0.071     ; 6.846      ;
; -5.922 ; r4_div_datapath:DATAPATH|register:REG_WS|q[26] ; r4_div_datapath:DATAPATH|otfc_block:OTFC|QM[11] ; clk          ; clk         ; 1.000        ; -0.071     ; 6.846      ;
; -5.922 ; r4_div_datapath:DATAPATH|register:REG_WS|q[26] ; r4_div_datapath:DATAPATH|otfc_block:OTFC|QM[10] ; clk          ; clk         ; 1.000        ; -0.071     ; 6.846      ;
; -5.922 ; r4_div_datapath:DATAPATH|register:REG_WS|q[26] ; r4_div_datapath:DATAPATH|otfc_block:OTFC|QM[9]  ; clk          ; clk         ; 1.000        ; -0.071     ; 6.846      ;
; -5.922 ; r4_div_datapath:DATAPATH|register:REG_WS|q[26] ; r4_div_datapath:DATAPATH|otfc_block:OTFC|QM[8]  ; clk          ; clk         ; 1.000        ; -0.071     ; 6.846      ;
; -5.922 ; r4_div_datapath:DATAPATH|register:REG_WS|q[26] ; r4_div_datapath:DATAPATH|otfc_block:OTFC|QM[6]  ; clk          ; clk         ; 1.000        ; -0.071     ; 6.846      ;
; -5.922 ; r4_div_datapath:DATAPATH|register:REG_WS|q[26] ; r4_div_datapath:DATAPATH|otfc_block:OTFC|QM[4]  ; clk          ; clk         ; 1.000        ; -0.071     ; 6.846      ;
; -5.922 ; r4_div_datapath:DATAPATH|register:REG_WS|q[28] ; r4_div_datapath:DATAPATH|register:REG_WC|q[3]   ; clk          ; clk         ; 1.000        ; -0.063     ; 6.854      ;
; -5.922 ; r4_div_datapath:DATAPATH|register:REG_WS|q[28] ; r4_div_datapath:DATAPATH|register:REG_WC|q[29]  ; clk          ; clk         ; 1.000        ; -0.063     ; 6.854      ;
; -5.908 ; r4_div_datapath:DATAPATH|register:REG_WS|q[26] ; r4_div_datapath:DATAPATH|otfc_block:OTFC|QM[23] ; clk          ; clk         ; 1.000        ; -0.072     ; 6.831      ;
; -5.908 ; r4_div_datapath:DATAPATH|register:REG_WS|q[26] ; r4_div_datapath:DATAPATH|otfc_block:OTFC|QM[21] ; clk          ; clk         ; 1.000        ; -0.072     ; 6.831      ;
; -5.908 ; r4_div_datapath:DATAPATH|register:REG_WC|q[28] ; r4_div_datapath:DATAPATH|register:REG_WC|q[3]   ; clk          ; clk         ; 1.000        ; -0.062     ; 6.841      ;
; -5.908 ; r4_div_datapath:DATAPATH|register:REG_WC|q[28] ; r4_div_datapath:DATAPATH|register:REG_WC|q[29]  ; clk          ; clk         ; 1.000        ; -0.062     ; 6.841      ;
; -5.901 ; r4_div_datapath:DATAPATH|register:REG_WC|q[26] ; r4_div_datapath:DATAPATH|register:REG_WC|q[12]  ; clk          ; clk         ; 1.000        ; -0.063     ; 6.833      ;
; -5.881 ; r4_div_datapath:DATAPATH|register:REG_WS|q[31] ; r4_div_datapath:DATAPATH|register:REG_WC|q[12]  ; clk          ; clk         ; 1.000        ; -0.064     ; 6.812      ;
; -5.881 ; r4_div_datapath:DATAPATH|register:REG_WS|q[28] ; r4_div_datapath:DATAPATH|otfc_block:OTFC|QM[30] ; clk          ; clk         ; 1.000        ; -0.064     ; 6.812      ;
; -5.881 ; r4_div_datapath:DATAPATH|register:REG_WS|q[28] ; r4_div_datapath:DATAPATH|otfc_block:OTFC|Q[19]  ; clk          ; clk         ; 1.000        ; -0.073     ; 6.803      ;
; -5.877 ; r4_div_datapath:DATAPATH|register:REG_WS|q[28] ; r4_div_datapath:DATAPATH|otfc_block:OTFC|Q[17]  ; clk          ; clk         ; 1.000        ; -0.073     ; 6.799      ;
; -5.877 ; r4_div_datapath:DATAPATH|register:REG_WS|q[28] ; r4_div_datapath:DATAPATH|otfc_block:OTFC|Q[15]  ; clk          ; clk         ; 1.000        ; -0.073     ; 6.799      ;
; -5.876 ; r4_div_datapath:DATAPATH|register:REG_WS|q[28] ; r4_div_datapath:DATAPATH|otfc_block:OTFC|Q[13]  ; clk          ; clk         ; 1.000        ; -0.073     ; 6.798      ;
; -5.875 ; r4_div_datapath:DATAPATH|register:REG_WS|q[28] ; r4_div_datapath:DATAPATH|otfc_block:OTFC|Q[11]  ; clk          ; clk         ; 1.000        ; -0.073     ; 6.797      ;
; -5.875 ; r4_div_datapath:DATAPATH|register:REG_WS|q[28] ; r4_div_datapath:DATAPATH|register:REG_WC|q[26]  ; clk          ; clk         ; 1.000        ; -0.064     ; 6.806      ;
; -5.874 ; r4_div_datapath:DATAPATH|register:REG_WC|q[26] ; r4_div_datapath:DATAPATH|register:REG_WC|q[9]   ; clk          ; clk         ; 1.000        ; -0.063     ; 6.806      ;
; -5.873 ; r4_div_datapath:DATAPATH|register:REG_WS|q[28] ; r4_div_datapath:DATAPATH|otfc_block:OTFC|QM[19] ; clk          ; clk         ; 1.000        ; -0.072     ; 6.796      ;
; -5.873 ; r4_div_datapath:DATAPATH|register:REG_WS|q[28] ; r4_div_datapath:DATAPATH|otfc_block:OTFC|QM[17] ; clk          ; clk         ; 1.000        ; -0.072     ; 6.796      ;
; -5.873 ; r4_div_datapath:DATAPATH|register:REG_WS|q[28] ; r4_div_datapath:DATAPATH|otfc_block:OTFC|QM[15] ; clk          ; clk         ; 1.000        ; -0.072     ; 6.796      ;
; -5.873 ; r4_div_datapath:DATAPATH|register:REG_WS|q[28] ; r4_div_datapath:DATAPATH|otfc_block:OTFC|QM[13] ; clk          ; clk         ; 1.000        ; -0.072     ; 6.796      ;
; -5.873 ; r4_div_datapath:DATAPATH|register:REG_WS|q[28] ; r4_div_datapath:DATAPATH|otfc_block:OTFC|QM[12] ; clk          ; clk         ; 1.000        ; -0.072     ; 6.796      ;
; -5.873 ; r4_div_datapath:DATAPATH|register:REG_WS|q[28] ; r4_div_datapath:DATAPATH|otfc_block:OTFC|QM[11] ; clk          ; clk         ; 1.000        ; -0.072     ; 6.796      ;
; -5.873 ; r4_div_datapath:DATAPATH|register:REG_WS|q[28] ; r4_div_datapath:DATAPATH|otfc_block:OTFC|QM[10] ; clk          ; clk         ; 1.000        ; -0.072     ; 6.796      ;
; -5.873 ; r4_div_datapath:DATAPATH|register:REG_WS|q[28] ; r4_div_datapath:DATAPATH|otfc_block:OTFC|QM[9]  ; clk          ; clk         ; 1.000        ; -0.072     ; 6.796      ;
+--------+------------------------------------------------+-------------------------------------------------+--------------+-------------+--------------+------------+------------+


+-------------------------------------------------------------------------------------------------------------------------------------------------------------------------------------------+
; Slow 1200mV 85C Model Hold: 'clk'                                                                                                                                                         ;
+-------+------------------------------------------------------+------------------------------------------------------+--------------+-------------+--------------+------------+------------+
; Slack ; From Node                                            ; To Node                                              ; Launch Clock ; Latch Clock ; Relationship ; Clock Skew ; Data Delay ;
+-------+------------------------------------------------------+------------------------------------------------------+--------------+-------------+--------------+------------+------------+
; 0.343 ; r4_div_controller:CONTROLLER|current_state.DIVIDE    ; r4_div_controller:CONTROLLER|current_state.DIVIDE    ; clk          ; clk         ; 0.000        ; 0.077      ; 0.577      ;
; 0.343 ; r4_div_controller:CONTROLLER|current_state.IDLE      ; r4_div_controller:CONTROLLER|current_state.IDLE      ; clk          ; clk         ; 0.000        ; 0.077      ; 0.577      ;
; 0.343 ; r4_div_controller:CONTROLLER|current_state.DONE      ; r4_div_controller:CONTROLLER|current_state.DONE      ; clk          ; clk         ; 0.000        ; 0.077      ; 0.577      ;
; 0.391 ; r4_div_datapath:DATAPATH|otfc_block:OTFC|QM[15]      ; r4_div_datapath:DATAPATH|otfc_block:OTFC|QM[17]      ; clk          ; clk         ; 0.000        ; 0.064      ; 0.612      ;
; 0.391 ; r4_div_datapath:DATAPATH|otfc_block:OTFC|QM[13]      ; r4_div_datapath:DATAPATH|otfc_block:OTFC|QM[15]      ; clk          ; clk         ; 0.000        ; 0.064      ; 0.612      ;
; 0.394 ; r4_div_datapath:DATAPATH|otfc_block:OTFC|QM[9]       ; r4_div_datapath:DATAPATH|otfc_block:OTFC|QM[11]      ; clk          ; clk         ; 0.000        ; 0.064      ; 0.615      ;
; 0.410 ; r4_div_datapath:DATAPATH|otfc_block:OTFC|QM[17]      ; r4_div_datapath:DATAPATH|otfc_block:OTFC|QM[19]      ; clk          ; clk         ; 0.000        ; 0.064      ; 0.631      ;
; 0.466 ; r4_div_datapath:DATAPATH|otfc_block:OTFC|QM[0]       ; r4_div_datapath:DATAPATH|otfc_block:OTFC|QM[2]       ; clk          ; clk         ; 0.000        ; 0.425      ; 1.048      ;
; 0.483 ; r4_div_datapath:DATAPATH|otfc_block:OTFC|Q[3]        ; r4_div_datapath:DATAPATH|otfc_block:OTFC|Q[5]        ; clk          ; clk         ; 0.000        ; 0.079      ; 0.719      ;
; 0.491 ; r4_div_datapath:DATAPATH|otfc_block:OTFC|QM[0]       ; r4_div_datapath:DATAPATH|otfc_block:OTFC|Q[2]        ; clk          ; clk         ; 0.000        ; 0.427      ; 1.075      ;
; 0.499 ; r4_div_datapath:DATAPATH|otfc_block:OTFC|Q[8]        ; r4_div_datapath:DATAPATH|otfc_block:OTFC|Q[10]       ; clk          ; clk         ; 0.000        ; 0.064      ; 0.720      ;
; 0.503 ; r4_div_datapath:DATAPATH|otfc_block:OTFC|QM[22]      ; r4_div_datapath:DATAPATH|otfc_block:OTFC|Q[24]       ; clk          ; clk         ; 0.000        ; 0.064      ; 0.724      ;
; 0.504 ; r4_div_datapath:DATAPATH|otfc_block:OTFC|QM[20]      ; r4_div_datapath:DATAPATH|otfc_block:OTFC|Q[22]       ; clk          ; clk         ; 0.000        ; 0.064      ; 0.725      ;
; 0.504 ; r4_div_datapath:DATAPATH|otfc_block:OTFC|Q[16]       ; r4_div_datapath:DATAPATH|otfc_block:OTFC|QM[18]      ; clk          ; clk         ; 0.000        ; 0.064      ; 0.725      ;
; 0.505 ; r4_div_datapath:DATAPATH|otfc_block:OTFC|QM[20]      ; r4_div_datapath:DATAPATH|otfc_block:OTFC|QM[22]      ; clk          ; clk         ; 0.000        ; 0.064      ; 0.726      ;
; 0.506 ; r4_div_datapath:DATAPATH|otfc_block:OTFC|QM[22]      ; r4_div_datapath:DATAPATH|otfc_block:OTFC|QM[24]      ; clk          ; clk         ; 0.000        ; 0.064      ; 0.727      ;
; 0.508 ; r4_div_datapath:DATAPATH|otfc_block:OTFC|Q[16]       ; r4_div_datapath:DATAPATH|otfc_block:OTFC|Q[18]       ; clk          ; clk         ; 0.000        ; 0.064      ; 0.729      ;
; 0.511 ; r4_div_datapath:DATAPATH|otfc_block:OTFC|Q[24]       ; r4_div_datapath:DATAPATH|otfc_block:OTFC|QM[26]      ; clk          ; clk         ; 0.000        ; 0.434      ; 1.102      ;
; 0.518 ; r4_div_datapath:DATAPATH|otfc_block:OTFC|Q[10]       ; r4_div_datapath:DATAPATH|otfc_block:OTFC|Q[12]       ; clk          ; clk         ; 0.000        ; 0.064      ; 0.739      ;
; 0.520 ; r4_div_datapath:DATAPATH|otfc_block:OTFC|Q[13]       ; r4_div_datapath:DATAPATH|otfc_block:OTFC|Q[15]       ; clk          ; clk         ; 0.000        ; 0.063      ; 0.740      ;
; 0.523 ; r4_div_controller:CONTROLLER|up_counter:ITR_CNT|q[4] ; r4_div_datapath:DATAPATH|register:REG_WC|q[9]        ; clk          ; clk         ; 0.000        ; 0.064      ; 0.744      ;
; 0.525 ; r4_div_controller:CONTROLLER|up_counter:ITR_CNT|q[4] ; r4_div_datapath:DATAPATH|register:REG_WC|q[0]        ; clk          ; clk         ; 0.000        ; 0.064      ; 0.746      ;
; 0.526 ; r4_div_controller:CONTROLLER|up_counter:ITR_CNT|q[4] ; r4_div_datapath:DATAPATH|register:REG_WC|q[6]        ; clk          ; clk         ; 0.000        ; 0.064      ; 0.747      ;
; 0.526 ; r4_div_controller:CONTROLLER|up_counter:ITR_CNT|q[4] ; r4_div_datapath:DATAPATH|register:REG_WC|q[12]       ; clk          ; clk         ; 0.000        ; 0.064      ; 0.747      ;
; 0.543 ; r4_div_controller:CONTROLLER|up_counter:ITR_CNT|q[4] ; r4_div_datapath:DATAPATH|register:REG_WC|q[3]        ; clk          ; clk         ; 0.000        ; 0.064      ; 0.764      ;
; 0.555 ; r4_div_datapath:DATAPATH|otfc_block:OTFC|QM[5]       ; r4_div_datapath:DATAPATH|otfc_block:OTFC|QM[7]       ; clk          ; clk         ; 0.000        ; 0.078      ; 0.790      ;
; 0.556 ; r4_div_datapath:DATAPATH|otfc_block:OTFC|QM[29]      ; r4_div_datapath:DATAPATH|otfc_block:OTFC|Q[31]       ; clk          ; clk         ; 0.000        ; 0.078      ; 0.791      ;
; 0.556 ; r4_div_datapath:DATAPATH|otfc_block:OTFC|QM[25]      ; r4_div_datapath:DATAPATH|otfc_block:OTFC|Q[27]       ; clk          ; clk         ; 0.000        ; 0.079      ; 0.792      ;
; 0.561 ; r4_div_controller:CONTROLLER|up_counter:ITR_CNT|q[4] ; r4_div_datapath:DATAPATH|register:REG_WC|q[18]       ; clk          ; clk         ; 0.000        ; 0.439      ; 1.157      ;
; 0.562 ; r4_div_controller:CONTROLLER|up_counter:ITR_CNT|q[4] ; r4_div_datapath:DATAPATH|register:REG_WC|q[17]       ; clk          ; clk         ; 0.000        ; 0.439      ; 1.158      ;
; 0.562 ; r4_div_controller:CONTROLLER|up_counter:ITR_CNT|q[4] ; r4_div_datapath:DATAPATH|register:REG_WC|q[19]       ; clk          ; clk         ; 0.000        ; 0.439      ; 1.158      ;
; 0.566 ; r4_div_datapath:DATAPATH|otfc_block:OTFC|Q[23]       ; r4_div_datapath:DATAPATH|otfc_block:OTFC|QM[25]      ; clk          ; clk         ; 0.000        ; 0.079      ; 0.802      ;
; 0.568 ; r4_div_datapath:DATAPATH|otfc_block:OTFC|Q[7]        ; r4_div_datapath:DATAPATH|otfc_block:OTFC|Q[9]        ; clk          ; clk         ; 0.000        ; 0.427      ; 1.152      ;
; 0.570 ; r4_div_datapath:DATAPATH|otfc_block:OTFC|QM[4]       ; r4_div_datapath:DATAPATH|otfc_block:OTFC|QM[6]       ; clk          ; clk         ; 0.000        ; 0.064      ; 0.791      ;
; 0.571 ; r4_div_datapath:DATAPATH|otfc_block:OTFC|QM[11]      ; r4_div_datapath:DATAPATH|otfc_block:OTFC|QM[13]      ; clk          ; clk         ; 0.000        ; 0.064      ; 0.792      ;
; 0.571 ; r4_div_datapath:DATAPATH|otfc_block:OTFC|QM[8]       ; r4_div_datapath:DATAPATH|otfc_block:OTFC|QM[10]      ; clk          ; clk         ; 0.000        ; 0.064      ; 0.792      ;
; 0.571 ; r4_div_controller:CONTROLLER|up_counter:ITR_CNT|q[2] ; r4_div_controller:CONTROLLER|up_counter:ITR_CNT|q[2] ; clk          ; clk         ; 0.000        ; 0.064      ; 0.792      ;
; 0.572 ; r4_div_datapath:DATAPATH|otfc_block:OTFC|QM[10]      ; r4_div_datapath:DATAPATH|otfc_block:OTFC|QM[12]      ; clk          ; clk         ; 0.000        ; 0.064      ; 0.793      ;
; 0.572 ; r4_div_datapath:DATAPATH|otfc_block:OTFC|QM[6]       ; r4_div_datapath:DATAPATH|otfc_block:OTFC|QM[8]       ; clk          ; clk         ; 0.000        ; 0.064      ; 0.793      ;
; 0.574 ; r4_div_datapath:DATAPATH|otfc_block:OTFC|Q[19]       ; r4_div_datapath:DATAPATH|otfc_block:OTFC|QM[21]      ; clk          ; clk         ; 0.000        ; 0.063      ; 0.794      ;
; 0.578 ; r4_div_controller:CONTROLLER|current_state.INIT      ; r4_div_controller:CONTROLLER|current_state.DIVIDE    ; clk          ; clk         ; 0.000        ; 0.077      ; 0.812      ;
; 0.578 ; r4_div_datapath:DATAPATH|otfc_block:OTFC|Q[20]       ; r4_div_datapath:DATAPATH|otfc_block:OTFC|QM[22]      ; clk          ; clk         ; 0.000        ; 0.064      ; 0.799      ;
; 0.578 ; r4_div_datapath:DATAPATH|otfc_block:OTFC|Q[22]       ; r4_div_datapath:DATAPATH|otfc_block:OTFC|QM[24]      ; clk          ; clk         ; 0.000        ; 0.064      ; 0.799      ;
; 0.579 ; r4_div_datapath:DATAPATH|register:REG_WS|q[1]        ; r4_div_datapath:DATAPATH|register:REG_WC|q[4]        ; clk          ; clk         ; 0.000        ; 0.079      ; 0.815      ;
; 0.580 ; r4_div_datapath:DATAPATH|otfc_block:OTFC|QM[18]      ; r4_div_datapath:DATAPATH|otfc_block:OTFC|Q[20]       ; clk          ; clk         ; 0.000        ; 0.064      ; 0.801      ;
; 0.581 ; r4_div_datapath:DATAPATH|otfc_block:OTFC|Q[14]       ; r4_div_datapath:DATAPATH|otfc_block:OTFC|QM[16]      ; clk          ; clk         ; 0.000        ; 0.064      ; 0.802      ;
; 0.581 ; r4_div_datapath:DATAPATH|otfc_block:OTFC|QM[16]      ; r4_div_datapath:DATAPATH|otfc_block:OTFC|Q[18]       ; clk          ; clk         ; 0.000        ; 0.064      ; 0.802      ;
; 0.582 ; r4_div_datapath:DATAPATH|otfc_block:OTFC|Q[26]       ; r4_div_datapath:DATAPATH|otfc_block:OTFC|Q[28]       ; clk          ; clk         ; 0.000        ; 0.063      ; 0.802      ;
; 0.582 ; r4_div_datapath:DATAPATH|otfc_block:OTFC|Q[26]       ; r4_div_datapath:DATAPATH|otfc_block:OTFC|QM[28]      ; clk          ; clk         ; 0.000        ; 0.063      ; 0.802      ;
; 0.585 ; r4_div_controller:CONTROLLER|current_state.IDLE      ; r4_div_controller:CONTROLLER|current_state.INIT      ; clk          ; clk         ; 0.000        ; 0.077      ; 0.819      ;
; 0.590 ; r4_div_controller:CONTROLLER|up_counter:ITR_CNT|q[0] ; r4_div_controller:CONTROLLER|up_counter:ITR_CNT|q[0] ; clk          ; clk         ; 0.000        ; 0.064      ; 0.811      ;
; 0.590 ; r4_div_datapath:DATAPATH|otfc_block:OTFC|QM[24]      ; r4_div_datapath:DATAPATH|otfc_block:OTFC|QM[26]      ; clk          ; clk         ; 0.000        ; 0.434      ; 1.181      ;
; 0.593 ; r4_div_datapath:DATAPATH|otfc_block:OTFC|Q[25]       ; r4_div_datapath:DATAPATH|otfc_block:OTFC|Q[27]       ; clk          ; clk         ; 0.000        ; 0.079      ; 0.829      ;
; 0.594 ; r4_div_datapath:DATAPATH|otfc_block:OTFC|QM[29]      ; r4_div_datapath:DATAPATH|otfc_block:OTFC|QM[31]      ; clk          ; clk         ; 0.000        ; 0.078      ; 0.829      ;
; 0.600 ; r4_div_datapath:DATAPATH|otfc_block:OTFC|QM[27]      ; r4_div_datapath:DATAPATH|otfc_block:OTFC|QM[29]      ; clk          ; clk         ; 0.000        ; 0.078      ; 0.835      ;
; 0.600 ; r4_div_controller:CONTROLLER|up_counter:ITR_CNT|q[4] ; r4_div_datapath:DATAPATH|register:REG_WC|q[11]       ; clk          ; clk         ; 0.000        ; 0.441      ; 1.198      ;
; 0.601 ; r4_div_controller:CONTROLLER|up_counter:ITR_CNT|q[4] ; r4_div_datapath:DATAPATH|register:REG_WC|q[8]        ; clk          ; clk         ; 0.000        ; 0.441      ; 1.199      ;
; 0.602 ; r4_div_datapath:DATAPATH|register:REG_D|q[0]         ; r4_div_datapath:DATAPATH|register:REG_WS|q[0]        ; clk          ; clk         ; 0.000        ; 0.107      ; 0.866      ;
; 0.603 ; r4_div_datapath:DATAPATH|otfc_block:OTFC|Q[23]       ; r4_div_datapath:DATAPATH|otfc_block:OTFC|Q[25]       ; clk          ; clk         ; 0.000        ; 0.079      ; 0.839      ;
; 0.605 ; r4_div_controller:CONTROLLER|up_counter:ITR_CNT|q[4] ; r4_div_controller:CONTROLLER|up_counter:ITR_CNT|q[4] ; clk          ; clk         ; 0.000        ; 0.064      ; 0.826      ;
; 0.607 ; r4_div_datapath:DATAPATH|register:REG_D|q[19]        ; r4_div_datapath:DATAPATH|register:REG_WS|q[19]       ; clk          ; clk         ; 0.000        ; 0.107      ; 0.871      ;
; 0.608 ; r4_div_datapath:DATAPATH|otfc_block:OTFC|Q[11]       ; r4_div_datapath:DATAPATH|otfc_block:OTFC|Q[13]       ; clk          ; clk         ; 0.000        ; 0.063      ; 0.828      ;
; 0.608 ; r4_div_datapath:DATAPATH|register:REG_D|q[15]        ; r4_div_datapath:DATAPATH|register:REG_WS|q[15]       ; clk          ; clk         ; 0.000        ; 0.107      ; 0.872      ;
; 0.608 ; r4_div_datapath:DATAPATH|register:REG_D|q[18]        ; r4_div_datapath:DATAPATH|register:REG_WS|q[18]       ; clk          ; clk         ; 0.000        ; 0.107      ; 0.872      ;
; 0.609 ; r4_div_datapath:DATAPATH|register:REG_D|q[14]        ; r4_div_datapath:DATAPATH|register:REG_WS|q[14]       ; clk          ; clk         ; 0.000        ; 0.107      ; 0.873      ;
; 0.609 ; r4_div_datapath:DATAPATH|register:REG_D|q[17]        ; r4_div_datapath:DATAPATH|register:REG_WS|q[17]       ; clk          ; clk         ; 0.000        ; 0.107      ; 0.873      ;
; 0.609 ; r4_div_datapath:DATAPATH|register:REG_D|q[21]        ; r4_div_datapath:DATAPATH|register:REG_WS|q[21]       ; clk          ; clk         ; 0.000        ; 0.107      ; 0.873      ;
; 0.609 ; r4_div_datapath:DATAPATH|register:REG_D|q[20]        ; r4_div_datapath:DATAPATH|register:REG_WS|q[20]       ; clk          ; clk         ; 0.000        ; 0.107      ; 0.873      ;
; 0.610 ; r4_div_datapath:DATAPATH|otfc_block:OTFC|Q[21]       ; r4_div_datapath:DATAPATH|otfc_block:OTFC|Q[23]       ; clk          ; clk         ; 0.000        ; 0.079      ; 0.846      ;
; 0.610 ; r4_div_datapath:DATAPATH|otfc_block:OTFC|Q[6]        ; r4_div_datapath:DATAPATH|otfc_block:OTFC|Q[8]        ; clk          ; clk         ; 0.000        ; 0.064      ; 0.831      ;
; 0.610 ; r4_div_datapath:DATAPATH|otfc_block:OTFC|Q[4]        ; r4_div_datapath:DATAPATH|otfc_block:OTFC|Q[6]        ; clk          ; clk         ; 0.000        ; 0.064      ; 0.831      ;
; 0.610 ; r4_div_datapath:DATAPATH|register:REG_D|q[13]        ; r4_div_datapath:DATAPATH|register:REG_WS|q[13]       ; clk          ; clk         ; 0.000        ; 0.107      ; 0.874      ;
; 0.610 ; r4_div_datapath:DATAPATH|register:REG_D|q[24]        ; r4_div_datapath:DATAPATH|register:REG_WS|q[24]       ; clk          ; clk         ; 0.000        ; 0.106      ; 0.873      ;
; 0.611 ; r4_div_datapath:DATAPATH|otfc_block:OTFC|QM[21]      ; r4_div_datapath:DATAPATH|otfc_block:OTFC|QM[23]      ; clk          ; clk         ; 0.000        ; 0.063      ; 0.831      ;
; 0.611 ; r4_div_datapath:DATAPATH|otfc_block:OTFC|Q[17]       ; r4_div_datapath:DATAPATH|otfc_block:OTFC|Q[19]       ; clk          ; clk         ; 0.000        ; 0.063      ; 0.831      ;
; 0.611 ; r4_div_datapath:DATAPATH|register:REG_D|q[10]        ; r4_div_datapath:DATAPATH|register:REG_WS|q[10]       ; clk          ; clk         ; 0.000        ; 0.107      ; 0.875      ;
; 0.611 ; r4_div_datapath:DATAPATH|register:REG_D|q[3]         ; r4_div_datapath:DATAPATH|register:REG_WC|q[4]        ; clk          ; clk         ; 0.000        ; 0.107      ; 0.875      ;
; 0.612 ; r4_div_datapath:DATAPATH|register:REG_D|q[25]        ; r4_div_datapath:DATAPATH|register:REG_WS|q[25]       ; clk          ; clk         ; 0.000        ; 0.106      ; 0.875      ;
; 0.615 ; r4_div_datapath:DATAPATH|otfc_block:OTFC|Q[22]       ; r4_div_datapath:DATAPATH|otfc_block:OTFC|Q[24]       ; clk          ; clk         ; 0.000        ; 0.064      ; 0.836      ;
; 0.617 ; r4_div_datapath:DATAPATH|register:REG_WC|q[29]       ; r4_div_datapath:DATAPATH|register:REG_WC|q[32]       ; clk          ; clk         ; 0.000        ; 0.431      ; 1.205      ;
; 0.618 ; r4_div_datapath:DATAPATH|otfc_block:OTFC|QM[18]      ; r4_div_datapath:DATAPATH|otfc_block:OTFC|QM[20]      ; clk          ; clk         ; 0.000        ; 0.064      ; 0.839      ;
; 0.618 ; r4_div_datapath:DATAPATH|otfc_block:OTFC|Q[14]       ; r4_div_datapath:DATAPATH|otfc_block:OTFC|Q[16]       ; clk          ; clk         ; 0.000        ; 0.064      ; 0.839      ;
; 0.618 ; r4_div_datapath:DATAPATH|otfc_block:OTFC|Q[20]       ; r4_div_datapath:DATAPATH|otfc_block:OTFC|Q[22]       ; clk          ; clk         ; 0.000        ; 0.064      ; 0.839      ;
; 0.619 ; r4_div_datapath:DATAPATH|otfc_block:OTFC|QM[16]      ; r4_div_datapath:DATAPATH|otfc_block:OTFC|QM[18]      ; clk          ; clk         ; 0.000        ; 0.064      ; 0.840      ;
; 0.622 ; r4_div_datapath:DATAPATH|register:REG_D|q[5]         ; r4_div_datapath:DATAPATH|register:REG_WS|q[5]        ; clk          ; clk         ; 0.000        ; 0.107      ; 0.886      ;
; 0.623 ; r4_div_datapath:DATAPATH|register:REG_D|q[12]        ; r4_div_datapath:DATAPATH|register:REG_WS|q[12]       ; clk          ; clk         ; 0.000        ; 0.107      ; 0.887      ;
; 0.624 ; r4_div_datapath:DATAPATH|register:REG_D|q[8]         ; r4_div_datapath:DATAPATH|register:REG_WS|q[8]        ; clk          ; clk         ; 0.000        ; 0.107      ; 0.888      ;
; 0.627 ; r4_div_datapath:DATAPATH|otfc_block:OTFC|Q[15]       ; r4_div_datapath:DATAPATH|otfc_block:OTFC|Q[17]       ; clk          ; clk         ; 0.000        ; 0.063      ; 0.847      ;
; 0.631 ; r4_div_datapath:DATAPATH|otfc_block:OTFC|QM[21]      ; r4_div_datapath:DATAPATH|otfc_block:OTFC|Q[23]       ; clk          ; clk         ; 0.000        ; 0.435      ; 1.223      ;
; 0.633 ; r4_div_datapath:DATAPATH|otfc_block:OTFC|Q[18]       ; r4_div_datapath:DATAPATH|otfc_block:OTFC|QM[20]      ; clk          ; clk         ; 0.000        ; 0.064      ; 0.854      ;
; 0.635 ; r4_div_datapath:DATAPATH|otfc_block:OTFC|QM[23]      ; r4_div_datapath:DATAPATH|otfc_block:OTFC|Q[25]       ; clk          ; clk         ; 0.000        ; 0.435      ; 1.227      ;
; 0.638 ; r4_div_datapath:DATAPATH|otfc_block:OTFC|Q[18]       ; r4_div_datapath:DATAPATH|otfc_block:OTFC|Q[20]       ; clk          ; clk         ; 0.000        ; 0.064      ; 0.859      ;
; 0.641 ; r4_div_datapath:DATAPATH|otfc_block:OTFC|QM[19]      ; r4_div_datapath:DATAPATH|otfc_block:OTFC|Q[21]       ; clk          ; clk         ; 0.000        ; 0.434      ; 1.232      ;
; 0.645 ; r4_div_datapath:DATAPATH|register:REG_D|q[9]         ; r4_div_datapath:DATAPATH|register:REG_WS|q[9]        ; clk          ; clk         ; 0.000        ; 0.430      ; 1.232      ;
; 0.652 ; r4_div_datapath:DATAPATH|otfc_block:OTFC|QM[17]      ; r4_div_datapath:DATAPATH|otfc_block:OTFC|Q[19]       ; clk          ; clk         ; 0.000        ; 0.062      ; 0.871      ;
; 0.657 ; r4_div_datapath:DATAPATH|register:REG_WS|q[30]       ; r4_div_datapath:DATAPATH|register:REG_WC|q[33]       ; clk          ; clk         ; 0.000        ; 0.431      ; 1.245      ;
; 0.657 ; r4_div_datapath:DATAPATH|otfc_block:OTFC|QM[14]      ; r4_div_datapath:DATAPATH|otfc_block:OTFC|Q[16]       ; clk          ; clk         ; 0.000        ; 0.064      ; 0.878      ;
; 0.658 ; r4_div_datapath:DATAPATH|otfc_block:OTFC|QM[14]      ; r4_div_datapath:DATAPATH|otfc_block:OTFC|QM[16]      ; clk          ; clk         ; 0.000        ; 0.064      ; 0.879      ;
; 0.664 ; r4_div_datapath:DATAPATH|otfc_block:OTFC|QM[15]      ; r4_div_datapath:DATAPATH|otfc_block:OTFC|Q[17]       ; clk          ; clk         ; 0.000        ; 0.062      ; 0.883      ;
; 0.668 ; r4_div_datapath:DATAPATH|otfc_block:OTFC|Q[12]       ; r4_div_datapath:DATAPATH|otfc_block:OTFC|QM[14]      ; clk          ; clk         ; 0.000        ; 0.067      ; 0.892      ;
+-------+------------------------------------------------------+------------------------------------------------------+--------------+-------------+--------------+------------+------------+


-----------------------------------------------
; Slow 1200mV 85C Model Metastability Summary ;
-----------------------------------------------
No synchronizer chains to report.


+--------------------------------------------------+
; Slow 1200mV 0C Model Fmax Summary                ;
+------------+-----------------+------------+------+
; Fmax       ; Restricted Fmax ; Clock Name ; Note ;
+------------+-----------------+------------+------+
; 157.63 MHz ; 157.63 MHz      ; clk        ;      ;
+------------+-----------------+------------+------+
This panel reports FMAX for every clock in the design, regardless of the user-specified clock periods.  FMAX is only computed for paths where the source and destination registers or ports are driven by the same clock.  Paths of different clocks, including generated clocks, are ignored.  For paths between a clock and its inversion, FMAX is computed as if the rising and falling edges are scaled along with FMAX, such that the duty cycle (in terms of a percentage) is maintained. Altera recommends that you always use clock constraints and other slack reports for sign-off analysis.


+------------------------------------+
; Slow 1200mV 0C Model Setup Summary ;
+-------+--------+-------------------+
; Clock ; Slack  ; End Point TNS     ;
+-------+--------+-------------------+
; clk   ; -5.344 ; -671.267          ;
+-------+--------+-------------------+


+-----------------------------------+
; Slow 1200mV 0C Model Hold Summary ;
+-------+-------+-------------------+
; Clock ; Slack ; End Point TNS     ;
+-------+-------+-------------------+
; clk   ; 0.298 ; 0.000             ;
+-------+-------+-------------------+


-----------------------------------------
; Slow 1200mV 0C Model Recovery Summary ;
-----------------------------------------
No paths to report.


----------------------------------------
; Slow 1200mV 0C Model Removal Summary ;
----------------------------------------
No paths to report.


+--------------------------------------------------+
; Slow 1200mV 0C Model Minimum Pulse Width Summary ;
+-------+--------+---------------------------------+
; Clock ; Slack  ; End Point TNS                   ;
+-------+--------+---------------------------------+
; clk   ; -3.000 ; -176.000                        ;
+-------+--------+---------------------------------+


+---------------------------------------------------------------------------------------------------------------------------------------------------------------------------------+
; Slow 1200mV 0C Model Setup: 'clk'                                                                                                                                               ;
+--------+------------------------------------------------+-------------------------------------------------+--------------+-------------+--------------+------------+------------+
; Slack  ; From Node                                      ; To Node                                         ; Launch Clock ; Latch Clock ; Relationship ; Clock Skew ; Data Delay ;
+--------+------------------------------------------------+-------------------------------------------------+--------------+-------------+--------------+------------+------------+
; -5.344 ; r4_div_datapath:DATAPATH|register:REG_WC|q[27] ; r4_div_datapath:DATAPATH|otfc_block:OTFC|QM[19] ; clk          ; clk         ; 1.000        ; -0.064     ; 6.275      ;
; -5.344 ; r4_div_datapath:DATAPATH|register:REG_WC|q[27] ; r4_div_datapath:DATAPATH|otfc_block:OTFC|QM[17] ; clk          ; clk         ; 1.000        ; -0.064     ; 6.275      ;
; -5.344 ; r4_div_datapath:DATAPATH|register:REG_WC|q[27] ; r4_div_datapath:DATAPATH|otfc_block:OTFC|QM[15] ; clk          ; clk         ; 1.000        ; -0.064     ; 6.275      ;
; -5.344 ; r4_div_datapath:DATAPATH|register:REG_WC|q[27] ; r4_div_datapath:DATAPATH|otfc_block:OTFC|QM[13] ; clk          ; clk         ; 1.000        ; -0.064     ; 6.275      ;
; -5.344 ; r4_div_datapath:DATAPATH|register:REG_WC|q[27] ; r4_div_datapath:DATAPATH|otfc_block:OTFC|QM[12] ; clk          ; clk         ; 1.000        ; -0.064     ; 6.275      ;
; -5.344 ; r4_div_datapath:DATAPATH|register:REG_WC|q[27] ; r4_div_datapath:DATAPATH|otfc_block:OTFC|QM[11] ; clk          ; clk         ; 1.000        ; -0.064     ; 6.275      ;
; -5.344 ; r4_div_datapath:DATAPATH|register:REG_WC|q[27] ; r4_div_datapath:DATAPATH|otfc_block:OTFC|QM[10] ; clk          ; clk         ; 1.000        ; -0.064     ; 6.275      ;
; -5.344 ; r4_div_datapath:DATAPATH|register:REG_WC|q[27] ; r4_div_datapath:DATAPATH|otfc_block:OTFC|QM[9]  ; clk          ; clk         ; 1.000        ; -0.064     ; 6.275      ;
; -5.344 ; r4_div_datapath:DATAPATH|register:REG_WC|q[27] ; r4_div_datapath:DATAPATH|otfc_block:OTFC|QM[8]  ; clk          ; clk         ; 1.000        ; -0.064     ; 6.275      ;
; -5.344 ; r4_div_datapath:DATAPATH|register:REG_WC|q[27] ; r4_div_datapath:DATAPATH|otfc_block:OTFC|QM[6]  ; clk          ; clk         ; 1.000        ; -0.064     ; 6.275      ;
; -5.344 ; r4_div_datapath:DATAPATH|register:REG_WC|q[27] ; r4_div_datapath:DATAPATH|otfc_block:OTFC|QM[4]  ; clk          ; clk         ; 1.000        ; -0.064     ; 6.275      ;
; -5.342 ; r4_div_datapath:DATAPATH|register:REG_WS|q[26] ; r4_div_datapath:DATAPATH|register:REG_WC|q[12]  ; clk          ; clk         ; 1.000        ; -0.055     ; 6.282      ;
; -5.336 ; r4_div_datapath:DATAPATH|register:REG_WC|q[27] ; r4_div_datapath:DATAPATH|otfc_block:OTFC|QM[23] ; clk          ; clk         ; 1.000        ; -0.066     ; 6.265      ;
; -5.336 ; r4_div_datapath:DATAPATH|register:REG_WC|q[27] ; r4_div_datapath:DATAPATH|otfc_block:OTFC|QM[21] ; clk          ; clk         ; 1.000        ; -0.066     ; 6.265      ;
; -5.336 ; r4_div_datapath:DATAPATH|register:REG_WC|q[27] ; r4_div_datapath:DATAPATH|otfc_block:OTFC|Q[19]  ; clk          ; clk         ; 1.000        ; -0.066     ; 6.265      ;
; -5.336 ; r4_div_datapath:DATAPATH|register:REG_WC|q[27] ; r4_div_datapath:DATAPATH|otfc_block:OTFC|Q[17]  ; clk          ; clk         ; 1.000        ; -0.066     ; 6.265      ;
; -5.336 ; r4_div_datapath:DATAPATH|register:REG_WC|q[27] ; r4_div_datapath:DATAPATH|otfc_block:OTFC|Q[15]  ; clk          ; clk         ; 1.000        ; -0.066     ; 6.265      ;
; -5.336 ; r4_div_datapath:DATAPATH|register:REG_WC|q[27] ; r4_div_datapath:DATAPATH|otfc_block:OTFC|Q[13]  ; clk          ; clk         ; 1.000        ; -0.066     ; 6.265      ;
; -5.336 ; r4_div_datapath:DATAPATH|register:REG_WC|q[27] ; r4_div_datapath:DATAPATH|otfc_block:OTFC|Q[11]  ; clk          ; clk         ; 1.000        ; -0.066     ; 6.265      ;
; -5.325 ; r4_div_datapath:DATAPATH|register:REG_WS|q[27] ; r4_div_datapath:DATAPATH|otfc_block:OTFC|QM[19] ; clk          ; clk         ; 1.000        ; -0.064     ; 6.256      ;
; -5.325 ; r4_div_datapath:DATAPATH|register:REG_WS|q[27] ; r4_div_datapath:DATAPATH|otfc_block:OTFC|QM[17] ; clk          ; clk         ; 1.000        ; -0.064     ; 6.256      ;
; -5.325 ; r4_div_datapath:DATAPATH|register:REG_WS|q[27] ; r4_div_datapath:DATAPATH|otfc_block:OTFC|QM[15] ; clk          ; clk         ; 1.000        ; -0.064     ; 6.256      ;
; -5.325 ; r4_div_datapath:DATAPATH|register:REG_WS|q[27] ; r4_div_datapath:DATAPATH|otfc_block:OTFC|QM[13] ; clk          ; clk         ; 1.000        ; -0.064     ; 6.256      ;
; -5.325 ; r4_div_datapath:DATAPATH|register:REG_WS|q[27] ; r4_div_datapath:DATAPATH|otfc_block:OTFC|QM[12] ; clk          ; clk         ; 1.000        ; -0.064     ; 6.256      ;
; -5.325 ; r4_div_datapath:DATAPATH|register:REG_WS|q[27] ; r4_div_datapath:DATAPATH|otfc_block:OTFC|QM[11] ; clk          ; clk         ; 1.000        ; -0.064     ; 6.256      ;
; -5.325 ; r4_div_datapath:DATAPATH|register:REG_WS|q[27] ; r4_div_datapath:DATAPATH|otfc_block:OTFC|QM[10] ; clk          ; clk         ; 1.000        ; -0.064     ; 6.256      ;
; -5.325 ; r4_div_datapath:DATAPATH|register:REG_WS|q[27] ; r4_div_datapath:DATAPATH|otfc_block:OTFC|QM[9]  ; clk          ; clk         ; 1.000        ; -0.064     ; 6.256      ;
; -5.325 ; r4_div_datapath:DATAPATH|register:REG_WS|q[27] ; r4_div_datapath:DATAPATH|otfc_block:OTFC|QM[8]  ; clk          ; clk         ; 1.000        ; -0.064     ; 6.256      ;
; -5.325 ; r4_div_datapath:DATAPATH|register:REG_WS|q[27] ; r4_div_datapath:DATAPATH|otfc_block:OTFC|QM[6]  ; clk          ; clk         ; 1.000        ; -0.064     ; 6.256      ;
; -5.325 ; r4_div_datapath:DATAPATH|register:REG_WS|q[27] ; r4_div_datapath:DATAPATH|otfc_block:OTFC|QM[4]  ; clk          ; clk         ; 1.000        ; -0.064     ; 6.256      ;
; -5.323 ; r4_div_datapath:DATAPATH|register:REG_WS|q[26] ; r4_div_datapath:DATAPATH|register:REG_WC|q[9]   ; clk          ; clk         ; 1.000        ; -0.055     ; 6.263      ;
; -5.323 ; r4_div_datapath:DATAPATH|register:REG_WC|q[27] ; r4_div_datapath:DATAPATH|register:REG_WC|q[12]  ; clk          ; clk         ; 1.000        ; -0.055     ; 6.263      ;
; -5.317 ; r4_div_datapath:DATAPATH|register:REG_WS|q[27] ; r4_div_datapath:DATAPATH|otfc_block:OTFC|QM[23] ; clk          ; clk         ; 1.000        ; -0.066     ; 6.246      ;
; -5.317 ; r4_div_datapath:DATAPATH|register:REG_WS|q[27] ; r4_div_datapath:DATAPATH|otfc_block:OTFC|QM[21] ; clk          ; clk         ; 1.000        ; -0.066     ; 6.246      ;
; -5.317 ; r4_div_datapath:DATAPATH|register:REG_WS|q[27] ; r4_div_datapath:DATAPATH|otfc_block:OTFC|Q[19]  ; clk          ; clk         ; 1.000        ; -0.066     ; 6.246      ;
; -5.317 ; r4_div_datapath:DATAPATH|register:REG_WS|q[27] ; r4_div_datapath:DATAPATH|otfc_block:OTFC|Q[17]  ; clk          ; clk         ; 1.000        ; -0.066     ; 6.246      ;
; -5.317 ; r4_div_datapath:DATAPATH|register:REG_WS|q[27] ; r4_div_datapath:DATAPATH|otfc_block:OTFC|Q[15]  ; clk          ; clk         ; 1.000        ; -0.066     ; 6.246      ;
; -5.317 ; r4_div_datapath:DATAPATH|register:REG_WS|q[27] ; r4_div_datapath:DATAPATH|otfc_block:OTFC|Q[13]  ; clk          ; clk         ; 1.000        ; -0.066     ; 6.246      ;
; -5.317 ; r4_div_datapath:DATAPATH|register:REG_WS|q[27] ; r4_div_datapath:DATAPATH|otfc_block:OTFC|Q[11]  ; clk          ; clk         ; 1.000        ; -0.066     ; 6.246      ;
; -5.304 ; r4_div_datapath:DATAPATH|register:REG_WS|q[27] ; r4_div_datapath:DATAPATH|register:REG_WC|q[12]  ; clk          ; clk         ; 1.000        ; -0.055     ; 6.244      ;
; -5.304 ; r4_div_datapath:DATAPATH|register:REG_WC|q[27] ; r4_div_datapath:DATAPATH|register:REG_WC|q[9]   ; clk          ; clk         ; 1.000        ; -0.055     ; 6.244      ;
; -5.303 ; r4_div_datapath:DATAPATH|register:REG_WS|q[28] ; r4_div_datapath:DATAPATH|register:REG_WC|q[12]  ; clk          ; clk         ; 1.000        ; -0.056     ; 6.242      ;
; -5.295 ; r4_div_datapath:DATAPATH|register:REG_WC|q[28] ; r4_div_datapath:DATAPATH|register:REG_WC|q[12]  ; clk          ; clk         ; 1.000        ; -0.055     ; 6.235      ;
; -5.289 ; r4_div_datapath:DATAPATH|register:REG_WS|q[26] ; r4_div_datapath:DATAPATH|register:REG_WC|q[3]   ; clk          ; clk         ; 1.000        ; -0.055     ; 6.229      ;
; -5.285 ; r4_div_datapath:DATAPATH|register:REG_WS|q[27] ; r4_div_datapath:DATAPATH|register:REG_WC|q[9]   ; clk          ; clk         ; 1.000        ; -0.055     ; 6.225      ;
; -5.284 ; r4_div_datapath:DATAPATH|register:REG_WS|q[28] ; r4_div_datapath:DATAPATH|register:REG_WC|q[9]   ; clk          ; clk         ; 1.000        ; -0.056     ; 6.223      ;
; -5.278 ; r4_div_datapath:DATAPATH|register:REG_WC|q[27] ; r4_div_datapath:DATAPATH|otfc_block:OTFC|Q[30]  ; clk          ; clk         ; 1.000        ; -0.056     ; 6.217      ;
; -5.278 ; r4_div_datapath:DATAPATH|register:REG_WC|q[27] ; r4_div_datapath:DATAPATH|otfc_block:OTFC|QM[30] ; clk          ; clk         ; 1.000        ; -0.056     ; 6.217      ;
; -5.276 ; r4_div_datapath:DATAPATH|register:REG_WC|q[28] ; r4_div_datapath:DATAPATH|register:REG_WC|q[9]   ; clk          ; clk         ; 1.000        ; -0.055     ; 6.216      ;
; -5.275 ; r4_div_datapath:DATAPATH|register:REG_WS|q[26] ; r4_div_datapath:DATAPATH|register:REG_WC|q[29]  ; clk          ; clk         ; 1.000        ; -0.056     ; 6.214      ;
; -5.271 ; r4_div_datapath:DATAPATH|register:REG_WS|q[26] ; r4_div_datapath:DATAPATH|otfc_block:OTFC|QM[30] ; clk          ; clk         ; 1.000        ; -0.056     ; 6.210      ;
; -5.270 ; r4_div_datapath:DATAPATH|register:REG_WS|q[26] ; r4_div_datapath:DATAPATH|register:REG_WC|q[26]  ; clk          ; clk         ; 1.000        ; -0.056     ; 6.209      ;
; -5.270 ; r4_div_datapath:DATAPATH|register:REG_WC|q[27] ; r4_div_datapath:DATAPATH|register:REG_WC|q[3]   ; clk          ; clk         ; 1.000        ; -0.055     ; 6.210      ;
; -5.259 ; r4_div_datapath:DATAPATH|register:REG_WS|q[26] ; r4_div_datapath:DATAPATH|otfc_block:OTFC|QM[19] ; clk          ; clk         ; 1.000        ; -0.064     ; 6.190      ;
; -5.259 ; r4_div_datapath:DATAPATH|register:REG_WS|q[26] ; r4_div_datapath:DATAPATH|otfc_block:OTFC|QM[17] ; clk          ; clk         ; 1.000        ; -0.064     ; 6.190      ;
; -5.259 ; r4_div_datapath:DATAPATH|register:REG_WS|q[26] ; r4_div_datapath:DATAPATH|otfc_block:OTFC|QM[15] ; clk          ; clk         ; 1.000        ; -0.064     ; 6.190      ;
; -5.259 ; r4_div_datapath:DATAPATH|register:REG_WS|q[26] ; r4_div_datapath:DATAPATH|otfc_block:OTFC|QM[13] ; clk          ; clk         ; 1.000        ; -0.064     ; 6.190      ;
; -5.259 ; r4_div_datapath:DATAPATH|register:REG_WS|q[26] ; r4_div_datapath:DATAPATH|otfc_block:OTFC|QM[12] ; clk          ; clk         ; 1.000        ; -0.064     ; 6.190      ;
; -5.259 ; r4_div_datapath:DATAPATH|register:REG_WS|q[26] ; r4_div_datapath:DATAPATH|otfc_block:OTFC|QM[11] ; clk          ; clk         ; 1.000        ; -0.064     ; 6.190      ;
; -5.259 ; r4_div_datapath:DATAPATH|register:REG_WS|q[26] ; r4_div_datapath:DATAPATH|otfc_block:OTFC|QM[10] ; clk          ; clk         ; 1.000        ; -0.064     ; 6.190      ;
; -5.259 ; r4_div_datapath:DATAPATH|register:REG_WS|q[26] ; r4_div_datapath:DATAPATH|otfc_block:OTFC|QM[9]  ; clk          ; clk         ; 1.000        ; -0.064     ; 6.190      ;
; -5.259 ; r4_div_datapath:DATAPATH|register:REG_WS|q[26] ; r4_div_datapath:DATAPATH|otfc_block:OTFC|QM[8]  ; clk          ; clk         ; 1.000        ; -0.064     ; 6.190      ;
; -5.259 ; r4_div_datapath:DATAPATH|register:REG_WS|q[26] ; r4_div_datapath:DATAPATH|otfc_block:OTFC|QM[6]  ; clk          ; clk         ; 1.000        ; -0.064     ; 6.190      ;
; -5.259 ; r4_div_datapath:DATAPATH|register:REG_WS|q[26] ; r4_div_datapath:DATAPATH|otfc_block:OTFC|QM[4]  ; clk          ; clk         ; 1.000        ; -0.064     ; 6.190      ;
; -5.259 ; r4_div_datapath:DATAPATH|register:REG_WS|q[27] ; r4_div_datapath:DATAPATH|otfc_block:OTFC|Q[30]  ; clk          ; clk         ; 1.000        ; -0.056     ; 6.198      ;
; -5.259 ; r4_div_datapath:DATAPATH|register:REG_WS|q[27] ; r4_div_datapath:DATAPATH|otfc_block:OTFC|QM[30] ; clk          ; clk         ; 1.000        ; -0.056     ; 6.198      ;
; -5.254 ; r4_div_datapath:DATAPATH|register:REG_WC|q[27] ; r4_div_datapath:DATAPATH|register:REG_WC|q[29]  ; clk          ; clk         ; 1.000        ; -0.056     ; 6.193      ;
; -5.251 ; r4_div_datapath:DATAPATH|register:REG_WS|q[26] ; r4_div_datapath:DATAPATH|otfc_block:OTFC|QM[23] ; clk          ; clk         ; 1.000        ; -0.066     ; 6.180      ;
; -5.251 ; r4_div_datapath:DATAPATH|register:REG_WS|q[26] ; r4_div_datapath:DATAPATH|otfc_block:OTFC|QM[21] ; clk          ; clk         ; 1.000        ; -0.066     ; 6.180      ;
; -5.251 ; r4_div_datapath:DATAPATH|register:REG_WS|q[26] ; r4_div_datapath:DATAPATH|otfc_block:OTFC|Q[19]  ; clk          ; clk         ; 1.000        ; -0.066     ; 6.180      ;
; -5.251 ; r4_div_datapath:DATAPATH|register:REG_WS|q[26] ; r4_div_datapath:DATAPATH|otfc_block:OTFC|Q[17]  ; clk          ; clk         ; 1.000        ; -0.066     ; 6.180      ;
; -5.251 ; r4_div_datapath:DATAPATH|register:REG_WS|q[26] ; r4_div_datapath:DATAPATH|otfc_block:OTFC|Q[15]  ; clk          ; clk         ; 1.000        ; -0.066     ; 6.180      ;
; -5.251 ; r4_div_datapath:DATAPATH|register:REG_WS|q[26] ; r4_div_datapath:DATAPATH|otfc_block:OTFC|Q[13]  ; clk          ; clk         ; 1.000        ; -0.066     ; 6.180      ;
; -5.251 ; r4_div_datapath:DATAPATH|register:REG_WS|q[26] ; r4_div_datapath:DATAPATH|otfc_block:OTFC|Q[11]  ; clk          ; clk         ; 1.000        ; -0.066     ; 6.180      ;
; -5.251 ; r4_div_datapath:DATAPATH|register:REG_WS|q[27] ; r4_div_datapath:DATAPATH|register:REG_WC|q[3]   ; clk          ; clk         ; 1.000        ; -0.055     ; 6.191      ;
; -5.250 ; r4_div_datapath:DATAPATH|register:REG_WS|q[28] ; r4_div_datapath:DATAPATH|register:REG_WC|q[3]   ; clk          ; clk         ; 1.000        ; -0.056     ; 6.189      ;
; -5.250 ; r4_div_datapath:DATAPATH|register:REG_WC|q[27] ; r4_div_datapath:DATAPATH|register:REG_WC|q[26]  ; clk          ; clk         ; 1.000        ; -0.056     ; 6.189      ;
; -5.242 ; r4_div_datapath:DATAPATH|register:REG_WC|q[28] ; r4_div_datapath:DATAPATH|register:REG_WC|q[3]   ; clk          ; clk         ; 1.000        ; -0.055     ; 6.182      ;
; -5.236 ; r4_div_datapath:DATAPATH|register:REG_WS|q[28] ; r4_div_datapath:DATAPATH|register:REG_WC|q[29]  ; clk          ; clk         ; 1.000        ; -0.057     ; 6.174      ;
; -5.235 ; r4_div_datapath:DATAPATH|register:REG_WS|q[27] ; r4_div_datapath:DATAPATH|register:REG_WC|q[29]  ; clk          ; clk         ; 1.000        ; -0.056     ; 6.174      ;
; -5.232 ; r4_div_datapath:DATAPATH|register:REG_WS|q[28] ; r4_div_datapath:DATAPATH|otfc_block:OTFC|QM[30] ; clk          ; clk         ; 1.000        ; -0.057     ; 6.170      ;
; -5.231 ; r4_div_datapath:DATAPATH|register:REG_WS|q[28] ; r4_div_datapath:DATAPATH|register:REG_WC|q[26]  ; clk          ; clk         ; 1.000        ; -0.057     ; 6.169      ;
; -5.231 ; r4_div_datapath:DATAPATH|register:REG_WS|q[27] ; r4_div_datapath:DATAPATH|register:REG_WC|q[26]  ; clk          ; clk         ; 1.000        ; -0.056     ; 6.170      ;
; -5.228 ; r4_div_datapath:DATAPATH|register:REG_WC|q[28] ; r4_div_datapath:DATAPATH|register:REG_WC|q[29]  ; clk          ; clk         ; 1.000        ; -0.056     ; 6.167      ;
; -5.224 ; r4_div_datapath:DATAPATH|register:REG_WC|q[28] ; r4_div_datapath:DATAPATH|otfc_block:OTFC|QM[30] ; clk          ; clk         ; 1.000        ; -0.056     ; 6.163      ;
; -5.223 ; r4_div_datapath:DATAPATH|register:REG_WC|q[28] ; r4_div_datapath:DATAPATH|register:REG_WC|q[26]  ; clk          ; clk         ; 1.000        ; -0.056     ; 6.162      ;
; -5.220 ; r4_div_datapath:DATAPATH|register:REG_WS|q[28] ; r4_div_datapath:DATAPATH|otfc_block:OTFC|QM[19] ; clk          ; clk         ; 1.000        ; -0.065     ; 6.150      ;
; -5.220 ; r4_div_datapath:DATAPATH|register:REG_WS|q[28] ; r4_div_datapath:DATAPATH|otfc_block:OTFC|QM[17] ; clk          ; clk         ; 1.000        ; -0.065     ; 6.150      ;
; -5.220 ; r4_div_datapath:DATAPATH|register:REG_WS|q[28] ; r4_div_datapath:DATAPATH|otfc_block:OTFC|QM[15] ; clk          ; clk         ; 1.000        ; -0.065     ; 6.150      ;
; -5.220 ; r4_div_datapath:DATAPATH|register:REG_WS|q[28] ; r4_div_datapath:DATAPATH|otfc_block:OTFC|QM[13] ; clk          ; clk         ; 1.000        ; -0.065     ; 6.150      ;
; -5.220 ; r4_div_datapath:DATAPATH|register:REG_WS|q[28] ; r4_div_datapath:DATAPATH|otfc_block:OTFC|QM[12] ; clk          ; clk         ; 1.000        ; -0.065     ; 6.150      ;
; -5.220 ; r4_div_datapath:DATAPATH|register:REG_WS|q[28] ; r4_div_datapath:DATAPATH|otfc_block:OTFC|QM[11] ; clk          ; clk         ; 1.000        ; -0.065     ; 6.150      ;
; -5.220 ; r4_div_datapath:DATAPATH|register:REG_WS|q[28] ; r4_div_datapath:DATAPATH|otfc_block:OTFC|QM[10] ; clk          ; clk         ; 1.000        ; -0.065     ; 6.150      ;
; -5.220 ; r4_div_datapath:DATAPATH|register:REG_WS|q[28] ; r4_div_datapath:DATAPATH|otfc_block:OTFC|QM[9]  ; clk          ; clk         ; 1.000        ; -0.065     ; 6.150      ;
; -5.220 ; r4_div_datapath:DATAPATH|register:REG_WS|q[28] ; r4_div_datapath:DATAPATH|otfc_block:OTFC|QM[8]  ; clk          ; clk         ; 1.000        ; -0.065     ; 6.150      ;
; -5.220 ; r4_div_datapath:DATAPATH|register:REG_WS|q[28] ; r4_div_datapath:DATAPATH|otfc_block:OTFC|QM[6]  ; clk          ; clk         ; 1.000        ; -0.065     ; 6.150      ;
; -5.220 ; r4_div_datapath:DATAPATH|register:REG_WS|q[28] ; r4_div_datapath:DATAPATH|otfc_block:OTFC|QM[4]  ; clk          ; clk         ; 1.000        ; -0.065     ; 6.150      ;
; -5.217 ; r4_div_datapath:DATAPATH|register:REG_WC|q[26] ; r4_div_datapath:DATAPATH|register:REG_WC|q[12]  ; clk          ; clk         ; 1.000        ; -0.055     ; 6.157      ;
; -5.212 ; r4_div_datapath:DATAPATH|register:REG_WC|q[28] ; r4_div_datapath:DATAPATH|otfc_block:OTFC|QM[19] ; clk          ; clk         ; 1.000        ; -0.064     ; 6.143      ;
; -5.212 ; r4_div_datapath:DATAPATH|register:REG_WC|q[28] ; r4_div_datapath:DATAPATH|otfc_block:OTFC|QM[17] ; clk          ; clk         ; 1.000        ; -0.064     ; 6.143      ;
+--------+------------------------------------------------+-------------------------------------------------+--------------+-------------+--------------+------------+------------+


+-------------------------------------------------------------------------------------------------------------------------------------------------------------------------------------------+
; Slow 1200mV 0C Model Hold: 'clk'                                                                                                                                                          ;
+-------+------------------------------------------------------+------------------------------------------------------+--------------+-------------+--------------+------------+------------+
; Slack ; From Node                                            ; To Node                                              ; Launch Clock ; Latch Clock ; Relationship ; Clock Skew ; Data Delay ;
+-------+------------------------------------------------------+------------------------------------------------------+--------------+-------------+--------------+------------+------------+
; 0.298 ; r4_div_controller:CONTROLLER|current_state.DIVIDE    ; r4_div_controller:CONTROLLER|current_state.DIVIDE    ; clk          ; clk         ; 0.000        ; 0.069      ; 0.511      ;
; 0.298 ; r4_div_controller:CONTROLLER|current_state.IDLE      ; r4_div_controller:CONTROLLER|current_state.IDLE      ; clk          ; clk         ; 0.000        ; 0.069      ; 0.511      ;
; 0.298 ; r4_div_controller:CONTROLLER|current_state.DONE      ; r4_div_controller:CONTROLLER|current_state.DONE      ; clk          ; clk         ; 0.000        ; 0.069      ; 0.511      ;
; 0.355 ; r4_div_datapath:DATAPATH|otfc_block:OTFC|QM[15]      ; r4_div_datapath:DATAPATH|otfc_block:OTFC|QM[17]      ; clk          ; clk         ; 0.000        ; 0.056      ; 0.555      ;
; 0.356 ; r4_div_datapath:DATAPATH|otfc_block:OTFC|QM[13]      ; r4_div_datapath:DATAPATH|otfc_block:OTFC|QM[15]      ; clk          ; clk         ; 0.000        ; 0.056      ; 0.556      ;
; 0.358 ; r4_div_datapath:DATAPATH|otfc_block:OTFC|QM[9]       ; r4_div_datapath:DATAPATH|otfc_block:OTFC|QM[11]      ; clk          ; clk         ; 0.000        ; 0.056      ; 0.558      ;
; 0.373 ; r4_div_datapath:DATAPATH|otfc_block:OTFC|QM[17]      ; r4_div_datapath:DATAPATH|otfc_block:OTFC|QM[19]      ; clk          ; clk         ; 0.000        ; 0.056      ; 0.573      ;
; 0.433 ; r4_div_datapath:DATAPATH|otfc_block:OTFC|QM[0]       ; r4_div_datapath:DATAPATH|otfc_block:OTFC|QM[2]       ; clk          ; clk         ; 0.000        ; 0.386      ; 0.963      ;
; 0.437 ; r4_div_datapath:DATAPATH|otfc_block:OTFC|Q[3]        ; r4_div_datapath:DATAPATH|otfc_block:OTFC|Q[5]        ; clk          ; clk         ; 0.000        ; 0.070      ; 0.651      ;
; 0.451 ; r4_div_datapath:DATAPATH|otfc_block:OTFC|Q[8]        ; r4_div_datapath:DATAPATH|otfc_block:OTFC|Q[10]       ; clk          ; clk         ; 0.000        ; 0.056      ; 0.651      ;
; 0.453 ; r4_div_datapath:DATAPATH|otfc_block:OTFC|QM[22]      ; r4_div_datapath:DATAPATH|otfc_block:OTFC|Q[24]       ; clk          ; clk         ; 0.000        ; 0.057      ; 0.654      ;
; 0.454 ; r4_div_datapath:DATAPATH|otfc_block:OTFC|QM[20]      ; r4_div_datapath:DATAPATH|otfc_block:OTFC|Q[22]       ; clk          ; clk         ; 0.000        ; 0.057      ; 0.655      ;
; 0.454 ; r4_div_datapath:DATAPATH|otfc_block:OTFC|Q[16]       ; r4_div_datapath:DATAPATH|otfc_block:OTFC|QM[18]      ; clk          ; clk         ; 0.000        ; 0.057      ; 0.655      ;
; 0.455 ; r4_div_datapath:DATAPATH|otfc_block:OTFC|QM[22]      ; r4_div_datapath:DATAPATH|otfc_block:OTFC|QM[24]      ; clk          ; clk         ; 0.000        ; 0.057      ; 0.656      ;
; 0.455 ; r4_div_datapath:DATAPATH|otfc_block:OTFC|QM[20]      ; r4_div_datapath:DATAPATH|otfc_block:OTFC|QM[22]      ; clk          ; clk         ; 0.000        ; 0.057      ; 0.656      ;
; 0.457 ; r4_div_datapath:DATAPATH|otfc_block:OTFC|Q[16]       ; r4_div_datapath:DATAPATH|otfc_block:OTFC|Q[18]       ; clk          ; clk         ; 0.000        ; 0.057      ; 0.658      ;
; 0.458 ; r4_div_datapath:DATAPATH|otfc_block:OTFC|QM[0]       ; r4_div_datapath:DATAPATH|otfc_block:OTFC|Q[2]        ; clk          ; clk         ; 0.000        ; 0.388      ; 0.990      ;
; 0.461 ; r4_div_controller:CONTROLLER|up_counter:ITR_CNT|q[4] ; r4_div_datapath:DATAPATH|register:REG_WC|q[0]        ; clk          ; clk         ; 0.000        ; 0.057      ; 0.662      ;
; 0.462 ; r4_div_controller:CONTROLLER|up_counter:ITR_CNT|q[4] ; r4_div_datapath:DATAPATH|register:REG_WC|q[9]        ; clk          ; clk         ; 0.000        ; 0.057      ; 0.663      ;
; 0.464 ; r4_div_controller:CONTROLLER|up_counter:ITR_CNT|q[4] ; r4_div_datapath:DATAPATH|register:REG_WC|q[6]        ; clk          ; clk         ; 0.000        ; 0.057      ; 0.665      ;
; 0.464 ; r4_div_controller:CONTROLLER|up_counter:ITR_CNT|q[4] ; r4_div_datapath:DATAPATH|register:REG_WC|q[12]       ; clk          ; clk         ; 0.000        ; 0.057      ; 0.665      ;
; 0.468 ; r4_div_datapath:DATAPATH|otfc_block:OTFC|Q[10]       ; r4_div_datapath:DATAPATH|otfc_block:OTFC|Q[12]       ; clk          ; clk         ; 0.000        ; 0.056      ; 0.668      ;
; 0.469 ; r4_div_datapath:DATAPATH|otfc_block:OTFC|Q[24]       ; r4_div_datapath:DATAPATH|otfc_block:OTFC|QM[26]      ; clk          ; clk         ; 0.000        ; 0.395      ; 1.008      ;
; 0.469 ; r4_div_datapath:DATAPATH|otfc_block:OTFC|Q[13]       ; r4_div_datapath:DATAPATH|otfc_block:OTFC|Q[15]       ; clk          ; clk         ; 0.000        ; 0.056      ; 0.669      ;
; 0.490 ; r4_div_controller:CONTROLLER|up_counter:ITR_CNT|q[4] ; r4_div_datapath:DATAPATH|register:REG_WC|q[3]        ; clk          ; clk         ; 0.000        ; 0.057      ; 0.691      ;
; 0.498 ; r4_div_datapath:DATAPATH|otfc_block:OTFC|QM[29]      ; r4_div_datapath:DATAPATH|otfc_block:OTFC|Q[31]       ; clk          ; clk         ; 0.000        ; 0.070      ; 0.712      ;
; 0.498 ; r4_div_datapath:DATAPATH|otfc_block:OTFC|QM[5]       ; r4_div_datapath:DATAPATH|otfc_block:OTFC|QM[7]       ; clk          ; clk         ; 0.000        ; 0.070      ; 0.712      ;
; 0.499 ; r4_div_datapath:DATAPATH|otfc_block:OTFC|QM[25]      ; r4_div_datapath:DATAPATH|otfc_block:OTFC|Q[27]       ; clk          ; clk         ; 0.000        ; 0.070      ; 0.713      ;
; 0.503 ; r4_div_controller:CONTROLLER|up_counter:ITR_CNT|q[4] ; r4_div_datapath:DATAPATH|register:REG_WC|q[18]       ; clk          ; clk         ; 0.000        ; 0.398      ; 1.045      ;
; 0.505 ; r4_div_controller:CONTROLLER|up_counter:ITR_CNT|q[4] ; r4_div_datapath:DATAPATH|register:REG_WC|q[17]       ; clk          ; clk         ; 0.000        ; 0.398      ; 1.047      ;
; 0.505 ; r4_div_controller:CONTROLLER|up_counter:ITR_CNT|q[4] ; r4_div_datapath:DATAPATH|register:REG_WC|q[19]       ; clk          ; clk         ; 0.000        ; 0.398      ; 1.047      ;
; 0.508 ; r4_div_datapath:DATAPATH|otfc_block:OTFC|Q[23]       ; r4_div_datapath:DATAPATH|otfc_block:OTFC|QM[25]      ; clk          ; clk         ; 0.000        ; 0.070      ; 0.722      ;
; 0.513 ; r4_div_datapath:DATAPATH|otfc_block:OTFC|QM[4]       ; r4_div_datapath:DATAPATH|otfc_block:OTFC|QM[6]       ; clk          ; clk         ; 0.000        ; 0.056      ; 0.713      ;
; 0.514 ; r4_div_datapath:DATAPATH|otfc_block:OTFC|QM[11]      ; r4_div_datapath:DATAPATH|otfc_block:OTFC|QM[13]      ; clk          ; clk         ; 0.000        ; 0.056      ; 0.714      ;
; 0.514 ; r4_div_datapath:DATAPATH|otfc_block:OTFC|QM[8]       ; r4_div_datapath:DATAPATH|otfc_block:OTFC|QM[10]      ; clk          ; clk         ; 0.000        ; 0.056      ; 0.714      ;
; 0.514 ; r4_div_controller:CONTROLLER|up_counter:ITR_CNT|q[2] ; r4_div_controller:CONTROLLER|up_counter:ITR_CNT|q[2] ; clk          ; clk         ; 0.000        ; 0.057      ; 0.715      ;
; 0.515 ; r4_div_datapath:DATAPATH|otfc_block:OTFC|QM[10]      ; r4_div_datapath:DATAPATH|otfc_block:OTFC|QM[12]      ; clk          ; clk         ; 0.000        ; 0.056      ; 0.715      ;
; 0.515 ; r4_div_datapath:DATAPATH|otfc_block:OTFC|QM[6]       ; r4_div_datapath:DATAPATH|otfc_block:OTFC|QM[8]       ; clk          ; clk         ; 0.000        ; 0.056      ; 0.715      ;
; 0.516 ; r4_div_datapath:DATAPATH|otfc_block:OTFC|Q[19]       ; r4_div_datapath:DATAPATH|otfc_block:OTFC|QM[21]      ; clk          ; clk         ; 0.000        ; 0.056      ; 0.716      ;
; 0.517 ; r4_div_controller:CONTROLLER|current_state.IDLE      ; r4_div_controller:CONTROLLER|current_state.INIT      ; clk          ; clk         ; 0.000        ; 0.069      ; 0.730      ;
; 0.519 ; r4_div_datapath:DATAPATH|otfc_block:OTFC|QM[18]      ; r4_div_datapath:DATAPATH|otfc_block:OTFC|Q[20]       ; clk          ; clk         ; 0.000        ; 0.057      ; 0.720      ;
; 0.519 ; r4_div_datapath:DATAPATH|otfc_block:OTFC|Q[22]       ; r4_div_datapath:DATAPATH|otfc_block:OTFC|QM[24]      ; clk          ; clk         ; 0.000        ; 0.057      ; 0.720      ;
; 0.519 ; r4_div_datapath:DATAPATH|otfc_block:OTFC|Q[20]       ; r4_div_datapath:DATAPATH|otfc_block:OTFC|QM[22]      ; clk          ; clk         ; 0.000        ; 0.057      ; 0.720      ;
; 0.520 ; r4_div_datapath:DATAPATH|otfc_block:OTFC|Q[26]       ; r4_div_datapath:DATAPATH|otfc_block:OTFC|Q[28]       ; clk          ; clk         ; 0.000        ; 0.057      ; 0.721      ;
; 0.520 ; r4_div_datapath:DATAPATH|otfc_block:OTFC|Q[14]       ; r4_div_datapath:DATAPATH|otfc_block:OTFC|QM[16]      ; clk          ; clk         ; 0.000        ; 0.057      ; 0.721      ;
; 0.520 ; r4_div_controller:CONTROLLER|current_state.INIT      ; r4_div_controller:CONTROLLER|current_state.DIVIDE    ; clk          ; clk         ; 0.000        ; 0.069      ; 0.733      ;
; 0.520 ; r4_div_datapath:DATAPATH|otfc_block:OTFC|QM[16]      ; r4_div_datapath:DATAPATH|otfc_block:OTFC|Q[18]       ; clk          ; clk         ; 0.000        ; 0.057      ; 0.721      ;
; 0.521 ; r4_div_datapath:DATAPATH|otfc_block:OTFC|Q[26]       ; r4_div_datapath:DATAPATH|otfc_block:OTFC|QM[28]      ; clk          ; clk         ; 0.000        ; 0.057      ; 0.722      ;
; 0.521 ; r4_div_datapath:DATAPATH|register:REG_WS|q[1]        ; r4_div_datapath:DATAPATH|register:REG_WC|q[4]        ; clk          ; clk         ; 0.000        ; 0.071      ; 0.736      ;
; 0.523 ; r4_div_datapath:DATAPATH|otfc_block:OTFC|Q[7]        ; r4_div_datapath:DATAPATH|otfc_block:OTFC|Q[9]        ; clk          ; clk         ; 0.000        ; 0.388      ; 1.055      ;
; 0.528 ; r4_div_controller:CONTROLLER|up_counter:ITR_CNT|q[0] ; r4_div_controller:CONTROLLER|up_counter:ITR_CNT|q[0] ; clk          ; clk         ; 0.000        ; 0.057      ; 0.729      ;
; 0.532 ; r4_div_datapath:DATAPATH|otfc_block:OTFC|QM[29]      ; r4_div_datapath:DATAPATH|otfc_block:OTFC|QM[31]      ; clk          ; clk         ; 0.000        ; 0.070      ; 0.746      ;
; 0.533 ; r4_div_datapath:DATAPATH|otfc_block:OTFC|Q[25]       ; r4_div_datapath:DATAPATH|otfc_block:OTFC|Q[27]       ; clk          ; clk         ; 0.000        ; 0.070      ; 0.747      ;
; 0.534 ; r4_div_datapath:DATAPATH|register:REG_D|q[0]         ; r4_div_datapath:DATAPATH|register:REG_WS|q[0]        ; clk          ; clk         ; 0.000        ; 0.098      ; 0.776      ;
; 0.537 ; r4_div_datapath:DATAPATH|otfc_block:OTFC|QM[27]      ; r4_div_datapath:DATAPATH|otfc_block:OTFC|QM[29]      ; clk          ; clk         ; 0.000        ; 0.070      ; 0.751      ;
; 0.538 ; r4_div_datapath:DATAPATH|otfc_block:OTFC|QM[24]      ; r4_div_datapath:DATAPATH|otfc_block:OTFC|QM[26]      ; clk          ; clk         ; 0.000        ; 0.395      ; 1.077      ;
; 0.539 ; r4_div_datapath:DATAPATH|register:REG_D|q[19]        ; r4_div_datapath:DATAPATH|register:REG_WS|q[19]       ; clk          ; clk         ; 0.000        ; 0.098      ; 0.781      ;
; 0.540 ; r4_div_datapath:DATAPATH|register:REG_D|q[15]        ; r4_div_datapath:DATAPATH|register:REG_WS|q[15]       ; clk          ; clk         ; 0.000        ; 0.097      ; 0.781      ;
; 0.540 ; r4_div_datapath:DATAPATH|register:REG_D|q[21]        ; r4_div_datapath:DATAPATH|register:REG_WS|q[21]       ; clk          ; clk         ; 0.000        ; 0.098      ; 0.782      ;
; 0.540 ; r4_div_datapath:DATAPATH|register:REG_D|q[20]        ; r4_div_datapath:DATAPATH|register:REG_WS|q[20]       ; clk          ; clk         ; 0.000        ; 0.098      ; 0.782      ;
; 0.540 ; r4_div_datapath:DATAPATH|register:REG_D|q[24]        ; r4_div_datapath:DATAPATH|register:REG_WS|q[24]       ; clk          ; clk         ; 0.000        ; 0.098      ; 0.782      ;
; 0.540 ; r4_div_controller:CONTROLLER|up_counter:ITR_CNT|q[4] ; r4_div_controller:CONTROLLER|up_counter:ITR_CNT|q[4] ; clk          ; clk         ; 0.000        ; 0.057      ; 0.741      ;
; 0.541 ; r4_div_datapath:DATAPATH|otfc_block:OTFC|Q[23]       ; r4_div_datapath:DATAPATH|otfc_block:OTFC|Q[25]       ; clk          ; clk         ; 0.000        ; 0.070      ; 0.755      ;
; 0.541 ; r4_div_datapath:DATAPATH|register:REG_D|q[18]        ; r4_div_datapath:DATAPATH|register:REG_WS|q[18]       ; clk          ; clk         ; 0.000        ; 0.097      ; 0.782      ;
; 0.541 ; r4_div_datapath:DATAPATH|register:REG_D|q[14]        ; r4_div_datapath:DATAPATH|register:REG_WS|q[14]       ; clk          ; clk         ; 0.000        ; 0.097      ; 0.782      ;
; 0.541 ; r4_div_datapath:DATAPATH|register:REG_D|q[17]        ; r4_div_datapath:DATAPATH|register:REG_WS|q[17]       ; clk          ; clk         ; 0.000        ; 0.097      ; 0.782      ;
; 0.542 ; r4_div_datapath:DATAPATH|register:REG_D|q[25]        ; r4_div_datapath:DATAPATH|register:REG_WS|q[25]       ; clk          ; clk         ; 0.000        ; 0.098      ; 0.784      ;
; 0.542 ; r4_div_controller:CONTROLLER|up_counter:ITR_CNT|q[4] ; r4_div_datapath:DATAPATH|register:REG_WC|q[11]       ; clk          ; clk         ; 0.000        ; 0.400      ; 1.086      ;
; 0.543 ; r4_div_datapath:DATAPATH|register:REG_D|q[10]        ; r4_div_datapath:DATAPATH|register:REG_WS|q[10]       ; clk          ; clk         ; 0.000        ; 0.098      ; 0.785      ;
; 0.543 ; r4_div_datapath:DATAPATH|register:REG_D|q[3]         ; r4_div_datapath:DATAPATH|register:REG_WC|q[4]        ; clk          ; clk         ; 0.000        ; 0.098      ; 0.785      ;
; 0.543 ; r4_div_datapath:DATAPATH|register:REG_D|q[13]        ; r4_div_datapath:DATAPATH|register:REG_WS|q[13]       ; clk          ; clk         ; 0.000        ; 0.097      ; 0.784      ;
; 0.544 ; r4_div_controller:CONTROLLER|up_counter:ITR_CNT|q[4] ; r4_div_datapath:DATAPATH|register:REG_WC|q[8]        ; clk          ; clk         ; 0.000        ; 0.400      ; 1.088      ;
; 0.545 ; r4_div_datapath:DATAPATH|otfc_block:OTFC|Q[11]       ; r4_div_datapath:DATAPATH|otfc_block:OTFC|Q[13]       ; clk          ; clk         ; 0.000        ; 0.056      ; 0.745      ;
; 0.549 ; r4_div_datapath:DATAPATH|otfc_block:OTFC|QM[21]      ; r4_div_datapath:DATAPATH|otfc_block:OTFC|QM[23]      ; clk          ; clk         ; 0.000        ; 0.056      ; 0.749      ;
; 0.549 ; r4_div_datapath:DATAPATH|otfc_block:OTFC|Q[17]       ; r4_div_datapath:DATAPATH|otfc_block:OTFC|Q[19]       ; clk          ; clk         ; 0.000        ; 0.056      ; 0.749      ;
; 0.549 ; r4_div_datapath:DATAPATH|otfc_block:OTFC|Q[6]        ; r4_div_datapath:DATAPATH|otfc_block:OTFC|Q[8]        ; clk          ; clk         ; 0.000        ; 0.056      ; 0.749      ;
; 0.549 ; r4_div_datapath:DATAPATH|otfc_block:OTFC|Q[4]        ; r4_div_datapath:DATAPATH|otfc_block:OTFC|Q[6]        ; clk          ; clk         ; 0.000        ; 0.056      ; 0.749      ;
; 0.551 ; r4_div_datapath:DATAPATH|register:REG_D|q[5]         ; r4_div_datapath:DATAPATH|register:REG_WS|q[5]        ; clk          ; clk         ; 0.000        ; 0.098      ; 0.793      ;
; 0.551 ; r4_div_datapath:DATAPATH|otfc_block:OTFC|Q[22]       ; r4_div_datapath:DATAPATH|otfc_block:OTFC|Q[24]       ; clk          ; clk         ; 0.000        ; 0.057      ; 0.752      ;
; 0.552 ; r4_div_datapath:DATAPATH|register:REG_D|q[12]        ; r4_div_datapath:DATAPATH|register:REG_WS|q[12]       ; clk          ; clk         ; 0.000        ; 0.098      ; 0.794      ;
; 0.553 ; r4_div_datapath:DATAPATH|register:REG_D|q[8]         ; r4_div_datapath:DATAPATH|register:REG_WS|q[8]        ; clk          ; clk         ; 0.000        ; 0.098      ; 0.795      ;
; 0.553 ; r4_div_datapath:DATAPATH|otfc_block:OTFC|Q[20]       ; r4_div_datapath:DATAPATH|otfc_block:OTFC|Q[22]       ; clk          ; clk         ; 0.000        ; 0.057      ; 0.754      ;
; 0.554 ; r4_div_datapath:DATAPATH|otfc_block:OTFC|QM[18]      ; r4_div_datapath:DATAPATH|otfc_block:OTFC|QM[20]      ; clk          ; clk         ; 0.000        ; 0.057      ; 0.755      ;
; 0.554 ; r4_div_datapath:DATAPATH|otfc_block:OTFC|Q[14]       ; r4_div_datapath:DATAPATH|otfc_block:OTFC|Q[16]       ; clk          ; clk         ; 0.000        ; 0.057      ; 0.755      ;
; 0.554 ; r4_div_datapath:DATAPATH|otfc_block:OTFC|QM[16]      ; r4_div_datapath:DATAPATH|otfc_block:OTFC|QM[18]      ; clk          ; clk         ; 0.000        ; 0.057      ; 0.755      ;
; 0.558 ; r4_div_datapath:DATAPATH|otfc_block:OTFC|Q[21]       ; r4_div_datapath:DATAPATH|otfc_block:OTFC|Q[23]       ; clk          ; clk         ; 0.000        ; 0.070      ; 0.772      ;
; 0.562 ; r4_div_datapath:DATAPATH|otfc_block:OTFC|Q[15]       ; r4_div_datapath:DATAPATH|otfc_block:OTFC|Q[17]       ; clk          ; clk         ; 0.000        ; 0.056      ; 0.762      ;
; 0.565 ; r4_div_datapath:DATAPATH|register:REG_WC|q[29]       ; r4_div_datapath:DATAPATH|register:REG_WC|q[32]       ; clk          ; clk         ; 0.000        ; 0.392      ; 1.101      ;
; 0.577 ; r4_div_datapath:DATAPATH|otfc_block:OTFC|Q[18]       ; r4_div_datapath:DATAPATH|otfc_block:OTFC|QM[20]      ; clk          ; clk         ; 0.000        ; 0.057      ; 0.778      ;
; 0.581 ; r4_div_datapath:DATAPATH|otfc_block:OTFC|QM[23]      ; r4_div_datapath:DATAPATH|otfc_block:OTFC|Q[25]       ; clk          ; clk         ; 0.000        ; 0.396      ; 1.121      ;
; 0.582 ; r4_div_datapath:DATAPATH|otfc_block:OTFC|Q[18]       ; r4_div_datapath:DATAPATH|otfc_block:OTFC|Q[20]       ; clk          ; clk         ; 0.000        ; 0.057      ; 0.783      ;
; 0.583 ; r4_div_datapath:DATAPATH|register:REG_D|q[9]         ; r4_div_datapath:DATAPATH|register:REG_WS|q[9]        ; clk          ; clk         ; 0.000        ; 0.391      ; 1.118      ;
; 0.587 ; r4_div_datapath:DATAPATH|otfc_block:OTFC|QM[21]      ; r4_div_datapath:DATAPATH|otfc_block:OTFC|Q[23]       ; clk          ; clk         ; 0.000        ; 0.396      ; 1.127      ;
; 0.589 ; r4_div_datapath:DATAPATH|otfc_block:OTFC|QM[19]      ; r4_div_datapath:DATAPATH|otfc_block:OTFC|Q[21]       ; clk          ; clk         ; 0.000        ; 0.394      ; 1.127      ;
; 0.596 ; r4_div_datapath:DATAPATH|otfc_block:OTFC|QM[14]      ; r4_div_datapath:DATAPATH|otfc_block:OTFC|Q[16]       ; clk          ; clk         ; 0.000        ; 0.057      ; 0.797      ;
; 0.598 ; r4_div_datapath:DATAPATH|otfc_block:OTFC|QM[14]      ; r4_div_datapath:DATAPATH|otfc_block:OTFC|QM[16]      ; clk          ; clk         ; 0.000        ; 0.057      ; 0.799      ;
; 0.599 ; r4_div_datapath:DATAPATH|register:REG_WS|q[30]       ; r4_div_datapath:DATAPATH|register:REG_WC|q[33]       ; clk          ; clk         ; 0.000        ; 0.391      ; 1.134      ;
; 0.601 ; r4_div_datapath:DATAPATH|otfc_block:OTFC|QM[17]      ; r4_div_datapath:DATAPATH|otfc_block:OTFC|Q[19]       ; clk          ; clk         ; 0.000        ; 0.054      ; 0.799      ;
; 0.609 ; r4_div_datapath:DATAPATH|otfc_block:OTFC|QM[15]      ; r4_div_datapath:DATAPATH|otfc_block:OTFC|Q[17]       ; clk          ; clk         ; 0.000        ; 0.054      ; 0.807      ;
; 0.612 ; r4_div_datapath:DATAPATH|otfc_block:OTFC|QM[23]      ; r4_div_datapath:DATAPATH|otfc_block:OTFC|QM[25]      ; clk          ; clk         ; 0.000        ; 0.396      ; 1.152      ;
+-------+------------------------------------------------------+------------------------------------------------------+--------------+-------------+--------------+------------+------------+


----------------------------------------------
; Slow 1200mV 0C Model Metastability Summary ;
----------------------------------------------
No synchronizer chains to report.


+------------------------------------+
; Fast 1200mV 0C Model Setup Summary ;
+-------+--------+-------------------+
; Clock ; Slack  ; End Point TNS     ;
+-------+--------+-------------------+
; clk   ; -2.980 ; -357.883          ;
+-------+--------+-------------------+


+-----------------------------------+
; Fast 1200mV 0C Model Hold Summary ;
+-------+-------+-------------------+
; Clock ; Slack ; End Point TNS     ;
+-------+-------+-------------------+
; clk   ; 0.178 ; 0.000             ;
+-------+-------+-------------------+


-----------------------------------------
; Fast 1200mV 0C Model Recovery Summary ;
-----------------------------------------
No paths to report.


----------------------------------------
; Fast 1200mV 0C Model Removal Summary ;
----------------------------------------
No paths to report.


+--------------------------------------------------+
; Fast 1200mV 0C Model Minimum Pulse Width Summary ;
+-------+--------+---------------------------------+
; Clock ; Slack  ; End Point TNS                   ;
+-------+--------+---------------------------------+
; clk   ; -3.000 ; -189.338                        ;
+-------+--------+---------------------------------+


+---------------------------------------------------------------------------------------------------------------------------------------------------------------------------------+
; Fast 1200mV 0C Model Setup: 'clk'                                                                                                                                               ;
+--------+------------------------------------------------+-------------------------------------------------+--------------+-------------+--------------+------------+------------+
; Slack  ; From Node                                      ; To Node                                         ; Launch Clock ; Latch Clock ; Relationship ; Clock Skew ; Data Delay ;
+--------+------------------------------------------------+-------------------------------------------------+--------------+-------------+--------------+------------+------------+
; -2.980 ; r4_div_datapath:DATAPATH|register:REG_WC|q[27] ; r4_div_datapath:DATAPATH|register:REG_WC|q[12]  ; clk          ; clk         ; 1.000        ; -0.036     ; 3.931      ;
; -2.966 ; r4_div_datapath:DATAPATH|register:REG_WS|q[27] ; r4_div_datapath:DATAPATH|register:REG_WC|q[12]  ; clk          ; clk         ; 1.000        ; -0.036     ; 3.917      ;
; -2.960 ; r4_div_datapath:DATAPATH|register:REG_WC|q[27] ; r4_div_datapath:DATAPATH|register:REG_WC|q[9]   ; clk          ; clk         ; 1.000        ; -0.036     ; 3.911      ;
; -2.952 ; r4_div_datapath:DATAPATH|register:REG_WC|q[27] ; r4_div_datapath:DATAPATH|otfc_block:OTFC|QM[30] ; clk          ; clk         ; 1.000        ; -0.036     ; 3.903      ;
; -2.946 ; r4_div_datapath:DATAPATH|register:REG_WS|q[27] ; r4_div_datapath:DATAPATH|register:REG_WC|q[9]   ; clk          ; clk         ; 1.000        ; -0.036     ; 3.897      ;
; -2.944 ; r4_div_datapath:DATAPATH|register:REG_WC|q[27] ; r4_div_datapath:DATAPATH|register:REG_WC|q[29]  ; clk          ; clk         ; 1.000        ; -0.036     ; 3.895      ;
; -2.943 ; r4_div_datapath:DATAPATH|register:REG_WC|q[27] ; r4_div_datapath:DATAPATH|otfc_block:OTFC|QM[19] ; clk          ; clk         ; 1.000        ; -0.047     ; 3.883      ;
; -2.943 ; r4_div_datapath:DATAPATH|register:REG_WC|q[27] ; r4_div_datapath:DATAPATH|otfc_block:OTFC|QM[17] ; clk          ; clk         ; 1.000        ; -0.047     ; 3.883      ;
; -2.943 ; r4_div_datapath:DATAPATH|register:REG_WC|q[27] ; r4_div_datapath:DATAPATH|otfc_block:OTFC|QM[15] ; clk          ; clk         ; 1.000        ; -0.047     ; 3.883      ;
; -2.943 ; r4_div_datapath:DATAPATH|register:REG_WC|q[27] ; r4_div_datapath:DATAPATH|otfc_block:OTFC|QM[13] ; clk          ; clk         ; 1.000        ; -0.047     ; 3.883      ;
; -2.943 ; r4_div_datapath:DATAPATH|register:REG_WC|q[27] ; r4_div_datapath:DATAPATH|otfc_block:OTFC|QM[12] ; clk          ; clk         ; 1.000        ; -0.047     ; 3.883      ;
; -2.943 ; r4_div_datapath:DATAPATH|register:REG_WC|q[27] ; r4_div_datapath:DATAPATH|otfc_block:OTFC|QM[11] ; clk          ; clk         ; 1.000        ; -0.047     ; 3.883      ;
; -2.943 ; r4_div_datapath:DATAPATH|register:REG_WC|q[27] ; r4_div_datapath:DATAPATH|otfc_block:OTFC|QM[10] ; clk          ; clk         ; 1.000        ; -0.047     ; 3.883      ;
; -2.943 ; r4_div_datapath:DATAPATH|register:REG_WC|q[27] ; r4_div_datapath:DATAPATH|otfc_block:OTFC|QM[9]  ; clk          ; clk         ; 1.000        ; -0.047     ; 3.883      ;
; -2.943 ; r4_div_datapath:DATAPATH|register:REG_WC|q[27] ; r4_div_datapath:DATAPATH|otfc_block:OTFC|QM[8]  ; clk          ; clk         ; 1.000        ; -0.047     ; 3.883      ;
; -2.943 ; r4_div_datapath:DATAPATH|register:REG_WC|q[27] ; r4_div_datapath:DATAPATH|otfc_block:OTFC|QM[6]  ; clk          ; clk         ; 1.000        ; -0.047     ; 3.883      ;
; -2.943 ; r4_div_datapath:DATAPATH|register:REG_WC|q[27] ; r4_div_datapath:DATAPATH|otfc_block:OTFC|QM[4]  ; clk          ; clk         ; 1.000        ; -0.047     ; 3.883      ;
; -2.942 ; r4_div_datapath:DATAPATH|register:REG_WC|q[27] ; r4_div_datapath:DATAPATH|otfc_block:OTFC|Q[17]  ; clk          ; clk         ; 1.000        ; -0.048     ; 3.881      ;
; -2.942 ; r4_div_datapath:DATAPATH|register:REG_WC|q[27] ; r4_div_datapath:DATAPATH|otfc_block:OTFC|Q[15]  ; clk          ; clk         ; 1.000        ; -0.048     ; 3.881      ;
; -2.941 ; r4_div_datapath:DATAPATH|register:REG_WC|q[27] ; r4_div_datapath:DATAPATH|otfc_block:OTFC|Q[19]  ; clk          ; clk         ; 1.000        ; -0.048     ; 3.880      ;
; -2.940 ; r4_div_datapath:DATAPATH|register:REG_WC|q[27] ; r4_div_datapath:DATAPATH|register:REG_WC|q[3]   ; clk          ; clk         ; 1.000        ; -0.036     ; 3.891      ;
; -2.938 ; r4_div_datapath:DATAPATH|register:REG_WC|q[27] ; r4_div_datapath:DATAPATH|otfc_block:OTFC|QM[23] ; clk          ; clk         ; 1.000        ; -0.048     ; 3.877      ;
; -2.938 ; r4_div_datapath:DATAPATH|register:REG_WC|q[27] ; r4_div_datapath:DATAPATH|otfc_block:OTFC|QM[21] ; clk          ; clk         ; 1.000        ; -0.048     ; 3.877      ;
; -2.938 ; r4_div_datapath:DATAPATH|register:REG_WC|q[27] ; r4_div_datapath:DATAPATH|otfc_block:OTFC|Q[13]  ; clk          ; clk         ; 1.000        ; -0.048     ; 3.877      ;
; -2.938 ; r4_div_datapath:DATAPATH|register:REG_WC|q[27] ; r4_div_datapath:DATAPATH|otfc_block:OTFC|Q[11]  ; clk          ; clk         ; 1.000        ; -0.048     ; 3.877      ;
; -2.938 ; r4_div_datapath:DATAPATH|register:REG_WS|q[27] ; r4_div_datapath:DATAPATH|otfc_block:OTFC|QM[30] ; clk          ; clk         ; 1.000        ; -0.036     ; 3.889      ;
; -2.930 ; r4_div_datapath:DATAPATH|register:REG_WC|q[27] ; r4_div_datapath:DATAPATH|register:REG_WC|q[26]  ; clk          ; clk         ; 1.000        ; -0.036     ; 3.881      ;
; -2.930 ; r4_div_datapath:DATAPATH|register:REG_WS|q[27] ; r4_div_datapath:DATAPATH|register:REG_WC|q[29]  ; clk          ; clk         ; 1.000        ; -0.036     ; 3.881      ;
; -2.929 ; r4_div_datapath:DATAPATH|register:REG_WS|q[27] ; r4_div_datapath:DATAPATH|otfc_block:OTFC|QM[19] ; clk          ; clk         ; 1.000        ; -0.047     ; 3.869      ;
; -2.929 ; r4_div_datapath:DATAPATH|register:REG_WS|q[27] ; r4_div_datapath:DATAPATH|otfc_block:OTFC|QM[17] ; clk          ; clk         ; 1.000        ; -0.047     ; 3.869      ;
; -2.929 ; r4_div_datapath:DATAPATH|register:REG_WS|q[27] ; r4_div_datapath:DATAPATH|otfc_block:OTFC|QM[15] ; clk          ; clk         ; 1.000        ; -0.047     ; 3.869      ;
; -2.929 ; r4_div_datapath:DATAPATH|register:REG_WS|q[27] ; r4_div_datapath:DATAPATH|otfc_block:OTFC|QM[13] ; clk          ; clk         ; 1.000        ; -0.047     ; 3.869      ;
; -2.929 ; r4_div_datapath:DATAPATH|register:REG_WS|q[27] ; r4_div_datapath:DATAPATH|otfc_block:OTFC|QM[12] ; clk          ; clk         ; 1.000        ; -0.047     ; 3.869      ;
; -2.929 ; r4_div_datapath:DATAPATH|register:REG_WS|q[27] ; r4_div_datapath:DATAPATH|otfc_block:OTFC|QM[11] ; clk          ; clk         ; 1.000        ; -0.047     ; 3.869      ;
; -2.929 ; r4_div_datapath:DATAPATH|register:REG_WS|q[27] ; r4_div_datapath:DATAPATH|otfc_block:OTFC|QM[10] ; clk          ; clk         ; 1.000        ; -0.047     ; 3.869      ;
; -2.929 ; r4_div_datapath:DATAPATH|register:REG_WS|q[27] ; r4_div_datapath:DATAPATH|otfc_block:OTFC|QM[9]  ; clk          ; clk         ; 1.000        ; -0.047     ; 3.869      ;
; -2.929 ; r4_div_datapath:DATAPATH|register:REG_WS|q[27] ; r4_div_datapath:DATAPATH|otfc_block:OTFC|QM[8]  ; clk          ; clk         ; 1.000        ; -0.047     ; 3.869      ;
; -2.929 ; r4_div_datapath:DATAPATH|register:REG_WS|q[27] ; r4_div_datapath:DATAPATH|otfc_block:OTFC|QM[6]  ; clk          ; clk         ; 1.000        ; -0.047     ; 3.869      ;
; -2.929 ; r4_div_datapath:DATAPATH|register:REG_WS|q[27] ; r4_div_datapath:DATAPATH|otfc_block:OTFC|QM[4]  ; clk          ; clk         ; 1.000        ; -0.047     ; 3.869      ;
; -2.928 ; r4_div_datapath:DATAPATH|register:REG_WS|q[27] ; r4_div_datapath:DATAPATH|otfc_block:OTFC|Q[17]  ; clk          ; clk         ; 1.000        ; -0.048     ; 3.867      ;
; -2.928 ; r4_div_datapath:DATAPATH|register:REG_WS|q[27] ; r4_div_datapath:DATAPATH|otfc_block:OTFC|Q[15]  ; clk          ; clk         ; 1.000        ; -0.048     ; 3.867      ;
; -2.927 ; r4_div_datapath:DATAPATH|register:REG_WS|q[27] ; r4_div_datapath:DATAPATH|otfc_block:OTFC|Q[19]  ; clk          ; clk         ; 1.000        ; -0.048     ; 3.866      ;
; -2.926 ; r4_div_datapath:DATAPATH|register:REG_WS|q[27] ; r4_div_datapath:DATAPATH|register:REG_WC|q[3]   ; clk          ; clk         ; 1.000        ; -0.036     ; 3.877      ;
; -2.925 ; r4_div_datapath:DATAPATH|register:REG_WS|q[26] ; r4_div_datapath:DATAPATH|register:REG_WC|q[12]  ; clk          ; clk         ; 1.000        ; -0.036     ; 3.876      ;
; -2.924 ; r4_div_datapath:DATAPATH|register:REG_WS|q[27] ; r4_div_datapath:DATAPATH|otfc_block:OTFC|QM[23] ; clk          ; clk         ; 1.000        ; -0.048     ; 3.863      ;
; -2.924 ; r4_div_datapath:DATAPATH|register:REG_WS|q[27] ; r4_div_datapath:DATAPATH|otfc_block:OTFC|QM[21] ; clk          ; clk         ; 1.000        ; -0.048     ; 3.863      ;
; -2.924 ; r4_div_datapath:DATAPATH|register:REG_WS|q[27] ; r4_div_datapath:DATAPATH|otfc_block:OTFC|Q[13]  ; clk          ; clk         ; 1.000        ; -0.048     ; 3.863      ;
; -2.924 ; r4_div_datapath:DATAPATH|register:REG_WS|q[27] ; r4_div_datapath:DATAPATH|otfc_block:OTFC|Q[11]  ; clk          ; clk         ; 1.000        ; -0.048     ; 3.863      ;
; -2.916 ; r4_div_datapath:DATAPATH|register:REG_WS|q[27] ; r4_div_datapath:DATAPATH|register:REG_WC|q[26]  ; clk          ; clk         ; 1.000        ; -0.036     ; 3.867      ;
; -2.905 ; r4_div_datapath:DATAPATH|register:REG_WS|q[26] ; r4_div_datapath:DATAPATH|register:REG_WC|q[9]   ; clk          ; clk         ; 1.000        ; -0.036     ; 3.856      ;
; -2.897 ; r4_div_datapath:DATAPATH|register:REG_WS|q[26] ; r4_div_datapath:DATAPATH|otfc_block:OTFC|QM[30] ; clk          ; clk         ; 1.000        ; -0.036     ; 3.848      ;
; -2.891 ; r4_div_datapath:DATAPATH|register:REG_WS|q[28] ; r4_div_datapath:DATAPATH|register:REG_WC|q[12]  ; clk          ; clk         ; 1.000        ; -0.037     ; 3.841      ;
; -2.889 ; r4_div_datapath:DATAPATH|register:REG_WS|q[26] ; r4_div_datapath:DATAPATH|register:REG_WC|q[29]  ; clk          ; clk         ; 1.000        ; -0.036     ; 3.840      ;
; -2.887 ; r4_div_datapath:DATAPATH|register:REG_WC|q[27] ; r4_div_datapath:DATAPATH|otfc_block:OTFC|QM[14] ; clk          ; clk         ; 1.000        ; -0.039     ; 3.835      ;
; -2.887 ; r4_div_datapath:DATAPATH|register:REG_WS|q[26] ; r4_div_datapath:DATAPATH|otfc_block:OTFC|Q[17]  ; clk          ; clk         ; 1.000        ; -0.048     ; 3.826      ;
; -2.887 ; r4_div_datapath:DATAPATH|register:REG_WS|q[26] ; r4_div_datapath:DATAPATH|otfc_block:OTFC|Q[15]  ; clk          ; clk         ; 1.000        ; -0.048     ; 3.826      ;
; -2.886 ; r4_div_datapath:DATAPATH|register:REG_WC|q[27] ; r4_div_datapath:DATAPATH|otfc_block:OTFC|QM[22] ; clk          ; clk         ; 1.000        ; -0.039     ; 3.834      ;
; -2.886 ; r4_div_datapath:DATAPATH|register:REG_WS|q[26] ; r4_div_datapath:DATAPATH|otfc_block:OTFC|Q[19]  ; clk          ; clk         ; 1.000        ; -0.048     ; 3.825      ;
; -2.885 ; r4_div_datapath:DATAPATH|register:REG_WS|q[26] ; r4_div_datapath:DATAPATH|register:REG_WC|q[3]   ; clk          ; clk         ; 1.000        ; -0.036     ; 3.836      ;
; -2.884 ; r4_div_datapath:DATAPATH|register:REG_WC|q[27] ; r4_div_datapath:DATAPATH|otfc_block:OTFC|QM[20] ; clk          ; clk         ; 1.000        ; -0.039     ; 3.832      ;
; -2.883 ; r4_div_datapath:DATAPATH|register:REG_WC|q[27] ; r4_div_datapath:DATAPATH|otfc_block:OTFC|QM[24] ; clk          ; clk         ; 1.000        ; -0.039     ; 3.831      ;
; -2.882 ; r4_div_datapath:DATAPATH|register:REG_WC|q[27] ; r4_div_datapath:DATAPATH|otfc_block:OTFC|Q[30]  ; clk          ; clk         ; 1.000        ; -0.036     ; 3.833      ;
; -2.882 ; r4_div_datapath:DATAPATH|register:REG_WS|q[26] ; r4_div_datapath:DATAPATH|otfc_block:OTFC|Q[13]  ; clk          ; clk         ; 1.000        ; -0.048     ; 3.821      ;
; -2.882 ; r4_div_datapath:DATAPATH|register:REG_WC|q[28] ; r4_div_datapath:DATAPATH|register:REG_WC|q[12]  ; clk          ; clk         ; 1.000        ; -0.036     ; 3.833      ;
; -2.881 ; r4_div_datapath:DATAPATH|register:REG_WC|q[27] ; r4_div_datapath:DATAPATH|otfc_block:OTFC|QM[16] ; clk          ; clk         ; 1.000        ; -0.039     ; 3.829      ;
; -2.881 ; r4_div_datapath:DATAPATH|register:REG_WS|q[26] ; r4_div_datapath:DATAPATH|otfc_block:OTFC|Q[11]  ; clk          ; clk         ; 1.000        ; -0.048     ; 3.820      ;
; -2.879 ; r4_div_datapath:DATAPATH|register:REG_WC|q[27] ; r4_div_datapath:DATAPATH|otfc_block:OTFC|QM[18] ; clk          ; clk         ; 1.000        ; -0.039     ; 3.827      ;
; -2.879 ; r4_div_datapath:DATAPATH|register:REG_WC|q[27] ; r4_div_datapath:DATAPATH|register:REG_WC|q[31]  ; clk          ; clk         ; 1.000        ; -0.035     ; 3.831      ;
; -2.875 ; r4_div_datapath:DATAPATH|register:REG_WC|q[27] ; r4_div_datapath:DATAPATH|register:REG_WC|q[6]   ; clk          ; clk         ; 1.000        ; -0.036     ; 3.826      ;
; -2.875 ; r4_div_datapath:DATAPATH|register:REG_WS|q[26] ; r4_div_datapath:DATAPATH|register:REG_WC|q[26]  ; clk          ; clk         ; 1.000        ; -0.036     ; 3.826      ;
; -2.873 ; r4_div_datapath:DATAPATH|register:REG_WS|q[27] ; r4_div_datapath:DATAPATH|otfc_block:OTFC|QM[14] ; clk          ; clk         ; 1.000        ; -0.039     ; 3.821      ;
; -2.872 ; r4_div_datapath:DATAPATH|register:REG_WS|q[27] ; r4_div_datapath:DATAPATH|otfc_block:OTFC|QM[22] ; clk          ; clk         ; 1.000        ; -0.039     ; 3.820      ;
; -2.871 ; r4_div_datapath:DATAPATH|register:REG_WS|q[28] ; r4_div_datapath:DATAPATH|register:REG_WC|q[9]   ; clk          ; clk         ; 1.000        ; -0.037     ; 3.821      ;
; -2.870 ; r4_div_datapath:DATAPATH|register:REG_WS|q[27] ; r4_div_datapath:DATAPATH|otfc_block:OTFC|QM[20] ; clk          ; clk         ; 1.000        ; -0.039     ; 3.818      ;
; -2.869 ; r4_div_datapath:DATAPATH|register:REG_WS|q[27] ; r4_div_datapath:DATAPATH|otfc_block:OTFC|QM[24] ; clk          ; clk         ; 1.000        ; -0.039     ; 3.817      ;
; -2.868 ; r4_div_datapath:DATAPATH|register:REG_WS|q[27] ; r4_div_datapath:DATAPATH|otfc_block:OTFC|Q[30]  ; clk          ; clk         ; 1.000        ; -0.036     ; 3.819      ;
; -2.867 ; r4_div_datapath:DATAPATH|register:REG_WS|q[27] ; r4_div_datapath:DATAPATH|otfc_block:OTFC|QM[16] ; clk          ; clk         ; 1.000        ; -0.039     ; 3.815      ;
; -2.865 ; r4_div_datapath:DATAPATH|register:REG_WS|q[26] ; r4_div_datapath:DATAPATH|otfc_block:OTFC|QM[19] ; clk          ; clk         ; 1.000        ; -0.047     ; 3.805      ;
; -2.865 ; r4_div_datapath:DATAPATH|register:REG_WS|q[26] ; r4_div_datapath:DATAPATH|otfc_block:OTFC|QM[17] ; clk          ; clk         ; 1.000        ; -0.047     ; 3.805      ;
; -2.865 ; r4_div_datapath:DATAPATH|register:REG_WS|q[26] ; r4_div_datapath:DATAPATH|otfc_block:OTFC|QM[15] ; clk          ; clk         ; 1.000        ; -0.047     ; 3.805      ;
; -2.865 ; r4_div_datapath:DATAPATH|register:REG_WS|q[26] ; r4_div_datapath:DATAPATH|otfc_block:OTFC|QM[13] ; clk          ; clk         ; 1.000        ; -0.047     ; 3.805      ;
; -2.865 ; r4_div_datapath:DATAPATH|register:REG_WS|q[26] ; r4_div_datapath:DATAPATH|otfc_block:OTFC|QM[12] ; clk          ; clk         ; 1.000        ; -0.047     ; 3.805      ;
; -2.865 ; r4_div_datapath:DATAPATH|register:REG_WS|q[26] ; r4_div_datapath:DATAPATH|otfc_block:OTFC|QM[11] ; clk          ; clk         ; 1.000        ; -0.047     ; 3.805      ;
; -2.865 ; r4_div_datapath:DATAPATH|register:REG_WS|q[26] ; r4_div_datapath:DATAPATH|otfc_block:OTFC|QM[10] ; clk          ; clk         ; 1.000        ; -0.047     ; 3.805      ;
; -2.865 ; r4_div_datapath:DATAPATH|register:REG_WS|q[26] ; r4_div_datapath:DATAPATH|otfc_block:OTFC|QM[9]  ; clk          ; clk         ; 1.000        ; -0.047     ; 3.805      ;
; -2.865 ; r4_div_datapath:DATAPATH|register:REG_WS|q[26] ; r4_div_datapath:DATAPATH|otfc_block:OTFC|QM[8]  ; clk          ; clk         ; 1.000        ; -0.047     ; 3.805      ;
; -2.865 ; r4_div_datapath:DATAPATH|register:REG_WS|q[26] ; r4_div_datapath:DATAPATH|otfc_block:OTFC|QM[6]  ; clk          ; clk         ; 1.000        ; -0.047     ; 3.805      ;
; -2.865 ; r4_div_datapath:DATAPATH|register:REG_WS|q[26] ; r4_div_datapath:DATAPATH|otfc_block:OTFC|QM[4]  ; clk          ; clk         ; 1.000        ; -0.047     ; 3.805      ;
; -2.865 ; r4_div_datapath:DATAPATH|register:REG_WS|q[27] ; r4_div_datapath:DATAPATH|otfc_block:OTFC|QM[18] ; clk          ; clk         ; 1.000        ; -0.039     ; 3.813      ;
; -2.865 ; r4_div_datapath:DATAPATH|register:REG_WS|q[27] ; r4_div_datapath:DATAPATH|register:REG_WC|q[31]  ; clk          ; clk         ; 1.000        ; -0.035     ; 3.817      ;
; -2.863 ; r4_div_datapath:DATAPATH|register:REG_WC|q[27] ; r4_div_datapath:DATAPATH|otfc_block:OTFC|Q[28]  ; clk          ; clk         ; 1.000        ; -0.038     ; 3.812      ;
; -2.863 ; r4_div_datapath:DATAPATH|register:REG_WS|q[28] ; r4_div_datapath:DATAPATH|otfc_block:OTFC|QM[30] ; clk          ; clk         ; 1.000        ; -0.037     ; 3.813      ;
; -2.862 ; r4_div_datapath:DATAPATH|register:REG_WC|q[27] ; r4_div_datapath:DATAPATH|otfc_block:OTFC|Q[26]  ; clk          ; clk         ; 1.000        ; -0.038     ; 3.811      ;
; -2.862 ; r4_div_datapath:DATAPATH|register:REG_WC|q[28] ; r4_div_datapath:DATAPATH|register:REG_WC|q[9]   ; clk          ; clk         ; 1.000        ; -0.036     ; 3.813      ;
; -2.861 ; r4_div_datapath:DATAPATH|register:REG_WC|q[26] ; r4_div_datapath:DATAPATH|register:REG_WC|q[12]  ; clk          ; clk         ; 1.000        ; -0.036     ; 3.812      ;
; -2.861 ; r4_div_datapath:DATAPATH|register:REG_WS|q[27] ; r4_div_datapath:DATAPATH|register:REG_WC|q[6]   ; clk          ; clk         ; 1.000        ; -0.036     ; 3.812      ;
; -2.860 ; r4_div_datapath:DATAPATH|register:REG_WS|q[26] ; r4_div_datapath:DATAPATH|otfc_block:OTFC|QM[23] ; clk          ; clk         ; 1.000        ; -0.048     ; 3.799      ;
; -2.860 ; r4_div_datapath:DATAPATH|register:REG_WS|q[26] ; r4_div_datapath:DATAPATH|otfc_block:OTFC|QM[21] ; clk          ; clk         ; 1.000        ; -0.048     ; 3.799      ;
; -2.857 ; r4_div_datapath:DATAPATH|register:REG_WS|q[31] ; r4_div_datapath:DATAPATH|register:REG_WC|q[12]  ; clk          ; clk         ; 1.000        ; -0.038     ; 3.806      ;
; -2.855 ; r4_div_datapath:DATAPATH|register:REG_WS|q[28] ; r4_div_datapath:DATAPATH|register:REG_WC|q[29]  ; clk          ; clk         ; 1.000        ; -0.037     ; 3.805      ;
+--------+------------------------------------------------+-------------------------------------------------+--------------+-------------+--------------+------------+------------+


+-------------------------------------------------------------------------------------------------------------------------------------------------------------------------------------------+
; Fast 1200mV 0C Model Hold: 'clk'                                                                                                                                                          ;
+-------+------------------------------------------------------+------------------------------------------------------+--------------+-------------+--------------+------------+------------+
; Slack ; From Node                                            ; To Node                                              ; Launch Clock ; Latch Clock ; Relationship ; Clock Skew ; Data Delay ;
+-------+------------------------------------------------------+------------------------------------------------------+--------------+-------------+--------------+------------+------------+
; 0.178 ; r4_div_controller:CONTROLLER|current_state.DIVIDE    ; r4_div_controller:CONTROLLER|current_state.DIVIDE    ; clk          ; clk         ; 0.000        ; 0.045      ; 0.307      ;
; 0.178 ; r4_div_controller:CONTROLLER|current_state.IDLE      ; r4_div_controller:CONTROLLER|current_state.IDLE      ; clk          ; clk         ; 0.000        ; 0.045      ; 0.307      ;
; 0.178 ; r4_div_controller:CONTROLLER|current_state.DONE      ; r4_div_controller:CONTROLLER|current_state.DONE      ; clk          ; clk         ; 0.000        ; 0.045      ; 0.307      ;
; 0.205 ; r4_div_datapath:DATAPATH|otfc_block:OTFC|QM[15]      ; r4_div_datapath:DATAPATH|otfc_block:OTFC|QM[17]      ; clk          ; clk         ; 0.000        ; 0.036      ; 0.325      ;
; 0.205 ; r4_div_datapath:DATAPATH|otfc_block:OTFC|QM[13]      ; r4_div_datapath:DATAPATH|otfc_block:OTFC|QM[15]      ; clk          ; clk         ; 0.000        ; 0.036      ; 0.325      ;
; 0.208 ; r4_div_datapath:DATAPATH|otfc_block:OTFC|QM[9]       ; r4_div_datapath:DATAPATH|otfc_block:OTFC|QM[11]      ; clk          ; clk         ; 0.000        ; 0.036      ; 0.328      ;
; 0.217 ; r4_div_datapath:DATAPATH|otfc_block:OTFC|QM[17]      ; r4_div_datapath:DATAPATH|otfc_block:OTFC|QM[19]      ; clk          ; clk         ; 0.000        ; 0.036      ; 0.337      ;
; 0.245 ; r4_div_datapath:DATAPATH|otfc_block:OTFC|QM[0]       ; r4_div_datapath:DATAPATH|otfc_block:OTFC|QM[2]       ; clk          ; clk         ; 0.000        ; 0.230      ; 0.559      ;
; 0.250 ; r4_div_datapath:DATAPATH|otfc_block:OTFC|QM[0]       ; r4_div_datapath:DATAPATH|otfc_block:OTFC|Q[2]        ; clk          ; clk         ; 0.000        ; 0.236      ; 0.570      ;
; 0.257 ; r4_div_datapath:DATAPATH|otfc_block:OTFC|Q[3]        ; r4_div_datapath:DATAPATH|otfc_block:OTFC|Q[5]        ; clk          ; clk         ; 0.000        ; 0.044      ; 0.385      ;
; 0.263 ; r4_div_datapath:DATAPATH|otfc_block:OTFC|Q[24]       ; r4_div_datapath:DATAPATH|otfc_block:OTFC|QM[26]      ; clk          ; clk         ; 0.000        ; 0.242      ; 0.589      ;
; 0.264 ; r4_div_datapath:DATAPATH|otfc_block:OTFC|Q[8]        ; r4_div_datapath:DATAPATH|otfc_block:OTFC|Q[10]       ; clk          ; clk         ; 0.000        ; 0.037      ; 0.385      ;
; 0.267 ; r4_div_datapath:DATAPATH|otfc_block:OTFC|QM[22]      ; r4_div_datapath:DATAPATH|otfc_block:OTFC|Q[24]       ; clk          ; clk         ; 0.000        ; 0.037      ; 0.388      ;
; 0.268 ; r4_div_datapath:DATAPATH|otfc_block:OTFC|QM[22]      ; r4_div_datapath:DATAPATH|otfc_block:OTFC|QM[24]      ; clk          ; clk         ; 0.000        ; 0.037      ; 0.389      ;
; 0.268 ; r4_div_datapath:DATAPATH|otfc_block:OTFC|QM[20]      ; r4_div_datapath:DATAPATH|otfc_block:OTFC|Q[22]       ; clk          ; clk         ; 0.000        ; 0.037      ; 0.389      ;
; 0.268 ; r4_div_datapath:DATAPATH|otfc_block:OTFC|QM[20]      ; r4_div_datapath:DATAPATH|otfc_block:OTFC|QM[22]      ; clk          ; clk         ; 0.000        ; 0.037      ; 0.389      ;
; 0.268 ; r4_div_datapath:DATAPATH|otfc_block:OTFC|Q[16]       ; r4_div_datapath:DATAPATH|otfc_block:OTFC|QM[18]      ; clk          ; clk         ; 0.000        ; 0.037      ; 0.389      ;
; 0.270 ; r4_div_datapath:DATAPATH|otfc_block:OTFC|Q[16]       ; r4_div_datapath:DATAPATH|otfc_block:OTFC|Q[18]       ; clk          ; clk         ; 0.000        ; 0.037      ; 0.391      ;
; 0.275 ; r4_div_datapath:DATAPATH|otfc_block:OTFC|Q[10]       ; r4_div_datapath:DATAPATH|otfc_block:OTFC|Q[12]       ; clk          ; clk         ; 0.000        ; 0.037      ; 0.396      ;
; 0.277 ; r4_div_datapath:DATAPATH|otfc_block:OTFC|Q[13]       ; r4_div_datapath:DATAPATH|otfc_block:OTFC|Q[15]       ; clk          ; clk         ; 0.000        ; 0.036      ; 0.397      ;
; 0.282 ; r4_div_controller:CONTROLLER|up_counter:ITR_CNT|q[4] ; r4_div_datapath:DATAPATH|register:REG_WC|q[9]        ; clk          ; clk         ; 0.000        ; 0.036      ; 0.402      ;
; 0.285 ; r4_div_controller:CONTROLLER|up_counter:ITR_CNT|q[4] ; r4_div_datapath:DATAPATH|register:REG_WC|q[0]        ; clk          ; clk         ; 0.000        ; 0.036      ; 0.405      ;
; 0.285 ; r4_div_controller:CONTROLLER|up_counter:ITR_CNT|q[4] ; r4_div_datapath:DATAPATH|register:REG_WC|q[12]       ; clk          ; clk         ; 0.000        ; 0.036      ; 0.405      ;
; 0.286 ; r4_div_controller:CONTROLLER|up_counter:ITR_CNT|q[4] ; r4_div_datapath:DATAPATH|register:REG_WC|q[6]        ; clk          ; clk         ; 0.000        ; 0.036      ; 0.406      ;
; 0.289 ; r4_div_controller:CONTROLLER|up_counter:ITR_CNT|q[4] ; r4_div_datapath:DATAPATH|register:REG_WC|q[3]        ; clk          ; clk         ; 0.000        ; 0.036      ; 0.409      ;
; 0.298 ; r4_div_datapath:DATAPATH|otfc_block:OTFC|QM[5]       ; r4_div_datapath:DATAPATH|otfc_block:OTFC|QM[7]       ; clk          ; clk         ; 0.000        ; 0.044      ; 0.426      ;
; 0.299 ; r4_div_datapath:DATAPATH|otfc_block:OTFC|QM[25]      ; r4_div_datapath:DATAPATH|otfc_block:OTFC|Q[27]       ; clk          ; clk         ; 0.000        ; 0.044      ; 0.427      ;
; 0.299 ; r4_div_controller:CONTROLLER|up_counter:ITR_CNT|q[4] ; r4_div_datapath:DATAPATH|register:REG_WC|q[19]       ; clk          ; clk         ; 0.000        ; 0.242      ; 0.625      ;
; 0.299 ; r4_div_datapath:DATAPATH|otfc_block:OTFC|QM[24]      ; r4_div_datapath:DATAPATH|otfc_block:OTFC|QM[26]      ; clk          ; clk         ; 0.000        ; 0.242      ; 0.625      ;
; 0.300 ; r4_div_datapath:DATAPATH|otfc_block:OTFC|QM[29]      ; r4_div_datapath:DATAPATH|otfc_block:OTFC|Q[31]       ; clk          ; clk         ; 0.000        ; 0.044      ; 0.428      ;
; 0.300 ; r4_div_controller:CONTROLLER|up_counter:ITR_CNT|q[4] ; r4_div_datapath:DATAPATH|register:REG_WC|q[18]       ; clk          ; clk         ; 0.000        ; 0.242      ; 0.626      ;
; 0.300 ; r4_div_controller:CONTROLLER|up_counter:ITR_CNT|q[4] ; r4_div_datapath:DATAPATH|register:REG_WC|q[17]       ; clk          ; clk         ; 0.000        ; 0.242      ; 0.626      ;
; 0.303 ; r4_div_datapath:DATAPATH|otfc_block:OTFC|Q[23]       ; r4_div_datapath:DATAPATH|otfc_block:OTFC|QM[25]      ; clk          ; clk         ; 0.000        ; 0.044      ; 0.431      ;
; 0.305 ; r4_div_datapath:DATAPATH|otfc_block:OTFC|QM[4]       ; r4_div_datapath:DATAPATH|otfc_block:OTFC|QM[6]       ; clk          ; clk         ; 0.000        ; 0.036      ; 0.425      ;
; 0.306 ; r4_div_datapath:DATAPATH|otfc_block:OTFC|QM[8]       ; r4_div_datapath:DATAPATH|otfc_block:OTFC|QM[10]      ; clk          ; clk         ; 0.000        ; 0.036      ; 0.426      ;
; 0.306 ; r4_div_controller:CONTROLLER|up_counter:ITR_CNT|q[4] ; r4_div_datapath:DATAPATH|register:REG_WC|q[11]       ; clk          ; clk         ; 0.000        ; 0.243      ; 0.633      ;
; 0.307 ; r4_div_datapath:DATAPATH|otfc_block:OTFC|QM[11]      ; r4_div_datapath:DATAPATH|otfc_block:OTFC|QM[13]      ; clk          ; clk         ; 0.000        ; 0.036      ; 0.427      ;
; 0.307 ; r4_div_datapath:DATAPATH|otfc_block:OTFC|QM[10]      ; r4_div_datapath:DATAPATH|otfc_block:OTFC|QM[12]      ; clk          ; clk         ; 0.000        ; 0.036      ; 0.427      ;
; 0.307 ; r4_div_datapath:DATAPATH|otfc_block:OTFC|QM[6]       ; r4_div_datapath:DATAPATH|otfc_block:OTFC|QM[8]       ; clk          ; clk         ; 0.000        ; 0.036      ; 0.427      ;
; 0.307 ; r4_div_controller:CONTROLLER|up_counter:ITR_CNT|q[2] ; r4_div_controller:CONTROLLER|up_counter:ITR_CNT|q[2] ; clk          ; clk         ; 0.000        ; 0.036      ; 0.427      ;
; 0.308 ; r4_div_datapath:DATAPATH|otfc_block:OTFC|Q[19]       ; r4_div_datapath:DATAPATH|otfc_block:OTFC|QM[21]      ; clk          ; clk         ; 0.000        ; 0.036      ; 0.428      ;
; 0.308 ; r4_div_controller:CONTROLLER|up_counter:ITR_CNT|q[4] ; r4_div_datapath:DATAPATH|register:REG_WC|q[8]        ; clk          ; clk         ; 0.000        ; 0.243      ; 0.635      ;
; 0.310 ; r4_div_datapath:DATAPATH|otfc_block:OTFC|QM[18]      ; r4_div_datapath:DATAPATH|otfc_block:OTFC|Q[20]       ; clk          ; clk         ; 0.000        ; 0.037      ; 0.431      ;
; 0.310 ; r4_div_datapath:DATAPATH|otfc_block:OTFC|Q[14]       ; r4_div_datapath:DATAPATH|otfc_block:OTFC|QM[16]      ; clk          ; clk         ; 0.000        ; 0.037      ; 0.431      ;
; 0.310 ; r4_div_datapath:DATAPATH|register:REG_WC|q[29]       ; r4_div_datapath:DATAPATH|register:REG_WC|q[32]       ; clk          ; clk         ; 0.000        ; 0.238      ; 0.632      ;
; 0.310 ; r4_div_controller:CONTROLLER|current_state.INIT      ; r4_div_controller:CONTROLLER|current_state.DIVIDE    ; clk          ; clk         ; 0.000        ; 0.045      ; 0.439      ;
; 0.310 ; r4_div_datapath:DATAPATH|otfc_block:OTFC|Q[22]       ; r4_div_datapath:DATAPATH|otfc_block:OTFC|QM[24]      ; clk          ; clk         ; 0.000        ; 0.037      ; 0.431      ;
; 0.311 ; r4_div_datapath:DATAPATH|otfc_block:OTFC|Q[26]       ; r4_div_datapath:DATAPATH|otfc_block:OTFC|Q[28]       ; clk          ; clk         ; 0.000        ; 0.037      ; 0.432      ;
; 0.311 ; r4_div_datapath:DATAPATH|register:REG_WS|q[1]        ; r4_div_datapath:DATAPATH|register:REG_WC|q[4]        ; clk          ; clk         ; 0.000        ; 0.045      ; 0.440      ;
; 0.311 ; r4_div_controller:CONTROLLER|current_state.IDLE      ; r4_div_controller:CONTROLLER|current_state.INIT      ; clk          ; clk         ; 0.000        ; 0.045      ; 0.440      ;
; 0.311 ; r4_div_datapath:DATAPATH|otfc_block:OTFC|QM[16]      ; r4_div_datapath:DATAPATH|otfc_block:OTFC|Q[18]       ; clk          ; clk         ; 0.000        ; 0.037      ; 0.432      ;
; 0.312 ; r4_div_datapath:DATAPATH|otfc_block:OTFC|Q[26]       ; r4_div_datapath:DATAPATH|otfc_block:OTFC|QM[28]      ; clk          ; clk         ; 0.000        ; 0.037      ; 0.433      ;
; 0.313 ; r4_div_datapath:DATAPATH|otfc_block:OTFC|Q[20]       ; r4_div_datapath:DATAPATH|otfc_block:OTFC|QM[22]      ; clk          ; clk         ; 0.000        ; 0.037      ; 0.434      ;
; 0.315 ; r4_div_datapath:DATAPATH|register:REG_D|q[0]         ; r4_div_datapath:DATAPATH|register:REG_WS|q[0]        ; clk          ; clk         ; 0.000        ; 0.060      ; 0.459      ;
; 0.316 ; r4_div_datapath:DATAPATH|otfc_block:OTFC|Q[7]        ; r4_div_datapath:DATAPATH|otfc_block:OTFC|Q[9]        ; clk          ; clk         ; 0.000        ; 0.230      ; 0.630      ;
; 0.317 ; r4_div_controller:CONTROLLER|up_counter:ITR_CNT|q[0] ; r4_div_controller:CONTROLLER|up_counter:ITR_CNT|q[0] ; clk          ; clk         ; 0.000        ; 0.036      ; 0.437      ;
; 0.318 ; r4_div_datapath:DATAPATH|otfc_block:OTFC|Q[21]       ; r4_div_datapath:DATAPATH|otfc_block:OTFC|Q[23]       ; clk          ; clk         ; 0.000        ; 0.044      ; 0.446      ;
; 0.318 ; r4_div_datapath:DATAPATH|register:REG_D|q[21]        ; r4_div_datapath:DATAPATH|register:REG_WS|q[21]       ; clk          ; clk         ; 0.000        ; 0.060      ; 0.462      ;
; 0.319 ; r4_div_datapath:DATAPATH|register:REG_D|q[15]        ; r4_div_datapath:DATAPATH|register:REG_WS|q[15]       ; clk          ; clk         ; 0.000        ; 0.059      ; 0.462      ;
; 0.319 ; r4_div_datapath:DATAPATH|register:REG_D|q[18]        ; r4_div_datapath:DATAPATH|register:REG_WS|q[18]       ; clk          ; clk         ; 0.000        ; 0.059      ; 0.462      ;
; 0.319 ; r4_div_datapath:DATAPATH|register:REG_D|q[14]        ; r4_div_datapath:DATAPATH|register:REG_WS|q[14]       ; clk          ; clk         ; 0.000        ; 0.059      ; 0.462      ;
; 0.319 ; r4_div_datapath:DATAPATH|register:REG_D|q[19]        ; r4_div_datapath:DATAPATH|register:REG_WS|q[19]       ; clk          ; clk         ; 0.000        ; 0.060      ; 0.463      ;
; 0.319 ; r4_div_datapath:DATAPATH|register:REG_D|q[17]        ; r4_div_datapath:DATAPATH|register:REG_WS|q[17]       ; clk          ; clk         ; 0.000        ; 0.059      ; 0.462      ;
; 0.319 ; r4_div_datapath:DATAPATH|otfc_block:OTFC|Q[25]       ; r4_div_datapath:DATAPATH|otfc_block:OTFC|Q[27]       ; clk          ; clk         ; 0.000        ; 0.044      ; 0.447      ;
; 0.320 ; r4_div_datapath:DATAPATH|register:REG_D|q[20]        ; r4_div_datapath:DATAPATH|register:REG_WS|q[20]       ; clk          ; clk         ; 0.000        ; 0.060      ; 0.464      ;
; 0.321 ; r4_div_datapath:DATAPATH|otfc_block:OTFC|QM[29]      ; r4_div_datapath:DATAPATH|otfc_block:OTFC|QM[31]      ; clk          ; clk         ; 0.000        ; 0.044      ; 0.449      ;
; 0.322 ; r4_div_datapath:DATAPATH|register:REG_D|q[25]        ; r4_div_datapath:DATAPATH|register:REG_WS|q[25]       ; clk          ; clk         ; 0.000        ; 0.059      ; 0.465      ;
; 0.322 ; r4_div_datapath:DATAPATH|register:REG_D|q[13]        ; r4_div_datapath:DATAPATH|register:REG_WS|q[13]       ; clk          ; clk         ; 0.000        ; 0.059      ; 0.465      ;
; 0.322 ; r4_div_datapath:DATAPATH|register:REG_D|q[24]        ; r4_div_datapath:DATAPATH|register:REG_WS|q[24]       ; clk          ; clk         ; 0.000        ; 0.059      ; 0.465      ;
; 0.322 ; r4_div_datapath:DATAPATH|register:REG_D|q[3]         ; r4_div_datapath:DATAPATH|register:REG_WC|q[4]        ; clk          ; clk         ; 0.000        ; 0.060      ; 0.466      ;
; 0.323 ; r4_div_datapath:DATAPATH|otfc_block:OTFC|QM[27]      ; r4_div_datapath:DATAPATH|otfc_block:OTFC|QM[29]      ; clk          ; clk         ; 0.000        ; 0.044      ; 0.451      ;
; 0.323 ; r4_div_datapath:DATAPATH|register:REG_D|q[10]        ; r4_div_datapath:DATAPATH|register:REG_WS|q[10]       ; clk          ; clk         ; 0.000        ; 0.059      ; 0.466      ;
; 0.325 ; r4_div_datapath:DATAPATH|otfc_block:OTFC|Q[23]       ; r4_div_datapath:DATAPATH|otfc_block:OTFC|Q[25]       ; clk          ; clk         ; 0.000        ; 0.044      ; 0.453      ;
; 0.326 ; r4_div_datapath:DATAPATH|register:REG_D|q[5]         ; r4_div_datapath:DATAPATH|register:REG_WS|q[5]        ; clk          ; clk         ; 0.000        ; 0.060      ; 0.470      ;
; 0.327 ; r4_div_datapath:DATAPATH|otfc_block:OTFC|Q[11]       ; r4_div_datapath:DATAPATH|otfc_block:OTFC|Q[13]       ; clk          ; clk         ; 0.000        ; 0.036      ; 0.447      ;
; 0.327 ; r4_div_datapath:DATAPATH|otfc_block:OTFC|Q[4]        ; r4_div_datapath:DATAPATH|otfc_block:OTFC|Q[6]        ; clk          ; clk         ; 0.000        ; 0.037      ; 0.448      ;
; 0.327 ; r4_div_controller:CONTROLLER|up_counter:ITR_CNT|q[4] ; r4_div_controller:CONTROLLER|up_counter:ITR_CNT|q[4] ; clk          ; clk         ; 0.000        ; 0.036      ; 0.447      ;
; 0.328 ; r4_div_datapath:DATAPATH|otfc_block:OTFC|Q[17]       ; r4_div_datapath:DATAPATH|otfc_block:OTFC|Q[19]       ; clk          ; clk         ; 0.000        ; 0.036      ; 0.448      ;
; 0.328 ; r4_div_datapath:DATAPATH|otfc_block:OTFC|Q[6]        ; r4_div_datapath:DATAPATH|otfc_block:OTFC|Q[8]        ; clk          ; clk         ; 0.000        ; 0.037      ; 0.449      ;
; 0.328 ; r4_div_datapath:DATAPATH|otfc_block:OTFC|QM[21]      ; r4_div_datapath:DATAPATH|otfc_block:OTFC|Q[23]       ; clk          ; clk         ; 0.000        ; 0.246      ; 0.658      ;
; 0.329 ; r4_div_datapath:DATAPATH|otfc_block:OTFC|QM[21]      ; r4_div_datapath:DATAPATH|otfc_block:OTFC|QM[23]      ; clk          ; clk         ; 0.000        ; 0.036      ; 0.449      ;
; 0.329 ; r4_div_datapath:DATAPATH|otfc_block:OTFC|Q[18]       ; r4_div_datapath:DATAPATH|otfc_block:OTFC|QM[20]      ; clk          ; clk         ; 0.000        ; 0.037      ; 0.450      ;
; 0.329 ; r4_div_datapath:DATAPATH|register:REG_D|q[8]         ; r4_div_datapath:DATAPATH|register:REG_WS|q[8]        ; clk          ; clk         ; 0.000        ; 0.059      ; 0.472      ;
; 0.329 ; r4_div_datapath:DATAPATH|register:REG_D|q[12]        ; r4_div_datapath:DATAPATH|register:REG_WS|q[12]       ; clk          ; clk         ; 0.000        ; 0.059      ; 0.472      ;
; 0.329 ; r4_div_datapath:DATAPATH|otfc_block:OTFC|QM[23]      ; r4_div_datapath:DATAPATH|otfc_block:OTFC|Q[25]       ; clk          ; clk         ; 0.000        ; 0.246      ; 0.659      ;
; 0.330 ; r4_div_datapath:DATAPATH|otfc_block:OTFC|QM[19]      ; r4_div_datapath:DATAPATH|otfc_block:OTFC|Q[21]       ; clk          ; clk         ; 0.000        ; 0.245      ; 0.659      ;
; 0.331 ; r4_div_datapath:DATAPATH|otfc_block:OTFC|QM[16]      ; r4_div_datapath:DATAPATH|otfc_block:OTFC|QM[18]      ; clk          ; clk         ; 0.000        ; 0.037      ; 0.452      ;
; 0.332 ; r4_div_datapath:DATAPATH|otfc_block:OTFC|Q[14]       ; r4_div_datapath:DATAPATH|otfc_block:OTFC|Q[16]       ; clk          ; clk         ; 0.000        ; 0.037      ; 0.453      ;
; 0.332 ; r4_div_datapath:DATAPATH|register:REG_D|q[9]         ; r4_div_datapath:DATAPATH|register:REG_WS|q[9]        ; clk          ; clk         ; 0.000        ; 0.237      ; 0.653      ;
; 0.332 ; r4_div_datapath:DATAPATH|otfc_block:OTFC|Q[22]       ; r4_div_datapath:DATAPATH|otfc_block:OTFC|Q[24]       ; clk          ; clk         ; 0.000        ; 0.037      ; 0.453      ;
; 0.332 ; r4_div_datapath:DATAPATH|otfc_block:OTFC|QM[18]      ; r4_div_datapath:DATAPATH|otfc_block:OTFC|QM[20]      ; clk          ; clk         ; 0.000        ; 0.037      ; 0.453      ;
; 0.333 ; r4_div_datapath:DATAPATH|otfc_block:OTFC|Q[18]       ; r4_div_datapath:DATAPATH|otfc_block:OTFC|Q[20]       ; clk          ; clk         ; 0.000        ; 0.037      ; 0.454      ;
; 0.334 ; r4_div_datapath:DATAPATH|otfc_block:OTFC|Q[20]       ; r4_div_datapath:DATAPATH|otfc_block:OTFC|Q[22]       ; clk          ; clk         ; 0.000        ; 0.037      ; 0.455      ;
; 0.339 ; r4_div_datapath:DATAPATH|otfc_block:OTFC|Q[15]       ; r4_div_datapath:DATAPATH|otfc_block:OTFC|Q[17]       ; clk          ; clk         ; 0.000        ; 0.036      ; 0.459      ;
; 0.339 ; r4_div_datapath:DATAPATH|register:REG_WS|q[30]       ; r4_div_datapath:DATAPATH|register:REG_WC|q[33]       ; clk          ; clk         ; 0.000        ; 0.237      ; 0.660      ;
; 0.342 ; r4_div_datapath:DATAPATH|otfc_block:OTFC|QM[14]      ; r4_div_datapath:DATAPATH|otfc_block:OTFC|QM[16]      ; clk          ; clk         ; 0.000        ; 0.037      ; 0.463      ;
; 0.343 ; r4_div_datapath:DATAPATH|otfc_block:OTFC|QM[14]      ; r4_div_datapath:DATAPATH|otfc_block:OTFC|Q[16]       ; clk          ; clk         ; 0.000        ; 0.037      ; 0.464      ;
; 0.344 ; r4_div_datapath:DATAPATH|otfc_block:OTFC|QM[17]      ; r4_div_datapath:DATAPATH|otfc_block:OTFC|Q[19]       ; clk          ; clk         ; 0.000        ; 0.035      ; 0.463      ;
; 0.348 ; r4_div_datapath:DATAPATH|otfc_block:OTFC|QM[15]      ; r4_div_datapath:DATAPATH|otfc_block:OTFC|Q[17]       ; clk          ; clk         ; 0.000        ; 0.035      ; 0.467      ;
; 0.349 ; r4_div_datapath:DATAPATH|otfc_block:OTFC|Q[12]       ; r4_div_datapath:DATAPATH|otfc_block:OTFC|Q[14]       ; clk          ; clk         ; 0.000        ; 0.038      ; 0.471      ;
+-------+------------------------------------------------------+------------------------------------------------------+--------------+-------------+--------------+------------+------------+


----------------------------------------------
; Fast 1200mV 0C Model Metastability Summary ;
----------------------------------------------
No synchronizer chains to report.


+--------------------------------------------------------------------------------+
; Multicorner Timing Analysis Summary                                            ;
+------------------+----------+-------+----------+---------+---------------------+
; Clock            ; Setup    ; Hold  ; Recovery ; Removal ; Minimum Pulse Width ;
+------------------+----------+-------+----------+---------+---------------------+
; Worst-case Slack ; -6.059   ; 0.178 ; N/A      ; N/A     ; -3.000              ;
;  clk             ; -6.059   ; 0.178 ; N/A      ; N/A     ; -3.000              ;
; Design-wide TNS  ; -767.523 ; 0.0   ; 0.0      ; 0.0     ; -189.338            ;
;  clk             ; -767.523 ; 0.000 ; N/A      ; N/A     ; -189.338            ;
+------------------+----------+-------+----------+---------+---------------------+


+------------------------------------------------------------------------------------------------------------------------------------------------------------------------------------------------------------------------------------------------------------------------------------------------------------------------------------------------------------------------------------------------------------------+
; Board Trace Model Assignments                                                                                                                                                                                                                                                                                                                                                                                    ;
+---------------+--------------+-------------------+-------------------------+-------------------------+---------------+---------------------+----------------+------------------+--------+------------------+------------------------+------------------------+--------------+---------------+-----------------+-------+---------------------+--------------------+---------------+-----------------+-------------+
; Pin           ; I/O Standard ; Near Tline Length ; Near Tline L per Length ; Near Tline C per Length ; Near Series R ; Near Differential R ; Near Pull-up R ; Near Pull-down R ; Near C ; Far Tline Length ; Far Tline L per Length ; Far Tline C per Length ; Far Series R ; Far Pull-up R ; Far Pull-down R ; Far C ; Termination Voltage ; Far Differential R ; EBD File Name ; EBD Signal Name ; EBD Far-end ;
+---------------+--------------+-------------------+-------------------------+-------------------------+---------------+---------------------+----------------+------------------+--------+------------------+------------------------+------------------------+--------------+---------------+-----------------+-------+---------------------+--------------------+---------------+-----------------+-------------+
; q_out[0]      ; 2.5 V        ; 0 in              ; 0 H/in                  ; 0 F/in                  ; short         ; -                   ; open           ; open             ; open   ; 0 in             ; 0 H/in                 ; 0 F/in                 ; short        ; open          ; open            ; open  ; 0 V                 ; -                  ; n/a           ; n/a             ; n/a         ;
; q_out[1]      ; 2.5 V        ; 0 in              ; 0 H/in                  ; 0 F/in                  ; short         ; -                   ; open           ; open             ; open   ; 0 in             ; 0 H/in                 ; 0 F/in                 ; short        ; open          ; open            ; open  ; 0 V                 ; -                  ; n/a           ; n/a             ; n/a         ;
; q_out[2]      ; 2.5 V        ; 0 in              ; 0 H/in                  ; 0 F/in                  ; short         ; -                   ; open           ; open             ; open   ; 0 in             ; 0 H/in                 ; 0 F/in                 ; short        ; open          ; open            ; open  ; 0 V                 ; -                  ; n/a           ; n/a             ; n/a         ;
; q_out[3]      ; 2.5 V        ; 0 in              ; 0 H/in                  ; 0 F/in                  ; short         ; -                   ; open           ; open             ; open   ; 0 in             ; 0 H/in                 ; 0 F/in                 ; short        ; open          ; open            ; open  ; 0 V                 ; -                  ; n/a           ; n/a             ; n/a         ;
; q_out[4]      ; 2.5 V        ; 0 in              ; 0 H/in                  ; 0 F/in                  ; short         ; -                   ; open           ; open             ; open   ; 0 in             ; 0 H/in                 ; 0 F/in                 ; short        ; open          ; open            ; open  ; 0 V                 ; -                  ; n/a           ; n/a             ; n/a         ;
; q_out[5]      ; 2.5 V        ; 0 in              ; 0 H/in                  ; 0 F/in                  ; short         ; -                   ; open           ; open             ; open   ; 0 in             ; 0 H/in                 ; 0 F/in                 ; short        ; open          ; open            ; open  ; 0 V                 ; -                  ; n/a           ; n/a             ; n/a         ;
; q_out[6]      ; 2.5 V        ; 0 in              ; 0 H/in                  ; 0 F/in                  ; short         ; -                   ; open           ; open             ; open   ; 0 in             ; 0 H/in                 ; 0 F/in                 ; short        ; open          ; open            ; open  ; 0 V                 ; -                  ; n/a           ; n/a             ; n/a         ;
; q_out[7]      ; 2.5 V        ; 0 in              ; 0 H/in                  ; 0 F/in                  ; short         ; -                   ; open           ; open             ; open   ; 0 in             ; 0 H/in                 ; 0 F/in                 ; short        ; open          ; open            ; open  ; 0 V                 ; -                  ; n/a           ; n/a             ; n/a         ;
; q_out[8]      ; 2.5 V        ; 0 in              ; 0 H/in                  ; 0 F/in                  ; short         ; -                   ; open           ; open             ; open   ; 0 in             ; 0 H/in                 ; 0 F/in                 ; short        ; open          ; open            ; open  ; 0 V                 ; -                  ; n/a           ; n/a             ; n/a         ;
; q_out[9]      ; 2.5 V        ; 0 in              ; 0 H/in                  ; 0 F/in                  ; short         ; -                   ; open           ; open             ; open   ; 0 in             ; 0 H/in                 ; 0 F/in                 ; short        ; open          ; open            ; open  ; 0 V                 ; -                  ; n/a           ; n/a             ; n/a         ;
; q_out[10]     ; 2.5 V        ; 0 in              ; 0 H/in                  ; 0 F/in                  ; short         ; -                   ; open           ; open             ; open   ; 0 in             ; 0 H/in                 ; 0 F/in                 ; short        ; open          ; open            ; open  ; 0 V                 ; -                  ; n/a           ; n/a             ; n/a         ;
; q_out[11]     ; 2.5 V        ; 0 in              ; 0 H/in                  ; 0 F/in                  ; short         ; -                   ; open           ; open             ; open   ; 0 in             ; 0 H/in                 ; 0 F/in                 ; short        ; open          ; open            ; open  ; 0 V                 ; -                  ; n/a           ; n/a             ; n/a         ;
; q_out[12]     ; 2.5 V        ; 0 in              ; 0 H/in                  ; 0 F/in                  ; short         ; -                   ; open           ; open             ; open   ; 0 in             ; 0 H/in                 ; 0 F/in                 ; short        ; open          ; open            ; open  ; 0 V                 ; -                  ; n/a           ; n/a             ; n/a         ;
; q_out[13]     ; 2.5 V        ; 0 in              ; 0 H/in                  ; 0 F/in                  ; short         ; -                   ; open           ; open             ; open   ; 0 in             ; 0 H/in                 ; 0 F/in                 ; short        ; open          ; open            ; open  ; 0 V                 ; -                  ; n/a           ; n/a             ; n/a         ;
; q_out[14]     ; 2.5 V        ; 0 in              ; 0 H/in                  ; 0 F/in                  ; short         ; -                   ; open           ; open             ; open   ; 0 in             ; 0 H/in                 ; 0 F/in                 ; short        ; open          ; open            ; open  ; 0 V                 ; -                  ; n/a           ; n/a             ; n/a         ;
; q_out[15]     ; 2.5 V        ; 0 in              ; 0 H/in                  ; 0 F/in                  ; short         ; -                   ; open           ; open             ; open   ; 0 in             ; 0 H/in                 ; 0 F/in                 ; short        ; open          ; open            ; open  ; 0 V                 ; -                  ; n/a           ; n/a             ; n/a         ;
; q_out[16]     ; 2.5 V        ; 0 in              ; 0 H/in                  ; 0 F/in                  ; short         ; -                   ; open           ; open             ; open   ; 0 in             ; 0 H/in                 ; 0 F/in                 ; short        ; open          ; open            ; open  ; 0 V                 ; -                  ; n/a           ; n/a             ; n/a         ;
; q_out[17]     ; 2.5 V        ; 0 in              ; 0 H/in                  ; 0 F/in                  ; short         ; -                   ; open           ; open             ; open   ; 0 in             ; 0 H/in                 ; 0 F/in                 ; short        ; open          ; open            ; open  ; 0 V                 ; -                  ; n/a           ; n/a             ; n/a         ;
; q_out[18]     ; 2.5 V        ; 0 in              ; 0 H/in                  ; 0 F/in                  ; short         ; -                   ; open           ; open             ; open   ; 0 in             ; 0 H/in                 ; 0 F/in                 ; short        ; open          ; open            ; open  ; 0 V                 ; -                  ; n/a           ; n/a             ; n/a         ;
; q_out[19]     ; 2.5 V        ; 0 in              ; 0 H/in                  ; 0 F/in                  ; short         ; -                   ; open           ; open             ; open   ; 0 in             ; 0 H/in                 ; 0 F/in                 ; short        ; open          ; open            ; open  ; 0 V                 ; -                  ; n/a           ; n/a             ; n/a         ;
; q_out[20]     ; 2.5 V        ; 0 in              ; 0 H/in                  ; 0 F/in                  ; short         ; -                   ; open           ; open             ; open   ; 0 in             ; 0 H/in                 ; 0 F/in                 ; short        ; open          ; open            ; open  ; 0 V                 ; -                  ; n/a           ; n/a             ; n/a         ;
; q_out[21]     ; 2.5 V        ; 0 in              ; 0 H/in                  ; 0 F/in                  ; short         ; -                   ; open           ; open             ; open   ; 0 in             ; 0 H/in                 ; 0 F/in                 ; short        ; open          ; open            ; open  ; 0 V                 ; -                  ; n/a           ; n/a             ; n/a         ;
; q_out[22]     ; 2.5 V        ; 0 in              ; 0 H/in                  ; 0 F/in                  ; short         ; -                   ; open           ; open             ; open   ; 0 in             ; 0 H/in                 ; 0 F/in                 ; short        ; open          ; open            ; open  ; 0 V                 ; -                  ; n/a           ; n/a             ; n/a         ;
; q_out[23]     ; 2.5 V        ; 0 in              ; 0 H/in                  ; 0 F/in                  ; short         ; -                   ; open           ; open             ; open   ; 0 in             ; 0 H/in                 ; 0 F/in                 ; short        ; open          ; open            ; open  ; 0 V                 ; -                  ; n/a           ; n/a             ; n/a         ;
; q_out[24]     ; 2.5 V        ; 0 in              ; 0 H/in                  ; 0 F/in                  ; short         ; -                   ; open           ; open             ; open   ; 0 in             ; 0 H/in                 ; 0 F/in                 ; short        ; open          ; open            ; open  ; 0 V                 ; -                  ; n/a           ; n/a             ; n/a         ;
; q_out[25]     ; 2.5 V        ; 0 in              ; 0 H/in                  ; 0 F/in                  ; short         ; -                   ; open           ; open             ; open   ; 0 in             ; 0 H/in                 ; 0 F/in                 ; short        ; open          ; open            ; open  ; 0 V                 ; -                  ; n/a           ; n/a             ; n/a         ;
; q_out[26]     ; 2.5 V        ; 0 in              ; 0 H/in                  ; 0 F/in                  ; short         ; -                   ; open           ; open             ; open   ; 0 in             ; 0 H/in                 ; 0 F/in                 ; short        ; open          ; open            ; open  ; 0 V                 ; -                  ; n/a           ; n/a             ; n/a         ;
; q_out[27]     ; 2.5 V        ; 0 in              ; 0 H/in                  ; 0 F/in                  ; short         ; -                   ; open           ; open             ; open   ; 0 in             ; 0 H/in                 ; 0 F/in                 ; short        ; open          ; open            ; open  ; 0 V                 ; -                  ; n/a           ; n/a             ; n/a         ;
; q_out[28]     ; 2.5 V        ; 0 in              ; 0 H/in                  ; 0 F/in                  ; short         ; -                   ; open           ; open             ; open   ; 0 in             ; 0 H/in                 ; 0 F/in                 ; short        ; open          ; open            ; open  ; 0 V                 ; -                  ; n/a           ; n/a             ; n/a         ;
; q_out[29]     ; 2.5 V        ; 0 in              ; 0 H/in                  ; 0 F/in                  ; short         ; -                   ; open           ; open             ; open   ; 0 in             ; 0 H/in                 ; 0 F/in                 ; short        ; open          ; open            ; open  ; 0 V                 ; -                  ; n/a           ; n/a             ; n/a         ;
; q_out[30]     ; 2.5 V        ; 0 in              ; 0 H/in                  ; 0 F/in                  ; short         ; -                   ; open           ; open             ; open   ; 0 in             ; 0 H/in                 ; 0 F/in                 ; short        ; open          ; open            ; open  ; 0 V                 ; -                  ; n/a           ; n/a             ; n/a         ;
; q_out[31]     ; 2.5 V        ; 0 in              ; 0 H/in                  ; 0 F/in                  ; short         ; -                   ; open           ; open             ; open   ; 0 in             ; 0 H/in                 ; 0 F/in                 ; short        ; open          ; open            ; open  ; 0 V                 ; -                  ; n/a           ; n/a             ; n/a         ;
; rem_out[0]    ; 2.5 V        ; 0 in              ; 0 H/in                  ; 0 F/in                  ; short         ; -                   ; open           ; open             ; open   ; 0 in             ; 0 H/in                 ; 0 F/in                 ; short        ; open          ; open            ; open  ; 0 V                 ; -                  ; n/a           ; n/a             ; n/a         ;
; rem_out[1]    ; 2.5 V        ; 0 in              ; 0 H/in                  ; 0 F/in                  ; short         ; -                   ; open           ; open             ; open   ; 0 in             ; 0 H/in                 ; 0 F/in                 ; short        ; open          ; open            ; open  ; 0 V                 ; -                  ; n/a           ; n/a             ; n/a         ;
; rem_out[2]    ; 2.5 V        ; 0 in              ; 0 H/in                  ; 0 F/in                  ; short         ; -                   ; open           ; open             ; open   ; 0 in             ; 0 H/in                 ; 0 F/in                 ; short        ; open          ; open            ; open  ; 0 V                 ; -                  ; n/a           ; n/a             ; n/a         ;
; rem_out[3]    ; 2.5 V        ; 0 in              ; 0 H/in                  ; 0 F/in                  ; short         ; -                   ; open           ; open             ; open   ; 0 in             ; 0 H/in                 ; 0 F/in                 ; short        ; open          ; open            ; open  ; 0 V                 ; -                  ; n/a           ; n/a             ; n/a         ;
; rem_out[4]    ; 2.5 V        ; 0 in              ; 0 H/in                  ; 0 F/in                  ; short         ; -                   ; open           ; open             ; open   ; 0 in             ; 0 H/in                 ; 0 F/in                 ; short        ; open          ; open            ; open  ; 0 V                 ; -                  ; n/a           ; n/a             ; n/a         ;
; rem_out[5]    ; 2.5 V        ; 0 in              ; 0 H/in                  ; 0 F/in                  ; short         ; -                   ; open           ; open             ; open   ; 0 in             ; 0 H/in                 ; 0 F/in                 ; short        ; open          ; open            ; open  ; 0 V                 ; -                  ; n/a           ; n/a             ; n/a         ;
; rem_out[6]    ; 2.5 V        ; 0 in              ; 0 H/in                  ; 0 F/in                  ; short         ; -                   ; open           ; open             ; open   ; 0 in             ; 0 H/in                 ; 0 F/in                 ; short        ; open          ; open            ; open  ; 0 V                 ; -                  ; n/a           ; n/a             ; n/a         ;
; rem_out[7]    ; 2.5 V        ; 0 in              ; 0 H/in                  ; 0 F/in                  ; short         ; -                   ; open           ; open             ; open   ; 0 in             ; 0 H/in                 ; 0 F/in                 ; short        ; open          ; open            ; open  ; 0 V                 ; -                  ; n/a           ; n/a             ; n/a         ;
; rem_out[8]    ; 2.5 V        ; 0 in              ; 0 H/in                  ; 0 F/in                  ; short         ; -                   ; open           ; open             ; open   ; 0 in             ; 0 H/in                 ; 0 F/in                 ; short        ; open          ; open            ; open  ; 0 V                 ; -                  ; n/a           ; n/a             ; n/a         ;
; rem_out[9]    ; 2.5 V        ; 0 in              ; 0 H/in                  ; 0 F/in                  ; short         ; -                   ; open           ; open             ; open   ; 0 in             ; 0 H/in                 ; 0 F/in                 ; short        ; open          ; open            ; open  ; 0 V                 ; -                  ; n/a           ; n/a             ; n/a         ;
; rem_out[10]   ; 2.5 V        ; 0 in              ; 0 H/in                  ; 0 F/in                  ; short         ; -                   ; open           ; open             ; open   ; 0 in             ; 0 H/in                 ; 0 F/in                 ; short        ; open          ; open            ; open  ; 0 V                 ; -                  ; n/a           ; n/a             ; n/a         ;
; rem_out[11]   ; 2.5 V        ; 0 in              ; 0 H/in                  ; 0 F/in                  ; short         ; -                   ; open           ; open             ; open   ; 0 in             ; 0 H/in                 ; 0 F/in                 ; short        ; open          ; open            ; open  ; 0 V                 ; -                  ; n/a           ; n/a             ; n/a         ;
; rem_out[12]   ; 2.5 V        ; 0 in              ; 0 H/in                  ; 0 F/in                  ; short         ; -                   ; open           ; open             ; open   ; 0 in             ; 0 H/in                 ; 0 F/in                 ; short        ; open          ; open            ; open  ; 0 V                 ; -                  ; n/a           ; n/a             ; n/a         ;
; rem_out[13]   ; 2.5 V        ; 0 in              ; 0 H/in                  ; 0 F/in                  ; short         ; -                   ; open           ; open             ; open   ; 0 in             ; 0 H/in                 ; 0 F/in                 ; short        ; open          ; open            ; open  ; 0 V                 ; -                  ; n/a           ; n/a             ; n/a         ;
; rem_out[14]   ; 2.5 V        ; 0 in              ; 0 H/in                  ; 0 F/in                  ; short         ; -                   ; open           ; open             ; open   ; 0 in             ; 0 H/in                 ; 0 F/in                 ; short        ; open          ; open            ; open  ; 0 V                 ; -                  ; n/a           ; n/a             ; n/a         ;
; rem_out[15]   ; 2.5 V        ; 0 in              ; 0 H/in                  ; 0 F/in                  ; short         ; -                   ; open           ; open             ; open   ; 0 in             ; 0 H/in                 ; 0 F/in                 ; short        ; open          ; open            ; open  ; 0 V                 ; -                  ; n/a           ; n/a             ; n/a         ;
; rem_out[16]   ; 2.5 V        ; 0 in              ; 0 H/in                  ; 0 F/in                  ; short         ; -                   ; open           ; open             ; open   ; 0 in             ; 0 H/in                 ; 0 F/in                 ; short        ; open          ; open            ; open  ; 0 V                 ; -                  ; n/a           ; n/a             ; n/a         ;
; rem_out[17]   ; 2.5 V        ; 0 in              ; 0 H/in                  ; 0 F/in                  ; short         ; -                   ; open           ; open             ; open   ; 0 in             ; 0 H/in                 ; 0 F/in                 ; short        ; open          ; open            ; open  ; 0 V                 ; -                  ; n/a           ; n/a             ; n/a         ;
; rem_out[18]   ; 2.5 V        ; 0 in              ; 0 H/in                  ; 0 F/in                  ; short         ; -                   ; open           ; open             ; open   ; 0 in             ; 0 H/in                 ; 0 F/in                 ; short        ; open          ; open            ; open  ; 0 V                 ; -                  ; n/a           ; n/a             ; n/a         ;
; rem_out[19]   ; 2.5 V        ; 0 in              ; 0 H/in                  ; 0 F/in                  ; short         ; -                   ; open           ; open             ; open   ; 0 in             ; 0 H/in                 ; 0 F/in                 ; short        ; open          ; open            ; open  ; 0 V                 ; -                  ; n/a           ; n/a             ; n/a         ;
; rem_out[20]   ; 2.5 V        ; 0 in              ; 0 H/in                  ; 0 F/in                  ; short         ; -                   ; open           ; open             ; open   ; 0 in             ; 0 H/in                 ; 0 F/in                 ; short        ; open          ; open            ; open  ; 0 V                 ; -                  ; n/a           ; n/a             ; n/a         ;
; rem_out[21]   ; 2.5 V        ; 0 in              ; 0 H/in                  ; 0 F/in                  ; short         ; -                   ; open           ; open             ; open   ; 0 in             ; 0 H/in                 ; 0 F/in                 ; short        ; open          ; open            ; open  ; 0 V                 ; -                  ; n/a           ; n/a             ; n/a         ;
; rem_out[22]   ; 2.5 V        ; 0 in              ; 0 H/in                  ; 0 F/in                  ; short         ; -                   ; open           ; open             ; open   ; 0 in             ; 0 H/in                 ; 0 F/in                 ; short        ; open          ; open            ; open  ; 0 V                 ; -                  ; n/a           ; n/a             ; n/a         ;
; rem_out[23]   ; 2.5 V        ; 0 in              ; 0 H/in                  ; 0 F/in                  ; short         ; -                   ; open           ; open             ; open   ; 0 in             ; 0 H/in                 ; 0 F/in                 ; short        ; open          ; open            ; open  ; 0 V                 ; -                  ; n/a           ; n/a             ; n/a         ;
; rem_out[24]   ; 2.5 V        ; 0 in              ; 0 H/in                  ; 0 F/in                  ; short         ; -                   ; open           ; open             ; open   ; 0 in             ; 0 H/in                 ; 0 F/in                 ; short        ; open          ; open            ; open  ; 0 V                 ; -                  ; n/a           ; n/a             ; n/a         ;
; rem_out[25]   ; 2.5 V        ; 0 in              ; 0 H/in                  ; 0 F/in                  ; short         ; -                   ; open           ; open             ; open   ; 0 in             ; 0 H/in                 ; 0 F/in                 ; short        ; open          ; open            ; open  ; 0 V                 ; -                  ; n/a           ; n/a             ; n/a         ;
; rem_out[26]   ; 2.5 V        ; 0 in              ; 0 H/in                  ; 0 F/in                  ; short         ; -                   ; open           ; open             ; open   ; 0 in             ; 0 H/in                 ; 0 F/in                 ; short        ; open          ; open            ; open  ; 0 V                 ; -                  ; n/a           ; n/a             ; n/a         ;
; rem_out[27]   ; 2.5 V        ; 0 in              ; 0 H/in                  ; 0 F/in                  ; short         ; -                   ; open           ; open             ; open   ; 0 in             ; 0 H/in                 ; 0 F/in                 ; short        ; open          ; open            ; open  ; 0 V                 ; -                  ; n/a           ; n/a             ; n/a         ;
; rem_out[28]   ; 2.5 V        ; 0 in              ; 0 H/in                  ; 0 F/in                  ; short         ; -                   ; open           ; open             ; open   ; 0 in             ; 0 H/in                 ; 0 F/in                 ; short        ; open          ; open            ; open  ; 0 V                 ; -                  ; n/a           ; n/a             ; n/a         ;
; rem_out[29]   ; 2.5 V        ; 0 in              ; 0 H/in                  ; 0 F/in                  ; short         ; -                   ; open           ; open             ; open   ; 0 in             ; 0 H/in                 ; 0 F/in                 ; short        ; open          ; open            ; open  ; 0 V                 ; -                  ; n/a           ; n/a             ; n/a         ;
; rem_out[30]   ; 2.5 V        ; 0 in              ; 0 H/in                  ; 0 F/in                  ; short         ; -                   ; open           ; open             ; open   ; 0 in             ; 0 H/in                 ; 0 F/in                 ; short        ; open          ; open            ; open  ; 0 V                 ; -                  ; n/a           ; n/a             ; n/a         ;
; rem_out[31]   ; 2.5 V        ; 0 in              ; 0 H/in                  ; 0 F/in                  ; short         ; -                   ; open           ; open             ; open   ; 0 in             ; 0 H/in                 ; 0 F/in                 ; short        ; open          ; open            ; open  ; 0 V                 ; -                  ; n/a           ; n/a             ; n/a         ;
; done          ; 2.5 V        ; 0 in              ; 0 H/in                  ; 0 F/in                  ; short         ; -                   ; open           ; open             ; open   ; 0 in             ; 0 H/in                 ; 0 F/in                 ; short        ; open          ; open            ; open  ; 0 V                 ; -                  ; n/a           ; n/a             ; n/a         ;
; ~ALTERA_DCLK~ ; 2.5 V        ; 0 in              ; 0 H/in                  ; 0 F/in                  ; short         ; -                   ; open           ; open             ; open   ; 0 in             ; 0 H/in                 ; 0 F/in                 ; short        ; open          ; open            ; open  ; 0 V                 ; -                  ; n/a           ; n/a             ; n/a         ;
; ~ALTERA_nCEO~ ; 2.5 V        ; 0 in              ; 0 H/in                  ; 0 F/in                  ; short         ; -                   ; open           ; open             ; open   ; 0 in             ; 0 H/in                 ; 0 F/in                 ; short        ; open          ; open            ; open  ; 0 V                 ; -                  ; n/a           ; n/a             ; n/a         ;
+---------------+--------------+-------------------+-------------------------+-------------------------+---------------+---------------------+----------------+------------------+--------+------------------+------------------------+------------------------+--------------+---------------+-----------------+-------+---------------------+--------------------+---------------+-----------------+-------------+


+----------------------------------------------------------------------------+
; Input Transition Times                                                     ;
+-------------------------+--------------+-----------------+-----------------+
; Pin                     ; I/O Standard ; 10-90 Rise Time ; 90-10 Fall Time ;
+-------------------------+--------------+-----------------+-----------------+
; clk                     ; 2.5 V        ; 2000 ps         ; 2000 ps         ;
; x_norm[31]              ; 2.5 V        ; 2000 ps         ; 2000 ps         ;
; x_norm[30]              ; 2.5 V        ; 2000 ps         ; 2000 ps         ;
; x_norm[29]              ; 2.5 V        ; 2000 ps         ; 2000 ps         ;
; x_norm[28]              ; 2.5 V        ; 2000 ps         ; 2000 ps         ;
; x_norm[27]              ; 2.5 V        ; 2000 ps         ; 2000 ps         ;
; x_norm[26]              ; 2.5 V        ; 2000 ps         ; 2000 ps         ;
; x_norm[25]              ; 2.5 V        ; 2000 ps         ; 2000 ps         ;
; x_norm[24]              ; 2.5 V        ; 2000 ps         ; 2000 ps         ;
; x_norm[23]              ; 2.5 V        ; 2000 ps         ; 2000 ps         ;
; x_norm[22]              ; 2.5 V        ; 2000 ps         ; 2000 ps         ;
; x_norm[21]              ; 2.5 V        ; 2000 ps         ; 2000 ps         ;
; x_norm[20]              ; 2.5 V        ; 2000 ps         ; 2000 ps         ;
; x_norm[19]              ; 2.5 V        ; 2000 ps         ; 2000 ps         ;
; x_norm[18]              ; 2.5 V        ; 2000 ps         ; 2000 ps         ;
; x_norm[17]              ; 2.5 V        ; 2000 ps         ; 2000 ps         ;
; x_norm[16]              ; 2.5 V        ; 2000 ps         ; 2000 ps         ;
; x_norm[15]              ; 2.5 V        ; 2000 ps         ; 2000 ps         ;
; x_norm[14]              ; 2.5 V        ; 2000 ps         ; 2000 ps         ;
; x_norm[13]              ; 2.5 V        ; 2000 ps         ; 2000 ps         ;
; x_norm[12]              ; 2.5 V        ; 2000 ps         ; 2000 ps         ;
; x_norm[11]              ; 2.5 V        ; 2000 ps         ; 2000 ps         ;
; x_norm[10]              ; 2.5 V        ; 2000 ps         ; 2000 ps         ;
; x_norm[9]               ; 2.5 V        ; 2000 ps         ; 2000 ps         ;
; x_norm[8]               ; 2.5 V        ; 2000 ps         ; 2000 ps         ;
; x_norm[7]               ; 2.5 V        ; 2000 ps         ; 2000 ps         ;
; x_norm[6]               ; 2.5 V        ; 2000 ps         ; 2000 ps         ;
; x_norm[5]               ; 2.5 V        ; 2000 ps         ; 2000 ps         ;
; x_norm[4]               ; 2.5 V        ; 2000 ps         ; 2000 ps         ;
; x_norm[3]               ; 2.5 V        ; 2000 ps         ; 2000 ps         ;
; x_norm[2]               ; 2.5 V        ; 2000 ps         ; 2000 ps         ;
; x_norm[1]               ; 2.5 V        ; 2000 ps         ; 2000 ps         ;
; x_norm[0]               ; 2.5 V        ; 2000 ps         ; 2000 ps         ;
; y_norm[0]               ; 2.5 V        ; 2000 ps         ; 2000 ps         ;
; y_norm[1]               ; 2.5 V        ; 2000 ps         ; 2000 ps         ;
; y_norm[2]               ; 2.5 V        ; 2000 ps         ; 2000 ps         ;
; y_norm[3]               ; 2.5 V        ; 2000 ps         ; 2000 ps         ;
; y_norm[4]               ; 2.5 V        ; 2000 ps         ; 2000 ps         ;
; y_norm[5]               ; 2.5 V        ; 2000 ps         ; 2000 ps         ;
; y_norm[6]               ; 2.5 V        ; 2000 ps         ; 2000 ps         ;
; y_norm[7]               ; 2.5 V        ; 2000 ps         ; 2000 ps         ;
; y_norm[8]               ; 2.5 V        ; 2000 ps         ; 2000 ps         ;
; y_norm[9]               ; 2.5 V        ; 2000 ps         ; 2000 ps         ;
; y_norm[10]              ; 2.5 V        ; 2000 ps         ; 2000 ps         ;
; y_norm[11]              ; 2.5 V        ; 2000 ps         ; 2000 ps         ;
; y_norm[12]              ; 2.5 V        ; 2000 ps         ; 2000 ps         ;
; y_norm[13]              ; 2.5 V        ; 2000 ps         ; 2000 ps         ;
; y_norm[14]              ; 2.5 V        ; 2000 ps         ; 2000 ps         ;
; y_norm[15]              ; 2.5 V        ; 2000 ps         ; 2000 ps         ;
; y_norm[16]              ; 2.5 V        ; 2000 ps         ; 2000 ps         ;
; y_norm[17]              ; 2.5 V        ; 2000 ps         ; 2000 ps         ;
; y_norm[18]              ; 2.5 V        ; 2000 ps         ; 2000 ps         ;
; y_norm[19]              ; 2.5 V        ; 2000 ps         ; 2000 ps         ;
; y_norm[20]              ; 2.5 V        ; 2000 ps         ; 2000 ps         ;
; y_norm[21]              ; 2.5 V        ; 2000 ps         ; 2000 ps         ;
; y_norm[22]              ; 2.5 V        ; 2000 ps         ; 2000 ps         ;
; y_norm[23]              ; 2.5 V        ; 2000 ps         ; 2000 ps         ;
; y_norm[24]              ; 2.5 V        ; 2000 ps         ; 2000 ps         ;
; y_norm[25]              ; 2.5 V        ; 2000 ps         ; 2000 ps         ;
; y_norm[26]              ; 2.5 V        ; 2000 ps         ; 2000 ps         ;
; y_norm[27]              ; 2.5 V        ; 2000 ps         ; 2000 ps         ;
; y_norm[28]              ; 2.5 V        ; 2000 ps         ; 2000 ps         ;
; y_norm[29]              ; 2.5 V        ; 2000 ps         ; 2000 ps         ;
; y_norm[30]              ; 2.5 V        ; 2000 ps         ; 2000 ps         ;
; y_norm[31]              ; 2.5 V        ; 2000 ps         ; 2000 ps         ;
; start                   ; 2.5 V        ; 2000 ps         ; 2000 ps         ;
; rst                     ; 2.5 V        ; 2000 ps         ; 2000 ps         ;
; ~ALTERA_ASDO_DATA1~     ; 2.5 V        ; 2000 ps         ; 2000 ps         ;
; ~ALTERA_FLASH_nCE_nCSO~ ; 2.5 V        ; 2000 ps         ; 2000 ps         ;
; ~ALTERA_DATA0~          ; 2.5 V        ; 2000 ps         ; 2000 ps         ;
+-------------------------+--------------+-----------------+-----------------+


+--------------------------------------------------------------------------------------------------------------------------------------------------------------------------------------------------------------------------------------------------------------------------------------------------------------------------------------------------------------------------------------------------------------------------------------------------------------------------------------------------------------------------------------------------------------------------------------------------------------------------------------------------------------------------------------------+
; Signal Integrity Metrics (Slow 1200mv 0c Model)                                                                                                                                                                                                                                                                                                                                                                                                                                                                                                                                                                                                                                            ;
+---------------+--------------+---------------------+---------------------+------------------------------+------------------------------+---------------------+---------------------+--------------------------------------+--------------------------------------+-----------------------------+-----------------------------+----------------------------+----------------------------+-----------------------------+-----------------------------+--------------------+--------------------+-------------------------------------+-------------------------------------+----------------------------+----------------------------+---------------------------+---------------------------+
; Pin           ; I/O Standard ; Board Delay on Rise ; Board Delay on Fall ; Steady State Voh at FPGA Pin ; Steady State Vol at FPGA Pin ; Voh Max at FPGA Pin ; Vol Min at FPGA Pin ; Ringback Voltage on Rise at FPGA Pin ; Ringback Voltage on Fall at FPGA Pin ; 10-90 Rise Time at FPGA Pin ; 90-10 Fall Time at FPGA Pin ; Monotonic Rise at FPGA Pin ; Monotonic Fall at FPGA Pin ; Steady State Voh at Far-end ; Steady State Vol at Far-end ; Voh Max at Far-end ; Vol Min at Far-end ; Ringback Voltage on Rise at Far-end ; Ringback Voltage on Fall at Far-end ; 10-90 Rise Time at Far-end ; 90-10 Fall Time at Far-end ; Monotonic Rise at Far-end ; Monotonic Fall at Far-end ;
+---------------+--------------+---------------------+---------------------+------------------------------+------------------------------+---------------------+---------------------+--------------------------------------+--------------------------------------+-----------------------------+-----------------------------+----------------------------+----------------------------+-----------------------------+-----------------------------+--------------------+--------------------+-------------------------------------+-------------------------------------+----------------------------+----------------------------+---------------------------+---------------------------+
; q_out[0]      ; 2.5 V        ; 0 s                 ; 0 s                 ; 2.32 V                       ; 5.95e-09 V                   ; 2.38 V              ; -0.016 V            ; 0.22 V                               ; 0.025 V                              ; 3.06e-10 s                  ; 3.3e-10 s                   ; Yes                        ; Yes                        ; 2.32 V                      ; 5.95e-09 V                  ; 2.38 V             ; -0.016 V           ; 0.22 V                              ; 0.025 V                             ; 3.06e-10 s                 ; 3.3e-10 s                  ; Yes                       ; Yes                       ;
; q_out[1]      ; 2.5 V        ; 0 s                 ; 0 s                 ; 2.32 V                       ; 5.95e-09 V                   ; 2.38 V              ; -0.016 V            ; 0.22 V                               ; 0.025 V                              ; 3.06e-10 s                  ; 3.3e-10 s                   ; Yes                        ; Yes                        ; 2.32 V                      ; 5.95e-09 V                  ; 2.38 V             ; -0.016 V           ; 0.22 V                              ; 0.025 V                             ; 3.06e-10 s                 ; 3.3e-10 s                  ; Yes                       ; Yes                       ;
; q_out[2]      ; 2.5 V        ; 0 s                 ; 0 s                 ; 2.32 V                       ; 4.44e-09 V                   ; 2.33 V              ; -0.00624 V          ; 0.185 V                              ; 0.097 V                              ; 2.82e-09 s                  ; 2.56e-09 s                  ; No                         ; Yes                        ; 2.32 V                      ; 4.44e-09 V                  ; 2.33 V             ; -0.00624 V         ; 0.185 V                             ; 0.097 V                             ; 2.82e-09 s                 ; 2.56e-09 s                 ; No                        ; Yes                       ;
; q_out[3]      ; 2.5 V        ; 0 s                 ; 0 s                 ; 2.32 V                       ; 5.95e-09 V                   ; 2.38 V              ; -0.016 V            ; 0.22 V                               ; 0.025 V                              ; 3.06e-10 s                  ; 3.3e-10 s                   ; Yes                        ; Yes                        ; 2.32 V                      ; 5.95e-09 V                  ; 2.38 V             ; -0.016 V           ; 0.22 V                              ; 0.025 V                             ; 3.06e-10 s                 ; 3.3e-10 s                  ; Yes                       ; Yes                       ;
; q_out[4]      ; 2.5 V        ; 0 s                 ; 0 s                 ; 2.32 V                       ; 5.95e-09 V                   ; 2.38 V              ; -0.016 V            ; 0.22 V                               ; 0.025 V                              ; 3.06e-10 s                  ; 3.3e-10 s                   ; Yes                        ; Yes                        ; 2.32 V                      ; 5.95e-09 V                  ; 2.38 V             ; -0.016 V           ; 0.22 V                              ; 0.025 V                             ; 3.06e-10 s                 ; 3.3e-10 s                  ; Yes                       ; Yes                       ;
; q_out[5]      ; 2.5 V        ; 0 s                 ; 0 s                 ; 2.32 V                       ; 4.44e-09 V                   ; 2.39 V              ; -0.0265 V           ; 0.2 V                                ; 0.033 V                              ; 2.94e-10 s                  ; 3.12e-10 s                  ; Yes                        ; Yes                        ; 2.32 V                      ; 4.44e-09 V                  ; 2.39 V             ; -0.0265 V          ; 0.2 V                               ; 0.033 V                             ; 2.94e-10 s                 ; 3.12e-10 s                 ; Yes                       ; Yes                       ;
; q_out[6]      ; 2.5 V        ; 0 s                 ; 0 s                 ; 2.32 V                       ; 5.95e-09 V                   ; 2.38 V              ; -0.016 V            ; 0.22 V                               ; 0.025 V                              ; 3.06e-10 s                  ; 3.3e-10 s                   ; Yes                        ; Yes                        ; 2.32 V                      ; 5.95e-09 V                  ; 2.38 V             ; -0.016 V           ; 0.22 V                              ; 0.025 V                             ; 3.06e-10 s                 ; 3.3e-10 s                  ; Yes                       ; Yes                       ;
; q_out[7]      ; 2.5 V        ; 0 s                 ; 0 s                 ; 2.32 V                       ; 5.95e-09 V                   ; 2.38 V              ; -0.016 V            ; 0.22 V                               ; 0.025 V                              ; 3.06e-10 s                  ; 3.3e-10 s                   ; Yes                        ; Yes                        ; 2.32 V                      ; 5.95e-09 V                  ; 2.38 V             ; -0.016 V           ; 0.22 V                              ; 0.025 V                             ; 3.06e-10 s                 ; 3.3e-10 s                  ; Yes                       ; Yes                       ;
; q_out[8]      ; 2.5 V        ; 0 s                 ; 0 s                 ; 2.32 V                       ; 5.95e-09 V                   ; 2.38 V              ; -0.016 V            ; 0.22 V                               ; 0.025 V                              ; 3.06e-10 s                  ; 3.3e-10 s                   ; Yes                        ; Yes                        ; 2.32 V                      ; 5.95e-09 V                  ; 2.38 V             ; -0.016 V           ; 0.22 V                              ; 0.025 V                             ; 3.06e-10 s                 ; 3.3e-10 s                  ; Yes                       ; Yes                       ;
; q_out[9]      ; 2.5 V        ; 0 s                 ; 0 s                 ; 2.32 V                       ; 5.95e-09 V                   ; 2.38 V              ; -0.016 V            ; 0.22 V                               ; 0.025 V                              ; 3.06e-10 s                  ; 3.3e-10 s                   ; Yes                        ; Yes                        ; 2.32 V                      ; 5.95e-09 V                  ; 2.38 V             ; -0.016 V           ; 0.22 V                              ; 0.025 V                             ; 3.06e-10 s                 ; 3.3e-10 s                  ; Yes                       ; Yes                       ;
; q_out[10]     ; 2.5 V        ; 0 s                 ; 0 s                 ; 2.32 V                       ; 5.95e-09 V                   ; 2.38 V              ; -0.016 V            ; 0.22 V                               ; 0.025 V                              ; 3.06e-10 s                  ; 3.3e-10 s                   ; Yes                        ; Yes                        ; 2.32 V                      ; 5.95e-09 V                  ; 2.38 V             ; -0.016 V           ; 0.22 V                              ; 0.025 V                             ; 3.06e-10 s                 ; 3.3e-10 s                  ; Yes                       ; Yes                       ;
; q_out[11]     ; 2.5 V        ; 0 s                 ; 0 s                 ; 2.32 V                       ; 5.95e-09 V                   ; 2.38 V              ; -0.016 V            ; 0.22 V                               ; 0.025 V                              ; 3.06e-10 s                  ; 3.3e-10 s                   ; Yes                        ; Yes                        ; 2.32 V                      ; 5.95e-09 V                  ; 2.38 V             ; -0.016 V           ; 0.22 V                              ; 0.025 V                             ; 3.06e-10 s                 ; 3.3e-10 s                  ; Yes                       ; Yes                       ;
; q_out[12]     ; 2.5 V        ; 0 s                 ; 0 s                 ; 2.32 V                       ; 4.44e-09 V                   ; 2.39 V              ; -0.0265 V           ; 0.2 V                                ; 0.033 V                              ; 2.94e-10 s                  ; 3.12e-10 s                  ; Yes                        ; Yes                        ; 2.32 V                      ; 4.44e-09 V                  ; 2.39 V             ; -0.0265 V          ; 0.2 V                               ; 0.033 V                             ; 2.94e-10 s                 ; 3.12e-10 s                 ; Yes                       ; Yes                       ;
; q_out[13]     ; 2.5 V        ; 0 s                 ; 0 s                 ; 2.32 V                       ; 4.44e-09 V                   ; 2.39 V              ; -0.0265 V           ; 0.2 V                                ; 0.033 V                              ; 2.94e-10 s                  ; 3.12e-10 s                  ; Yes                        ; Yes                        ; 2.32 V                      ; 4.44e-09 V                  ; 2.39 V             ; -0.0265 V          ; 0.2 V                               ; 0.033 V                             ; 2.94e-10 s                 ; 3.12e-10 s                 ; Yes                       ; Yes                       ;
; q_out[14]     ; 2.5 V        ; 0 s                 ; 0 s                 ; 2.32 V                       ; 5.95e-09 V                   ; 2.38 V              ; -0.016 V            ; 0.22 V                               ; 0.025 V                              ; 3.06e-10 s                  ; 3.3e-10 s                   ; Yes                        ; Yes                        ; 2.32 V                      ; 5.95e-09 V                  ; 2.38 V             ; -0.016 V           ; 0.22 V                              ; 0.025 V                             ; 3.06e-10 s                 ; 3.3e-10 s                  ; Yes                       ; Yes                       ;
; q_out[15]     ; 2.5 V        ; 0 s                 ; 0 s                 ; 2.32 V                       ; 5.95e-09 V                   ; 2.38 V              ; -0.016 V            ; 0.22 V                               ; 0.025 V                              ; 3.06e-10 s                  ; 3.3e-10 s                   ; Yes                        ; Yes                        ; 2.32 V                      ; 5.95e-09 V                  ; 2.38 V             ; -0.016 V           ; 0.22 V                              ; 0.025 V                             ; 3.06e-10 s                 ; 3.3e-10 s                  ; Yes                       ; Yes                       ;
; q_out[16]     ; 2.5 V        ; 0 s                 ; 0 s                 ; 2.32 V                       ; 5.95e-09 V                   ; 2.38 V              ; -0.016 V            ; 0.22 V                               ; 0.025 V                              ; 3.06e-10 s                  ; 3.3e-10 s                   ; Yes                        ; Yes                        ; 2.32 V                      ; 5.95e-09 V                  ; 2.38 V             ; -0.016 V           ; 0.22 V                              ; 0.025 V                             ; 3.06e-10 s                 ; 3.3e-10 s                  ; Yes                       ; Yes                       ;
; q_out[17]     ; 2.5 V        ; 0 s                 ; 0 s                 ; 2.32 V                       ; 5.95e-09 V                   ; 2.38 V              ; -0.016 V            ; 0.22 V                               ; 0.025 V                              ; 3.06e-10 s                  ; 3.3e-10 s                   ; Yes                        ; Yes                        ; 2.32 V                      ; 5.95e-09 V                  ; 2.38 V             ; -0.016 V           ; 0.22 V                              ; 0.025 V                             ; 3.06e-10 s                 ; 3.3e-10 s                  ; Yes                       ; Yes                       ;
; q_out[18]     ; 2.5 V        ; 0 s                 ; 0 s                 ; 2.32 V                       ; 5.95e-09 V                   ; 2.38 V              ; -0.016 V            ; 0.22 V                               ; 0.025 V                              ; 3.06e-10 s                  ; 3.3e-10 s                   ; Yes                        ; Yes                        ; 2.32 V                      ; 5.95e-09 V                  ; 2.38 V             ; -0.016 V           ; 0.22 V                              ; 0.025 V                             ; 3.06e-10 s                 ; 3.3e-10 s                  ; Yes                       ; Yes                       ;
; q_out[19]     ; 2.5 V        ; 0 s                 ; 0 s                 ; 2.32 V                       ; 5.95e-09 V                   ; 2.38 V              ; -0.016 V            ; 0.22 V                               ; 0.025 V                              ; 3.06e-10 s                  ; 3.3e-10 s                   ; Yes                        ; Yes                        ; 2.32 V                      ; 5.95e-09 V                  ; 2.38 V             ; -0.016 V           ; 0.22 V                              ; 0.025 V                             ; 3.06e-10 s                 ; 3.3e-10 s                  ; Yes                       ; Yes                       ;
; q_out[20]     ; 2.5 V        ; 0 s                 ; 0 s                 ; 2.32 V                       ; 5.95e-09 V                   ; 2.38 V              ; -0.016 V            ; 0.22 V                               ; 0.025 V                              ; 3.06e-10 s                  ; 3.3e-10 s                   ; Yes                        ; Yes                        ; 2.32 V                      ; 5.95e-09 V                  ; 2.38 V             ; -0.016 V           ; 0.22 V                              ; 0.025 V                             ; 3.06e-10 s                 ; 3.3e-10 s                  ; Yes                       ; Yes                       ;
; q_out[21]     ; 2.5 V        ; 0 s                 ; 0 s                 ; 2.32 V                       ; 5.95e-09 V                   ; 2.38 V              ; -0.016 V            ; 0.22 V                               ; 0.025 V                              ; 3.06e-10 s                  ; 3.3e-10 s                   ; Yes                        ; Yes                        ; 2.32 V                      ; 5.95e-09 V                  ; 2.38 V             ; -0.016 V           ; 0.22 V                              ; 0.025 V                             ; 3.06e-10 s                 ; 3.3e-10 s                  ; Yes                       ; Yes                       ;
; q_out[22]     ; 2.5 V        ; 0 s                 ; 0 s                 ; 2.32 V                       ; 5.95e-09 V                   ; 2.38 V              ; -0.016 V            ; 0.22 V                               ; 0.025 V                              ; 3.06e-10 s                  ; 3.3e-10 s                   ; Yes                        ; Yes                        ; 2.32 V                      ; 5.95e-09 V                  ; 2.38 V             ; -0.016 V           ; 0.22 V                              ; 0.025 V                             ; 3.06e-10 s                 ; 3.3e-10 s                  ; Yes                       ; Yes                       ;
; q_out[23]     ; 2.5 V        ; 0 s                 ; 0 s                 ; 2.32 V                       ; 5.95e-09 V                   ; 2.38 V              ; -0.016 V            ; 0.22 V                               ; 0.025 V                              ; 3.06e-10 s                  ; 3.3e-10 s                   ; Yes                        ; Yes                        ; 2.32 V                      ; 5.95e-09 V                  ; 2.38 V             ; -0.016 V           ; 0.22 V                              ; 0.025 V                             ; 3.06e-10 s                 ; 3.3e-10 s                  ; Yes                       ; Yes                       ;
; q_out[24]     ; 2.5 V        ; 0 s                 ; 0 s                 ; 2.32 V                       ; 4.44e-09 V                   ; 2.38 V              ; -0.0145 V           ; 0.169 V                              ; 0.026 V                              ; 4.83e-10 s                  ; 4.71e-10 s                  ; Yes                        ; Yes                        ; 2.32 V                      ; 4.44e-09 V                  ; 2.38 V             ; -0.0145 V          ; 0.169 V                             ; 0.026 V                             ; 4.83e-10 s                 ; 4.71e-10 s                 ; Yes                       ; Yes                       ;
; q_out[25]     ; 2.5 V        ; 0 s                 ; 0 s                 ; 2.32 V                       ; 5.95e-09 V                   ; 2.38 V              ; -0.016 V            ; 0.22 V                               ; 0.025 V                              ; 3.06e-10 s                  ; 3.3e-10 s                   ; Yes                        ; Yes                        ; 2.32 V                      ; 5.95e-09 V                  ; 2.38 V             ; -0.016 V           ; 0.22 V                              ; 0.025 V                             ; 3.06e-10 s                 ; 3.3e-10 s                  ; Yes                       ; Yes                       ;
; q_out[26]     ; 2.5 V        ; 0 s                 ; 0 s                 ; 2.32 V                       ; 4.44e-09 V                   ; 2.38 V              ; -0.0145 V           ; 0.169 V                              ; 0.026 V                              ; 4.83e-10 s                  ; 4.71e-10 s                  ; Yes                        ; Yes                        ; 2.32 V                      ; 4.44e-09 V                  ; 2.38 V             ; -0.0145 V          ; 0.169 V                             ; 0.026 V                             ; 4.83e-10 s                 ; 4.71e-10 s                 ; Yes                       ; Yes                       ;
; q_out[27]     ; 2.5 V        ; 0 s                 ; 0 s                 ; 2.32 V                       ; 5.95e-09 V                   ; 2.33 V              ; -0.00616 V          ; 0.191 V                              ; 0.099 V                              ; 2.83e-09 s                  ; 2.56e-09 s                  ; No                         ; Yes                        ; 2.32 V                      ; 5.95e-09 V                  ; 2.33 V             ; -0.00616 V         ; 0.191 V                             ; 0.099 V                             ; 2.83e-09 s                 ; 2.56e-09 s                 ; No                        ; Yes                       ;
; q_out[28]     ; 2.5 V        ; 0 s                 ; 0 s                 ; 2.32 V                       ; 5.95e-09 V                   ; 2.38 V              ; -0.016 V            ; 0.22 V                               ; 0.025 V                              ; 3.06e-10 s                  ; 3.3e-10 s                   ; Yes                        ; Yes                        ; 2.32 V                      ; 5.95e-09 V                  ; 2.38 V             ; -0.016 V           ; 0.22 V                              ; 0.025 V                             ; 3.06e-10 s                 ; 3.3e-10 s                  ; Yes                       ; Yes                       ;
; q_out[29]     ; 2.5 V        ; 0 s                 ; 0 s                 ; 2.32 V                       ; 5.95e-09 V                   ; 2.38 V              ; -0.016 V            ; 0.22 V                               ; 0.025 V                              ; 3.06e-10 s                  ; 3.3e-10 s                   ; Yes                        ; Yes                        ; 2.32 V                      ; 5.95e-09 V                  ; 2.38 V             ; -0.016 V           ; 0.22 V                              ; 0.025 V                             ; 3.06e-10 s                 ; 3.3e-10 s                  ; Yes                       ; Yes                       ;
; q_out[30]     ; 2.5 V        ; 0 s                 ; 0 s                 ; 2.32 V                       ; 4.44e-09 V                   ; 2.39 V              ; -0.0265 V           ; 0.2 V                                ; 0.033 V                              ; 2.94e-10 s                  ; 3.12e-10 s                  ; Yes                        ; Yes                        ; 2.32 V                      ; 4.44e-09 V                  ; 2.39 V             ; -0.0265 V          ; 0.2 V                               ; 0.033 V                             ; 2.94e-10 s                 ; 3.12e-10 s                 ; Yes                       ; Yes                       ;
; q_out[31]     ; 2.5 V        ; 0 s                 ; 0 s                 ; 2.32 V                       ; 5.95e-09 V                   ; 2.38 V              ; -0.016 V            ; 0.22 V                               ; 0.025 V                              ; 3.06e-10 s                  ; 3.3e-10 s                   ; Yes                        ; Yes                        ; 2.32 V                      ; 5.95e-09 V                  ; 2.38 V             ; -0.016 V           ; 0.22 V                              ; 0.025 V                             ; 3.06e-10 s                 ; 3.3e-10 s                  ; Yes                       ; Yes                       ;
; rem_out[0]    ; 2.5 V        ; 0 s                 ; 0 s                 ; 2.32 V                       ; 5.95e-09 V                   ; 2.38 V              ; -0.016 V            ; 0.22 V                               ; 0.025 V                              ; 3.06e-10 s                  ; 3.3e-10 s                   ; Yes                        ; Yes                        ; 2.32 V                      ; 5.95e-09 V                  ; 2.38 V             ; -0.016 V           ; 0.22 V                              ; 0.025 V                             ; 3.06e-10 s                 ; 3.3e-10 s                  ; Yes                       ; Yes                       ;
; rem_out[1]    ; 2.5 V        ; 0 s                 ; 0 s                 ; 2.32 V                       ; 5.95e-09 V                   ; 2.38 V              ; -0.016 V            ; 0.22 V                               ; 0.025 V                              ; 3.06e-10 s                  ; 3.3e-10 s                   ; Yes                        ; Yes                        ; 2.32 V                      ; 5.95e-09 V                  ; 2.38 V             ; -0.016 V           ; 0.22 V                              ; 0.025 V                             ; 3.06e-10 s                 ; 3.3e-10 s                  ; Yes                       ; Yes                       ;
; rem_out[2]    ; 2.5 V        ; 0 s                 ; 0 s                 ; 2.32 V                       ; 4.44e-09 V                   ; 2.39 V              ; -0.0265 V           ; 0.2 V                                ; 0.033 V                              ; 2.94e-10 s                  ; 3.12e-10 s                  ; Yes                        ; Yes                        ; 2.32 V                      ; 4.44e-09 V                  ; 2.39 V             ; -0.0265 V          ; 0.2 V                               ; 0.033 V                             ; 2.94e-10 s                 ; 3.12e-10 s                 ; Yes                       ; Yes                       ;
; rem_out[3]    ; 2.5 V        ; 0 s                 ; 0 s                 ; 2.32 V                       ; 5.95e-09 V                   ; 2.38 V              ; -0.016 V            ; 0.22 V                               ; 0.025 V                              ; 3.06e-10 s                  ; 3.3e-10 s                   ; Yes                        ; Yes                        ; 2.32 V                      ; 5.95e-09 V                  ; 2.38 V             ; -0.016 V           ; 0.22 V                              ; 0.025 V                             ; 3.06e-10 s                 ; 3.3e-10 s                  ; Yes                       ; Yes                       ;
; rem_out[4]    ; 2.5 V        ; 0 s                 ; 0 s                 ; 2.32 V                       ; 4.44e-09 V                   ; 2.39 V              ; -0.0265 V           ; 0.2 V                                ; 0.033 V                              ; 2.94e-10 s                  ; 3.12e-10 s                  ; Yes                        ; Yes                        ; 2.32 V                      ; 4.44e-09 V                  ; 2.39 V             ; -0.0265 V          ; 0.2 V                               ; 0.033 V                             ; 2.94e-10 s                 ; 3.12e-10 s                 ; Yes                       ; Yes                       ;
; rem_out[5]    ; 2.5 V        ; 0 s                 ; 0 s                 ; 2.32 V                       ; 4.44e-09 V                   ; 2.38 V              ; -0.0145 V           ; 0.169 V                              ; 0.026 V                              ; 4.83e-10 s                  ; 4.71e-10 s                  ; Yes                        ; Yes                        ; 2.32 V                      ; 4.44e-09 V                  ; 2.38 V             ; -0.0145 V          ; 0.169 V                             ; 0.026 V                             ; 4.83e-10 s                 ; 4.71e-10 s                 ; Yes                       ; Yes                       ;
; rem_out[6]    ; 2.5 V        ; 0 s                 ; 0 s                 ; 2.32 V                       ; 4.44e-09 V                   ; 2.39 V              ; -0.0265 V           ; 0.2 V                                ; 0.033 V                              ; 2.94e-10 s                  ; 3.12e-10 s                  ; Yes                        ; Yes                        ; 2.32 V                      ; 4.44e-09 V                  ; 2.39 V             ; -0.0265 V          ; 0.2 V                               ; 0.033 V                             ; 2.94e-10 s                 ; 3.12e-10 s                 ; Yes                       ; Yes                       ;
; rem_out[7]    ; 2.5 V        ; 0 s                 ; 0 s                 ; 2.32 V                       ; 4.44e-09 V                   ; 2.38 V              ; -0.0145 V           ; 0.169 V                              ; 0.026 V                              ; 4.83e-10 s                  ; 4.71e-10 s                  ; Yes                        ; Yes                        ; 2.32 V                      ; 4.44e-09 V                  ; 2.38 V             ; -0.0145 V          ; 0.169 V                             ; 0.026 V                             ; 4.83e-10 s                 ; 4.71e-10 s                 ; Yes                       ; Yes                       ;
; rem_out[8]    ; 2.5 V        ; 0 s                 ; 0 s                 ; 2.32 V                       ; 5.95e-09 V                   ; 2.38 V              ; -0.016 V            ; 0.22 V                               ; 0.025 V                              ; 3.06e-10 s                  ; 3.3e-10 s                   ; Yes                        ; Yes                        ; 2.32 V                      ; 5.95e-09 V                  ; 2.38 V             ; -0.016 V           ; 0.22 V                              ; 0.025 V                             ; 3.06e-10 s                 ; 3.3e-10 s                  ; Yes                       ; Yes                       ;
; rem_out[9]    ; 2.5 V        ; 0 s                 ; 0 s                 ; 2.32 V                       ; 4.44e-09 V                   ; 2.38 V              ; -0.0145 V           ; 0.169 V                              ; 0.026 V                              ; 4.83e-10 s                  ; 4.71e-10 s                  ; Yes                        ; Yes                        ; 2.32 V                      ; 4.44e-09 V                  ; 2.38 V             ; -0.0145 V          ; 0.169 V                             ; 0.026 V                             ; 4.83e-10 s                 ; 4.71e-10 s                 ; Yes                       ; Yes                       ;
; rem_out[10]   ; 2.5 V        ; 0 s                 ; 0 s                 ; 2.32 V                       ; 4.44e-09 V                   ; 2.38 V              ; -0.0145 V           ; 0.169 V                              ; 0.026 V                              ; 4.83e-10 s                  ; 4.71e-10 s                  ; Yes                        ; Yes                        ; 2.32 V                      ; 4.44e-09 V                  ; 2.38 V             ; -0.0145 V          ; 0.169 V                             ; 0.026 V                             ; 4.83e-10 s                 ; 4.71e-10 s                 ; Yes                       ; Yes                       ;
; rem_out[11]   ; 2.5 V        ; 0 s                 ; 0 s                 ; 2.32 V                       ; 5.95e-09 V                   ; 2.38 V              ; -0.016 V            ; 0.22 V                               ; 0.025 V                              ; 3.06e-10 s                  ; 3.3e-10 s                   ; Yes                        ; Yes                        ; 2.32 V                      ; 5.95e-09 V                  ; 2.38 V             ; -0.016 V           ; 0.22 V                              ; 0.025 V                             ; 3.06e-10 s                 ; 3.3e-10 s                  ; Yes                       ; Yes                       ;
; rem_out[12]   ; 2.5 V        ; 0 s                 ; 0 s                 ; 2.32 V                       ; 5.95e-09 V                   ; 2.38 V              ; -0.016 V            ; 0.22 V                               ; 0.025 V                              ; 3.06e-10 s                  ; 3.3e-10 s                   ; Yes                        ; Yes                        ; 2.32 V                      ; 5.95e-09 V                  ; 2.38 V             ; -0.016 V           ; 0.22 V                              ; 0.025 V                             ; 3.06e-10 s                 ; 3.3e-10 s                  ; Yes                       ; Yes                       ;
; rem_out[13]   ; 2.5 V        ; 0 s                 ; 0 s                 ; 2.32 V                       ; 5.95e-09 V                   ; 2.38 V              ; -0.016 V            ; 0.22 V                               ; 0.025 V                              ; 3.06e-10 s                  ; 3.3e-10 s                   ; Yes                        ; Yes                        ; 2.32 V                      ; 5.95e-09 V                  ; 2.38 V             ; -0.016 V           ; 0.22 V                              ; 0.025 V                             ; 3.06e-10 s                 ; 3.3e-10 s                  ; Yes                       ; Yes                       ;
; rem_out[14]   ; 2.5 V        ; 0 s                 ; 0 s                 ; 2.32 V                       ; 5.95e-09 V                   ; 2.38 V              ; -0.016 V            ; 0.22 V                               ; 0.025 V                              ; 3.06e-10 s                  ; 3.3e-10 s                   ; Yes                        ; Yes                        ; 2.32 V                      ; 5.95e-09 V                  ; 2.38 V             ; -0.016 V           ; 0.22 V                              ; 0.025 V                             ; 3.06e-10 s                 ; 3.3e-10 s                  ; Yes                       ; Yes                       ;
; rem_out[15]   ; 2.5 V        ; 0 s                 ; 0 s                 ; 2.32 V                       ; 4.44e-09 V                   ; 2.38 V              ; -0.0145 V           ; 0.169 V                              ; 0.026 V                              ; 4.83e-10 s                  ; 4.71e-10 s                  ; Yes                        ; Yes                        ; 2.32 V                      ; 4.44e-09 V                  ; 2.38 V             ; -0.0145 V          ; 0.169 V                             ; 0.026 V                             ; 4.83e-10 s                 ; 4.71e-10 s                 ; Yes                       ; Yes                       ;
; rem_out[16]   ; 2.5 V        ; 0 s                 ; 0 s                 ; 2.32 V                       ; 5.95e-09 V                   ; 2.38 V              ; -0.016 V            ; 0.22 V                               ; 0.025 V                              ; 3.06e-10 s                  ; 3.3e-10 s                   ; Yes                        ; Yes                        ; 2.32 V                      ; 5.95e-09 V                  ; 2.38 V             ; -0.016 V           ; 0.22 V                              ; 0.025 V                             ; 3.06e-10 s                 ; 3.3e-10 s                  ; Yes                       ; Yes                       ;
; rem_out[17]   ; 2.5 V        ; 0 s                 ; 0 s                 ; 2.32 V                       ; 5.95e-09 V                   ; 2.38 V              ; -0.016 V            ; 0.22 V                               ; 0.025 V                              ; 3.06e-10 s                  ; 3.3e-10 s                   ; Yes                        ; Yes                        ; 2.32 V                      ; 5.95e-09 V                  ; 2.38 V             ; -0.016 V           ; 0.22 V                              ; 0.025 V                             ; 3.06e-10 s                 ; 3.3e-10 s                  ; Yes                       ; Yes                       ;
; rem_out[18]   ; 2.5 V        ; 0 s                 ; 0 s                 ; 2.32 V                       ; 5.95e-09 V                   ; 2.33 V              ; -0.00616 V          ; 0.191 V                              ; 0.099 V                              ; 2.83e-09 s                  ; 2.56e-09 s                  ; No                         ; Yes                        ; 2.32 V                      ; 5.95e-09 V                  ; 2.33 V             ; -0.00616 V         ; 0.191 V                             ; 0.099 V                             ; 2.83e-09 s                 ; 2.56e-09 s                 ; No                        ; Yes                       ;
; rem_out[19]   ; 2.5 V        ; 0 s                 ; 0 s                 ; 2.32 V                       ; 4.44e-09 V                   ; 2.38 V              ; -0.0145 V           ; 0.169 V                              ; 0.026 V                              ; 4.83e-10 s                  ; 4.71e-10 s                  ; Yes                        ; Yes                        ; 2.32 V                      ; 4.44e-09 V                  ; 2.38 V             ; -0.0145 V          ; 0.169 V                             ; 0.026 V                             ; 4.83e-10 s                 ; 4.71e-10 s                 ; Yes                       ; Yes                       ;
; rem_out[20]   ; 2.5 V        ; 0 s                 ; 0 s                 ; 2.32 V                       ; 5.95e-09 V                   ; 2.38 V              ; -0.016 V            ; 0.22 V                               ; 0.025 V                              ; 3.06e-10 s                  ; 3.3e-10 s                   ; Yes                        ; Yes                        ; 2.32 V                      ; 5.95e-09 V                  ; 2.38 V             ; -0.016 V           ; 0.22 V                              ; 0.025 V                             ; 3.06e-10 s                 ; 3.3e-10 s                  ; Yes                       ; Yes                       ;
; rem_out[21]   ; 2.5 V        ; 0 s                 ; 0 s                 ; 2.32 V                       ; 5.95e-09 V                   ; 2.38 V              ; -0.016 V            ; 0.22 V                               ; 0.025 V                              ; 3.06e-10 s                  ; 3.3e-10 s                   ; Yes                        ; Yes                        ; 2.32 V                      ; 5.95e-09 V                  ; 2.38 V             ; -0.016 V           ; 0.22 V                              ; 0.025 V                             ; 3.06e-10 s                 ; 3.3e-10 s                  ; Yes                       ; Yes                       ;
; rem_out[22]   ; 2.5 V        ; 0 s                 ; 0 s                 ; 2.32 V                       ; 4.44e-09 V                   ; 2.38 V              ; -0.0145 V           ; 0.169 V                              ; 0.026 V                              ; 4.83e-10 s                  ; 4.71e-10 s                  ; Yes                        ; Yes                        ; 2.32 V                      ; 4.44e-09 V                  ; 2.38 V             ; -0.0145 V          ; 0.169 V                             ; 0.026 V                             ; 4.83e-10 s                 ; 4.71e-10 s                 ; Yes                       ; Yes                       ;
; rem_out[23]   ; 2.5 V        ; 0 s                 ; 0 s                 ; 2.32 V                       ; 4.44e-09 V                   ; 2.38 V              ; -0.0145 V           ; 0.169 V                              ; 0.026 V                              ; 4.83e-10 s                  ; 4.71e-10 s                  ; Yes                        ; Yes                        ; 2.32 V                      ; 4.44e-09 V                  ; 2.38 V             ; -0.0145 V          ; 0.169 V                             ; 0.026 V                             ; 4.83e-10 s                 ; 4.71e-10 s                 ; Yes                       ; Yes                       ;
; rem_out[24]   ; 2.5 V        ; 0 s                 ; 0 s                 ; 2.32 V                       ; 5.95e-09 V                   ; 2.38 V              ; -0.016 V            ; 0.22 V                               ; 0.025 V                              ; 3.06e-10 s                  ; 3.3e-10 s                   ; Yes                        ; Yes                        ; 2.32 V                      ; 5.95e-09 V                  ; 2.38 V             ; -0.016 V           ; 0.22 V                              ; 0.025 V                             ; 3.06e-10 s                 ; 3.3e-10 s                  ; Yes                       ; Yes                       ;
; rem_out[25]   ; 2.5 V        ; 0 s                 ; 0 s                 ; 2.32 V                       ; 4.44e-09 V                   ; 2.38 V              ; -0.0145 V           ; 0.169 V                              ; 0.026 V                              ; 4.83e-10 s                  ; 4.71e-10 s                  ; Yes                        ; Yes                        ; 2.32 V                      ; 4.44e-09 V                  ; 2.38 V             ; -0.0145 V          ; 0.169 V                             ; 0.026 V                             ; 4.83e-10 s                 ; 4.71e-10 s                 ; Yes                       ; Yes                       ;
; rem_out[26]   ; 2.5 V        ; 0 s                 ; 0 s                 ; 2.32 V                       ; 5.95e-09 V                   ; 2.38 V              ; -0.016 V            ; 0.22 V                               ; 0.025 V                              ; 3.06e-10 s                  ; 3.3e-10 s                   ; Yes                        ; Yes                        ; 2.32 V                      ; 5.95e-09 V                  ; 2.38 V             ; -0.016 V           ; 0.22 V                              ; 0.025 V                             ; 3.06e-10 s                 ; 3.3e-10 s                  ; Yes                       ; Yes                       ;
; rem_out[27]   ; 2.5 V        ; 0 s                 ; 0 s                 ; 2.32 V                       ; 4.44e-09 V                   ; 2.33 V              ; -0.00624 V          ; 0.185 V                              ; 0.097 V                              ; 2.82e-09 s                  ; 2.56e-09 s                  ; No                         ; Yes                        ; 2.32 V                      ; 4.44e-09 V                  ; 2.33 V             ; -0.00624 V         ; 0.185 V                             ; 0.097 V                             ; 2.82e-09 s                 ; 2.56e-09 s                 ; No                        ; Yes                       ;
; rem_out[28]   ; 2.5 V        ; 0 s                 ; 0 s                 ; 2.32 V                       ; 5.95e-09 V                   ; 2.38 V              ; -0.016 V            ; 0.22 V                               ; 0.025 V                              ; 3.06e-10 s                  ; 3.3e-10 s                   ; Yes                        ; Yes                        ; 2.32 V                      ; 5.95e-09 V                  ; 2.38 V             ; -0.016 V           ; 0.22 V                              ; 0.025 V                             ; 3.06e-10 s                 ; 3.3e-10 s                  ; Yes                       ; Yes                       ;
; rem_out[29]   ; 2.5 V        ; 0 s                 ; 0 s                 ; 2.32 V                       ; 5.95e-09 V                   ; 2.38 V              ; -0.016 V            ; 0.22 V                               ; 0.025 V                              ; 3.06e-10 s                  ; 3.3e-10 s                   ; Yes                        ; Yes                        ; 2.32 V                      ; 5.95e-09 V                  ; 2.38 V             ; -0.016 V           ; 0.22 V                              ; 0.025 V                             ; 3.06e-10 s                 ; 3.3e-10 s                  ; Yes                       ; Yes                       ;
; rem_out[30]   ; 2.5 V        ; 0 s                 ; 0 s                 ; 2.32 V                       ; 5.95e-09 V                   ; 2.38 V              ; -0.016 V            ; 0.22 V                               ; 0.025 V                              ; 3.06e-10 s                  ; 3.3e-10 s                   ; Yes                        ; Yes                        ; 2.32 V                      ; 5.95e-09 V                  ; 2.38 V             ; -0.016 V           ; 0.22 V                              ; 0.025 V                             ; 3.06e-10 s                 ; 3.3e-10 s                  ; Yes                       ; Yes                       ;
; rem_out[31]   ; 2.5 V        ; 0 s                 ; 0 s                 ; 2.32 V                       ; 4.44e-09 V                   ; 2.38 V              ; -0.0145 V           ; 0.169 V                              ; 0.026 V                              ; 4.83e-10 s                  ; 4.71e-10 s                  ; Yes                        ; Yes                        ; 2.32 V                      ; 4.44e-09 V                  ; 2.38 V             ; -0.0145 V          ; 0.169 V                             ; 0.026 V                             ; 4.83e-10 s                 ; 4.71e-10 s                 ; Yes                       ; Yes                       ;
; done          ; 2.5 V        ; 0 s                 ; 0 s                 ; 2.32 V                       ; 5.95e-09 V                   ; 2.38 V              ; -0.016 V            ; 0.22 V                               ; 0.025 V                              ; 3.06e-10 s                  ; 3.3e-10 s                   ; Yes                        ; Yes                        ; 2.32 V                      ; 5.95e-09 V                  ; 2.38 V             ; -0.016 V           ; 0.22 V                              ; 0.025 V                             ; 3.06e-10 s                 ; 3.3e-10 s                  ; Yes                       ; Yes                       ;
; ~ALTERA_DCLK~ ; 2.5 V        ; 0 s                 ; 0 s                 ; 2.32 V                       ; 3.45e-09 V                   ; 2.38 V              ; -0.0609 V           ; 0.148 V                              ; 0.095 V                              ; 2.82e-10 s                  ; 2.59e-10 s                  ; Yes                        ; Yes                        ; 2.32 V                      ; 3.45e-09 V                  ; 2.38 V             ; -0.0609 V          ; 0.148 V                             ; 0.095 V                             ; 2.82e-10 s                 ; 2.59e-10 s                 ; Yes                       ; Yes                       ;
; ~ALTERA_nCEO~ ; 2.5 V        ; 0 s                 ; 0 s                 ; 2.32 V                       ; 5.61e-09 V                   ; 2.38 V              ; -0.00274 V          ; 0.141 V                              ; 0.006 V                              ; 4.7e-10 s                   ; 6.02e-10 s                  ; Yes                        ; Yes                        ; 2.32 V                      ; 5.61e-09 V                  ; 2.38 V             ; -0.00274 V         ; 0.141 V                             ; 0.006 V                             ; 4.7e-10 s                  ; 6.02e-10 s                 ; Yes                       ; Yes                       ;
+---------------+--------------+---------------------+---------------------+------------------------------+------------------------------+---------------------+---------------------+--------------------------------------+--------------------------------------+-----------------------------+-----------------------------+----------------------------+----------------------------+-----------------------------+-----------------------------+--------------------+--------------------+-------------------------------------+-------------------------------------+----------------------------+----------------------------+---------------------------+---------------------------+


+--------------------------------------------------------------------------------------------------------------------------------------------------------------------------------------------------------------------------------------------------------------------------------------------------------------------------------------------------------------------------------------------------------------------------------------------------------------------------------------------------------------------------------------------------------------------------------------------------------------------------------------------------------------------------------------------+
; Signal Integrity Metrics (Slow 1200mv 85c Model)                                                                                                                                                                                                                                                                                                                                                                                                                                                                                                                                                                                                                                           ;
+---------------+--------------+---------------------+---------------------+------------------------------+------------------------------+---------------------+---------------------+--------------------------------------+--------------------------------------+-----------------------------+-----------------------------+----------------------------+----------------------------+-----------------------------+-----------------------------+--------------------+--------------------+-------------------------------------+-------------------------------------+----------------------------+----------------------------+---------------------------+---------------------------+
; Pin           ; I/O Standard ; Board Delay on Rise ; Board Delay on Fall ; Steady State Voh at FPGA Pin ; Steady State Vol at FPGA Pin ; Voh Max at FPGA Pin ; Vol Min at FPGA Pin ; Ringback Voltage on Rise at FPGA Pin ; Ringback Voltage on Fall at FPGA Pin ; 10-90 Rise Time at FPGA Pin ; 90-10 Fall Time at FPGA Pin ; Monotonic Rise at FPGA Pin ; Monotonic Fall at FPGA Pin ; Steady State Voh at Far-end ; Steady State Vol at Far-end ; Voh Max at Far-end ; Vol Min at Far-end ; Ringback Voltage on Rise at Far-end ; Ringback Voltage on Fall at Far-end ; 10-90 Rise Time at Far-end ; 90-10 Fall Time at Far-end ; Monotonic Rise at Far-end ; Monotonic Fall at Far-end ;
+---------------+--------------+---------------------+---------------------+------------------------------+------------------------------+---------------------+---------------------+--------------------------------------+--------------------------------------+-----------------------------+-----------------------------+----------------------------+----------------------------+-----------------------------+-----------------------------+--------------------+--------------------+-------------------------------------+-------------------------------------+----------------------------+----------------------------+---------------------------+---------------------------+
; q_out[0]      ; 2.5 V        ; 0 s                 ; 0 s                 ; 2.32 V                       ; 1.06e-06 V                   ; 2.36 V              ; -0.00724 V          ; 0.107 V                              ; 0.02 V                               ; 4.5e-10 s                   ; 4.25e-10 s                  ; Yes                        ; Yes                        ; 2.32 V                      ; 1.06e-06 V                  ; 2.36 V             ; -0.00724 V         ; 0.107 V                             ; 0.02 V                              ; 4.5e-10 s                  ; 4.25e-10 s                 ; Yes                       ; Yes                       ;
; q_out[1]      ; 2.5 V        ; 0 s                 ; 0 s                 ; 2.32 V                       ; 1.06e-06 V                   ; 2.36 V              ; -0.00724 V          ; 0.107 V                              ; 0.02 V                               ; 4.5e-10 s                   ; 4.25e-10 s                  ; Yes                        ; Yes                        ; 2.32 V                      ; 1.06e-06 V                  ; 2.36 V             ; -0.00724 V         ; 0.107 V                             ; 0.02 V                              ; 4.5e-10 s                  ; 4.25e-10 s                 ; Yes                       ; Yes                       ;
; q_out[2]      ; 2.5 V        ; 0 s                 ; 0 s                 ; 2.32 V                       ; 7.16e-07 V                   ; 2.33 V              ; -0.00349 V          ; 0.163 V                              ; 0.074 V                              ; 3.33e-09 s                  ; 3.14e-09 s                  ; Yes                        ; Yes                        ; 2.32 V                      ; 7.16e-07 V                  ; 2.33 V             ; -0.00349 V         ; 0.163 V                             ; 0.074 V                             ; 3.33e-09 s                 ; 3.14e-09 s                 ; Yes                       ; Yes                       ;
; q_out[3]      ; 2.5 V        ; 0 s                 ; 0 s                 ; 2.32 V                       ; 1.06e-06 V                   ; 2.36 V              ; -0.00724 V          ; 0.107 V                              ; 0.02 V                               ; 4.5e-10 s                   ; 4.25e-10 s                  ; Yes                        ; Yes                        ; 2.32 V                      ; 1.06e-06 V                  ; 2.36 V             ; -0.00724 V         ; 0.107 V                             ; 0.02 V                              ; 4.5e-10 s                  ; 4.25e-10 s                 ; Yes                       ; Yes                       ;
; q_out[4]      ; 2.5 V        ; 0 s                 ; 0 s                 ; 2.32 V                       ; 1.06e-06 V                   ; 2.36 V              ; -0.00724 V          ; 0.107 V                              ; 0.02 V                               ; 4.5e-10 s                   ; 4.25e-10 s                  ; Yes                        ; Yes                        ; 2.32 V                      ; 1.06e-06 V                  ; 2.36 V             ; -0.00724 V         ; 0.107 V                             ; 0.02 V                              ; 4.5e-10 s                  ; 4.25e-10 s                 ; Yes                       ; Yes                       ;
; q_out[5]      ; 2.5 V        ; 0 s                 ; 0 s                 ; 2.32 V                       ; 7.16e-07 V                   ; 2.36 V              ; -0.00476 V          ; 0.096 V                              ; 0.013 V                              ; 4.39e-10 s                  ; 4.15e-10 s                  ; Yes                        ; Yes                        ; 2.32 V                      ; 7.16e-07 V                  ; 2.36 V             ; -0.00476 V         ; 0.096 V                             ; 0.013 V                             ; 4.39e-10 s                 ; 4.15e-10 s                 ; Yes                       ; Yes                       ;
; q_out[6]      ; 2.5 V        ; 0 s                 ; 0 s                 ; 2.32 V                       ; 1.06e-06 V                   ; 2.36 V              ; -0.00724 V          ; 0.107 V                              ; 0.02 V                               ; 4.5e-10 s                   ; 4.25e-10 s                  ; Yes                        ; Yes                        ; 2.32 V                      ; 1.06e-06 V                  ; 2.36 V             ; -0.00724 V         ; 0.107 V                             ; 0.02 V                              ; 4.5e-10 s                  ; 4.25e-10 s                 ; Yes                       ; Yes                       ;
; q_out[7]      ; 2.5 V        ; 0 s                 ; 0 s                 ; 2.32 V                       ; 1.06e-06 V                   ; 2.36 V              ; -0.00724 V          ; 0.107 V                              ; 0.02 V                               ; 4.5e-10 s                   ; 4.25e-10 s                  ; Yes                        ; Yes                        ; 2.32 V                      ; 1.06e-06 V                  ; 2.36 V             ; -0.00724 V         ; 0.107 V                             ; 0.02 V                              ; 4.5e-10 s                  ; 4.25e-10 s                 ; Yes                       ; Yes                       ;
; q_out[8]      ; 2.5 V        ; 0 s                 ; 0 s                 ; 2.32 V                       ; 1.06e-06 V                   ; 2.36 V              ; -0.00724 V          ; 0.107 V                              ; 0.02 V                               ; 4.5e-10 s                   ; 4.25e-10 s                  ; Yes                        ; Yes                        ; 2.32 V                      ; 1.06e-06 V                  ; 2.36 V             ; -0.00724 V         ; 0.107 V                             ; 0.02 V                              ; 4.5e-10 s                  ; 4.25e-10 s                 ; Yes                       ; Yes                       ;
; q_out[9]      ; 2.5 V        ; 0 s                 ; 0 s                 ; 2.32 V                       ; 1.06e-06 V                   ; 2.36 V              ; -0.00724 V          ; 0.107 V                              ; 0.02 V                               ; 4.5e-10 s                   ; 4.25e-10 s                  ; Yes                        ; Yes                        ; 2.32 V                      ; 1.06e-06 V                  ; 2.36 V             ; -0.00724 V         ; 0.107 V                             ; 0.02 V                              ; 4.5e-10 s                  ; 4.25e-10 s                 ; Yes                       ; Yes                       ;
; q_out[10]     ; 2.5 V        ; 0 s                 ; 0 s                 ; 2.32 V                       ; 1.06e-06 V                   ; 2.36 V              ; -0.00724 V          ; 0.107 V                              ; 0.02 V                               ; 4.5e-10 s                   ; 4.25e-10 s                  ; Yes                        ; Yes                        ; 2.32 V                      ; 1.06e-06 V                  ; 2.36 V             ; -0.00724 V         ; 0.107 V                             ; 0.02 V                              ; 4.5e-10 s                  ; 4.25e-10 s                 ; Yes                       ; Yes                       ;
; q_out[11]     ; 2.5 V        ; 0 s                 ; 0 s                 ; 2.32 V                       ; 1.06e-06 V                   ; 2.36 V              ; -0.00724 V          ; 0.107 V                              ; 0.02 V                               ; 4.5e-10 s                   ; 4.25e-10 s                  ; Yes                        ; Yes                        ; 2.32 V                      ; 1.06e-06 V                  ; 2.36 V             ; -0.00724 V         ; 0.107 V                             ; 0.02 V                              ; 4.5e-10 s                  ; 4.25e-10 s                 ; Yes                       ; Yes                       ;
; q_out[12]     ; 2.5 V        ; 0 s                 ; 0 s                 ; 2.32 V                       ; 7.16e-07 V                   ; 2.36 V              ; -0.00476 V          ; 0.096 V                              ; 0.013 V                              ; 4.39e-10 s                  ; 4.15e-10 s                  ; Yes                        ; Yes                        ; 2.32 V                      ; 7.16e-07 V                  ; 2.36 V             ; -0.00476 V         ; 0.096 V                             ; 0.013 V                             ; 4.39e-10 s                 ; 4.15e-10 s                 ; Yes                       ; Yes                       ;
; q_out[13]     ; 2.5 V        ; 0 s                 ; 0 s                 ; 2.32 V                       ; 7.16e-07 V                   ; 2.36 V              ; -0.00476 V          ; 0.096 V                              ; 0.013 V                              ; 4.39e-10 s                  ; 4.15e-10 s                  ; Yes                        ; Yes                        ; 2.32 V                      ; 7.16e-07 V                  ; 2.36 V             ; -0.00476 V         ; 0.096 V                             ; 0.013 V                             ; 4.39e-10 s                 ; 4.15e-10 s                 ; Yes                       ; Yes                       ;
; q_out[14]     ; 2.5 V        ; 0 s                 ; 0 s                 ; 2.32 V                       ; 1.06e-06 V                   ; 2.36 V              ; -0.00724 V          ; 0.107 V                              ; 0.02 V                               ; 4.5e-10 s                   ; 4.25e-10 s                  ; Yes                        ; Yes                        ; 2.32 V                      ; 1.06e-06 V                  ; 2.36 V             ; -0.00724 V         ; 0.107 V                             ; 0.02 V                              ; 4.5e-10 s                  ; 4.25e-10 s                 ; Yes                       ; Yes                       ;
; q_out[15]     ; 2.5 V        ; 0 s                 ; 0 s                 ; 2.32 V                       ; 1.06e-06 V                   ; 2.36 V              ; -0.00724 V          ; 0.107 V                              ; 0.02 V                               ; 4.5e-10 s                   ; 4.25e-10 s                  ; Yes                        ; Yes                        ; 2.32 V                      ; 1.06e-06 V                  ; 2.36 V             ; -0.00724 V         ; 0.107 V                             ; 0.02 V                              ; 4.5e-10 s                  ; 4.25e-10 s                 ; Yes                       ; Yes                       ;
; q_out[16]     ; 2.5 V        ; 0 s                 ; 0 s                 ; 2.32 V                       ; 1.06e-06 V                   ; 2.36 V              ; -0.00724 V          ; 0.107 V                              ; 0.02 V                               ; 4.5e-10 s                   ; 4.25e-10 s                  ; Yes                        ; Yes                        ; 2.32 V                      ; 1.06e-06 V                  ; 2.36 V             ; -0.00724 V         ; 0.107 V                             ; 0.02 V                              ; 4.5e-10 s                  ; 4.25e-10 s                 ; Yes                       ; Yes                       ;
; q_out[17]     ; 2.5 V        ; 0 s                 ; 0 s                 ; 2.32 V                       ; 1.06e-06 V                   ; 2.36 V              ; -0.00724 V          ; 0.107 V                              ; 0.02 V                               ; 4.5e-10 s                   ; 4.25e-10 s                  ; Yes                        ; Yes                        ; 2.32 V                      ; 1.06e-06 V                  ; 2.36 V             ; -0.00724 V         ; 0.107 V                             ; 0.02 V                              ; 4.5e-10 s                  ; 4.25e-10 s                 ; Yes                       ; Yes                       ;
; q_out[18]     ; 2.5 V        ; 0 s                 ; 0 s                 ; 2.32 V                       ; 1.06e-06 V                   ; 2.36 V              ; -0.00724 V          ; 0.107 V                              ; 0.02 V                               ; 4.5e-10 s                   ; 4.25e-10 s                  ; Yes                        ; Yes                        ; 2.32 V                      ; 1.06e-06 V                  ; 2.36 V             ; -0.00724 V         ; 0.107 V                             ; 0.02 V                              ; 4.5e-10 s                  ; 4.25e-10 s                 ; Yes                       ; Yes                       ;
; q_out[19]     ; 2.5 V        ; 0 s                 ; 0 s                 ; 2.32 V                       ; 1.06e-06 V                   ; 2.36 V              ; -0.00724 V          ; 0.107 V                              ; 0.02 V                               ; 4.5e-10 s                   ; 4.25e-10 s                  ; Yes                        ; Yes                        ; 2.32 V                      ; 1.06e-06 V                  ; 2.36 V             ; -0.00724 V         ; 0.107 V                             ; 0.02 V                              ; 4.5e-10 s                  ; 4.25e-10 s                 ; Yes                       ; Yes                       ;
; q_out[20]     ; 2.5 V        ; 0 s                 ; 0 s                 ; 2.32 V                       ; 1.06e-06 V                   ; 2.36 V              ; -0.00724 V          ; 0.107 V                              ; 0.02 V                               ; 4.5e-10 s                   ; 4.25e-10 s                  ; Yes                        ; Yes                        ; 2.32 V                      ; 1.06e-06 V                  ; 2.36 V             ; -0.00724 V         ; 0.107 V                             ; 0.02 V                              ; 4.5e-10 s                  ; 4.25e-10 s                 ; Yes                       ; Yes                       ;
; q_out[21]     ; 2.5 V        ; 0 s                 ; 0 s                 ; 2.32 V                       ; 1.06e-06 V                   ; 2.36 V              ; -0.00724 V          ; 0.107 V                              ; 0.02 V                               ; 4.5e-10 s                   ; 4.25e-10 s                  ; Yes                        ; Yes                        ; 2.32 V                      ; 1.06e-06 V                  ; 2.36 V             ; -0.00724 V         ; 0.107 V                             ; 0.02 V                              ; 4.5e-10 s                  ; 4.25e-10 s                 ; Yes                       ; Yes                       ;
; q_out[22]     ; 2.5 V        ; 0 s                 ; 0 s                 ; 2.32 V                       ; 1.06e-06 V                   ; 2.36 V              ; -0.00724 V          ; 0.107 V                              ; 0.02 V                               ; 4.5e-10 s                   ; 4.25e-10 s                  ; Yes                        ; Yes                        ; 2.32 V                      ; 1.06e-06 V                  ; 2.36 V             ; -0.00724 V         ; 0.107 V                             ; 0.02 V                              ; 4.5e-10 s                  ; 4.25e-10 s                 ; Yes                       ; Yes                       ;
; q_out[23]     ; 2.5 V        ; 0 s                 ; 0 s                 ; 2.32 V                       ; 1.06e-06 V                   ; 2.36 V              ; -0.00724 V          ; 0.107 V                              ; 0.02 V                               ; 4.5e-10 s                   ; 4.25e-10 s                  ; Yes                        ; Yes                        ; 2.32 V                      ; 1.06e-06 V                  ; 2.36 V             ; -0.00724 V         ; 0.107 V                             ; 0.02 V                              ; 4.5e-10 s                  ; 4.25e-10 s                 ; Yes                       ; Yes                       ;
; q_out[24]     ; 2.5 V        ; 0 s                 ; 0 s                 ; 2.32 V                       ; 7.16e-07 V                   ; 2.35 V              ; -0.00832 V          ; 0.101 V                              ; 0.024 V                              ; 6.39e-10 s                  ; 6e-10 s                     ; Yes                        ; Yes                        ; 2.32 V                      ; 7.16e-07 V                  ; 2.35 V             ; -0.00832 V         ; 0.101 V                             ; 0.024 V                             ; 6.39e-10 s                 ; 6e-10 s                    ; Yes                       ; Yes                       ;
; q_out[25]     ; 2.5 V        ; 0 s                 ; 0 s                 ; 2.32 V                       ; 1.06e-06 V                   ; 2.36 V              ; -0.00724 V          ; 0.107 V                              ; 0.02 V                               ; 4.5e-10 s                   ; 4.25e-10 s                  ; Yes                        ; Yes                        ; 2.32 V                      ; 1.06e-06 V                  ; 2.36 V             ; -0.00724 V         ; 0.107 V                             ; 0.02 V                              ; 4.5e-10 s                  ; 4.25e-10 s                 ; Yes                       ; Yes                       ;
; q_out[26]     ; 2.5 V        ; 0 s                 ; 0 s                 ; 2.32 V                       ; 7.16e-07 V                   ; 2.35 V              ; -0.00832 V          ; 0.101 V                              ; 0.024 V                              ; 6.39e-10 s                  ; 6e-10 s                     ; Yes                        ; Yes                        ; 2.32 V                      ; 7.16e-07 V                  ; 2.35 V             ; -0.00832 V         ; 0.101 V                             ; 0.024 V                             ; 6.39e-10 s                 ; 6e-10 s                    ; Yes                       ; Yes                       ;
; q_out[27]     ; 2.5 V        ; 0 s                 ; 0 s                 ; 2.32 V                       ; 1.06e-06 V                   ; 2.33 V              ; -0.00344 V          ; 0.134 V                              ; 0.075 V                              ; 3.33e-09 s                  ; 3.16e-09 s                  ; Yes                        ; Yes                        ; 2.32 V                      ; 1.06e-06 V                  ; 2.33 V             ; -0.00344 V         ; 0.134 V                             ; 0.075 V                             ; 3.33e-09 s                 ; 3.16e-09 s                 ; Yes                       ; Yes                       ;
; q_out[28]     ; 2.5 V        ; 0 s                 ; 0 s                 ; 2.32 V                       ; 1.06e-06 V                   ; 2.36 V              ; -0.00724 V          ; 0.107 V                              ; 0.02 V                               ; 4.5e-10 s                   ; 4.25e-10 s                  ; Yes                        ; Yes                        ; 2.32 V                      ; 1.06e-06 V                  ; 2.36 V             ; -0.00724 V         ; 0.107 V                             ; 0.02 V                              ; 4.5e-10 s                  ; 4.25e-10 s                 ; Yes                       ; Yes                       ;
; q_out[29]     ; 2.5 V        ; 0 s                 ; 0 s                 ; 2.32 V                       ; 1.06e-06 V                   ; 2.36 V              ; -0.00724 V          ; 0.107 V                              ; 0.02 V                               ; 4.5e-10 s                   ; 4.25e-10 s                  ; Yes                        ; Yes                        ; 2.32 V                      ; 1.06e-06 V                  ; 2.36 V             ; -0.00724 V         ; 0.107 V                             ; 0.02 V                              ; 4.5e-10 s                  ; 4.25e-10 s                 ; Yes                       ; Yes                       ;
; q_out[30]     ; 2.5 V        ; 0 s                 ; 0 s                 ; 2.32 V                       ; 7.16e-07 V                   ; 2.36 V              ; -0.00476 V          ; 0.096 V                              ; 0.013 V                              ; 4.39e-10 s                  ; 4.15e-10 s                  ; Yes                        ; Yes                        ; 2.32 V                      ; 7.16e-07 V                  ; 2.36 V             ; -0.00476 V         ; 0.096 V                             ; 0.013 V                             ; 4.39e-10 s                 ; 4.15e-10 s                 ; Yes                       ; Yes                       ;
; q_out[31]     ; 2.5 V        ; 0 s                 ; 0 s                 ; 2.32 V                       ; 1.06e-06 V                   ; 2.36 V              ; -0.00724 V          ; 0.107 V                              ; 0.02 V                               ; 4.5e-10 s                   ; 4.25e-10 s                  ; Yes                        ; Yes                        ; 2.32 V                      ; 1.06e-06 V                  ; 2.36 V             ; -0.00724 V         ; 0.107 V                             ; 0.02 V                              ; 4.5e-10 s                  ; 4.25e-10 s                 ; Yes                       ; Yes                       ;
; rem_out[0]    ; 2.5 V        ; 0 s                 ; 0 s                 ; 2.32 V                       ; 1.06e-06 V                   ; 2.36 V              ; -0.00724 V          ; 0.107 V                              ; 0.02 V                               ; 4.5e-10 s                   ; 4.25e-10 s                  ; Yes                        ; Yes                        ; 2.32 V                      ; 1.06e-06 V                  ; 2.36 V             ; -0.00724 V         ; 0.107 V                             ; 0.02 V                              ; 4.5e-10 s                  ; 4.25e-10 s                 ; Yes                       ; Yes                       ;
; rem_out[1]    ; 2.5 V        ; 0 s                 ; 0 s                 ; 2.32 V                       ; 1.06e-06 V                   ; 2.36 V              ; -0.00724 V          ; 0.107 V                              ; 0.02 V                               ; 4.5e-10 s                   ; 4.25e-10 s                  ; Yes                        ; Yes                        ; 2.32 V                      ; 1.06e-06 V                  ; 2.36 V             ; -0.00724 V         ; 0.107 V                             ; 0.02 V                              ; 4.5e-10 s                  ; 4.25e-10 s                 ; Yes                       ; Yes                       ;
; rem_out[2]    ; 2.5 V        ; 0 s                 ; 0 s                 ; 2.32 V                       ; 7.16e-07 V                   ; 2.36 V              ; -0.00476 V          ; 0.096 V                              ; 0.013 V                              ; 4.39e-10 s                  ; 4.15e-10 s                  ; Yes                        ; Yes                        ; 2.32 V                      ; 7.16e-07 V                  ; 2.36 V             ; -0.00476 V         ; 0.096 V                             ; 0.013 V                             ; 4.39e-10 s                 ; 4.15e-10 s                 ; Yes                       ; Yes                       ;
; rem_out[3]    ; 2.5 V        ; 0 s                 ; 0 s                 ; 2.32 V                       ; 1.06e-06 V                   ; 2.36 V              ; -0.00724 V          ; 0.107 V                              ; 0.02 V                               ; 4.5e-10 s                   ; 4.25e-10 s                  ; Yes                        ; Yes                        ; 2.32 V                      ; 1.06e-06 V                  ; 2.36 V             ; -0.00724 V         ; 0.107 V                             ; 0.02 V                              ; 4.5e-10 s                  ; 4.25e-10 s                 ; Yes                       ; Yes                       ;
; rem_out[4]    ; 2.5 V        ; 0 s                 ; 0 s                 ; 2.32 V                       ; 7.16e-07 V                   ; 2.36 V              ; -0.00476 V          ; 0.096 V                              ; 0.013 V                              ; 4.39e-10 s                  ; 4.15e-10 s                  ; Yes                        ; Yes                        ; 2.32 V                      ; 7.16e-07 V                  ; 2.36 V             ; -0.00476 V         ; 0.096 V                             ; 0.013 V                             ; 4.39e-10 s                 ; 4.15e-10 s                 ; Yes                       ; Yes                       ;
; rem_out[5]    ; 2.5 V        ; 0 s                 ; 0 s                 ; 2.32 V                       ; 7.16e-07 V                   ; 2.35 V              ; -0.00832 V          ; 0.101 V                              ; 0.024 V                              ; 6.39e-10 s                  ; 6e-10 s                     ; Yes                        ; Yes                        ; 2.32 V                      ; 7.16e-07 V                  ; 2.35 V             ; -0.00832 V         ; 0.101 V                             ; 0.024 V                             ; 6.39e-10 s                 ; 6e-10 s                    ; Yes                       ; Yes                       ;
; rem_out[6]    ; 2.5 V        ; 0 s                 ; 0 s                 ; 2.32 V                       ; 7.16e-07 V                   ; 2.36 V              ; -0.00476 V          ; 0.096 V                              ; 0.013 V                              ; 4.39e-10 s                  ; 4.15e-10 s                  ; Yes                        ; Yes                        ; 2.32 V                      ; 7.16e-07 V                  ; 2.36 V             ; -0.00476 V         ; 0.096 V                             ; 0.013 V                             ; 4.39e-10 s                 ; 4.15e-10 s                 ; Yes                       ; Yes                       ;
; rem_out[7]    ; 2.5 V        ; 0 s                 ; 0 s                 ; 2.32 V                       ; 7.16e-07 V                   ; 2.35 V              ; -0.00832 V          ; 0.101 V                              ; 0.024 V                              ; 6.39e-10 s                  ; 6e-10 s                     ; Yes                        ; Yes                        ; 2.32 V                      ; 7.16e-07 V                  ; 2.35 V             ; -0.00832 V         ; 0.101 V                             ; 0.024 V                             ; 6.39e-10 s                 ; 6e-10 s                    ; Yes                       ; Yes                       ;
; rem_out[8]    ; 2.5 V        ; 0 s                 ; 0 s                 ; 2.32 V                       ; 1.06e-06 V                   ; 2.36 V              ; -0.00724 V          ; 0.107 V                              ; 0.02 V                               ; 4.5e-10 s                   ; 4.25e-10 s                  ; Yes                        ; Yes                        ; 2.32 V                      ; 1.06e-06 V                  ; 2.36 V             ; -0.00724 V         ; 0.107 V                             ; 0.02 V                              ; 4.5e-10 s                  ; 4.25e-10 s                 ; Yes                       ; Yes                       ;
; rem_out[9]    ; 2.5 V        ; 0 s                 ; 0 s                 ; 2.32 V                       ; 7.16e-07 V                   ; 2.35 V              ; -0.00832 V          ; 0.101 V                              ; 0.024 V                              ; 6.39e-10 s                  ; 6e-10 s                     ; Yes                        ; Yes                        ; 2.32 V                      ; 7.16e-07 V                  ; 2.35 V             ; -0.00832 V         ; 0.101 V                             ; 0.024 V                             ; 6.39e-10 s                 ; 6e-10 s                    ; Yes                       ; Yes                       ;
; rem_out[10]   ; 2.5 V        ; 0 s                 ; 0 s                 ; 2.32 V                       ; 7.16e-07 V                   ; 2.35 V              ; -0.00832 V          ; 0.101 V                              ; 0.024 V                              ; 6.39e-10 s                  ; 6e-10 s                     ; Yes                        ; Yes                        ; 2.32 V                      ; 7.16e-07 V                  ; 2.35 V             ; -0.00832 V         ; 0.101 V                             ; 0.024 V                             ; 6.39e-10 s                 ; 6e-10 s                    ; Yes                       ; Yes                       ;
; rem_out[11]   ; 2.5 V        ; 0 s                 ; 0 s                 ; 2.32 V                       ; 1.06e-06 V                   ; 2.36 V              ; -0.00724 V          ; 0.107 V                              ; 0.02 V                               ; 4.5e-10 s                   ; 4.25e-10 s                  ; Yes                        ; Yes                        ; 2.32 V                      ; 1.06e-06 V                  ; 2.36 V             ; -0.00724 V         ; 0.107 V                             ; 0.02 V                              ; 4.5e-10 s                  ; 4.25e-10 s                 ; Yes                       ; Yes                       ;
; rem_out[12]   ; 2.5 V        ; 0 s                 ; 0 s                 ; 2.32 V                       ; 1.06e-06 V                   ; 2.36 V              ; -0.00724 V          ; 0.107 V                              ; 0.02 V                               ; 4.5e-10 s                   ; 4.25e-10 s                  ; Yes                        ; Yes                        ; 2.32 V                      ; 1.06e-06 V                  ; 2.36 V             ; -0.00724 V         ; 0.107 V                             ; 0.02 V                              ; 4.5e-10 s                  ; 4.25e-10 s                 ; Yes                       ; Yes                       ;
; rem_out[13]   ; 2.5 V        ; 0 s                 ; 0 s                 ; 2.32 V                       ; 1.06e-06 V                   ; 2.36 V              ; -0.00724 V          ; 0.107 V                              ; 0.02 V                               ; 4.5e-10 s                   ; 4.25e-10 s                  ; Yes                        ; Yes                        ; 2.32 V                      ; 1.06e-06 V                  ; 2.36 V             ; -0.00724 V         ; 0.107 V                             ; 0.02 V                              ; 4.5e-10 s                  ; 4.25e-10 s                 ; Yes                       ; Yes                       ;
; rem_out[14]   ; 2.5 V        ; 0 s                 ; 0 s                 ; 2.32 V                       ; 1.06e-06 V                   ; 2.36 V              ; -0.00724 V          ; 0.107 V                              ; 0.02 V                               ; 4.5e-10 s                   ; 4.25e-10 s                  ; Yes                        ; Yes                        ; 2.32 V                      ; 1.06e-06 V                  ; 2.36 V             ; -0.00724 V         ; 0.107 V                             ; 0.02 V                              ; 4.5e-10 s                  ; 4.25e-10 s                 ; Yes                       ; Yes                       ;
; rem_out[15]   ; 2.5 V        ; 0 s                 ; 0 s                 ; 2.32 V                       ; 7.16e-07 V                   ; 2.35 V              ; -0.00832 V          ; 0.101 V                              ; 0.024 V                              ; 6.39e-10 s                  ; 6e-10 s                     ; Yes                        ; Yes                        ; 2.32 V                      ; 7.16e-07 V                  ; 2.35 V             ; -0.00832 V         ; 0.101 V                             ; 0.024 V                             ; 6.39e-10 s                 ; 6e-10 s                    ; Yes                       ; Yes                       ;
; rem_out[16]   ; 2.5 V        ; 0 s                 ; 0 s                 ; 2.32 V                       ; 1.06e-06 V                   ; 2.36 V              ; -0.00724 V          ; 0.107 V                              ; 0.02 V                               ; 4.5e-10 s                   ; 4.25e-10 s                  ; Yes                        ; Yes                        ; 2.32 V                      ; 1.06e-06 V                  ; 2.36 V             ; -0.00724 V         ; 0.107 V                             ; 0.02 V                              ; 4.5e-10 s                  ; 4.25e-10 s                 ; Yes                       ; Yes                       ;
; rem_out[17]   ; 2.5 V        ; 0 s                 ; 0 s                 ; 2.32 V                       ; 1.06e-06 V                   ; 2.36 V              ; -0.00724 V          ; 0.107 V                              ; 0.02 V                               ; 4.5e-10 s                   ; 4.25e-10 s                  ; Yes                        ; Yes                        ; 2.32 V                      ; 1.06e-06 V                  ; 2.36 V             ; -0.00724 V         ; 0.107 V                             ; 0.02 V                              ; 4.5e-10 s                  ; 4.25e-10 s                 ; Yes                       ; Yes                       ;
; rem_out[18]   ; 2.5 V        ; 0 s                 ; 0 s                 ; 2.32 V                       ; 1.06e-06 V                   ; 2.33 V              ; -0.00344 V          ; 0.134 V                              ; 0.075 V                              ; 3.33e-09 s                  ; 3.16e-09 s                  ; Yes                        ; Yes                        ; 2.32 V                      ; 1.06e-06 V                  ; 2.33 V             ; -0.00344 V         ; 0.134 V                             ; 0.075 V                             ; 3.33e-09 s                 ; 3.16e-09 s                 ; Yes                       ; Yes                       ;
; rem_out[19]   ; 2.5 V        ; 0 s                 ; 0 s                 ; 2.32 V                       ; 7.16e-07 V                   ; 2.35 V              ; -0.00832 V          ; 0.101 V                              ; 0.024 V                              ; 6.39e-10 s                  ; 6e-10 s                     ; Yes                        ; Yes                        ; 2.32 V                      ; 7.16e-07 V                  ; 2.35 V             ; -0.00832 V         ; 0.101 V                             ; 0.024 V                             ; 6.39e-10 s                 ; 6e-10 s                    ; Yes                       ; Yes                       ;
; rem_out[20]   ; 2.5 V        ; 0 s                 ; 0 s                 ; 2.32 V                       ; 1.06e-06 V                   ; 2.36 V              ; -0.00724 V          ; 0.107 V                              ; 0.02 V                               ; 4.5e-10 s                   ; 4.25e-10 s                  ; Yes                        ; Yes                        ; 2.32 V                      ; 1.06e-06 V                  ; 2.36 V             ; -0.00724 V         ; 0.107 V                             ; 0.02 V                              ; 4.5e-10 s                  ; 4.25e-10 s                 ; Yes                       ; Yes                       ;
; rem_out[21]   ; 2.5 V        ; 0 s                 ; 0 s                 ; 2.32 V                       ; 1.06e-06 V                   ; 2.36 V              ; -0.00724 V          ; 0.107 V                              ; 0.02 V                               ; 4.5e-10 s                   ; 4.25e-10 s                  ; Yes                        ; Yes                        ; 2.32 V                      ; 1.06e-06 V                  ; 2.36 V             ; -0.00724 V         ; 0.107 V                             ; 0.02 V                              ; 4.5e-10 s                  ; 4.25e-10 s                 ; Yes                       ; Yes                       ;
; rem_out[22]   ; 2.5 V        ; 0 s                 ; 0 s                 ; 2.32 V                       ; 7.16e-07 V                   ; 2.35 V              ; -0.00832 V          ; 0.101 V                              ; 0.024 V                              ; 6.39e-10 s                  ; 6e-10 s                     ; Yes                        ; Yes                        ; 2.32 V                      ; 7.16e-07 V                  ; 2.35 V             ; -0.00832 V         ; 0.101 V                             ; 0.024 V                             ; 6.39e-10 s                 ; 6e-10 s                    ; Yes                       ; Yes                       ;
; rem_out[23]   ; 2.5 V        ; 0 s                 ; 0 s                 ; 2.32 V                       ; 7.16e-07 V                   ; 2.35 V              ; -0.00832 V          ; 0.101 V                              ; 0.024 V                              ; 6.39e-10 s                  ; 6e-10 s                     ; Yes                        ; Yes                        ; 2.32 V                      ; 7.16e-07 V                  ; 2.35 V             ; -0.00832 V         ; 0.101 V                             ; 0.024 V                             ; 6.39e-10 s                 ; 6e-10 s                    ; Yes                       ; Yes                       ;
; rem_out[24]   ; 2.5 V        ; 0 s                 ; 0 s                 ; 2.32 V                       ; 1.06e-06 V                   ; 2.36 V              ; -0.00724 V          ; 0.107 V                              ; 0.02 V                               ; 4.5e-10 s                   ; 4.25e-10 s                  ; Yes                        ; Yes                        ; 2.32 V                      ; 1.06e-06 V                  ; 2.36 V             ; -0.00724 V         ; 0.107 V                             ; 0.02 V                              ; 4.5e-10 s                  ; 4.25e-10 s                 ; Yes                       ; Yes                       ;
; rem_out[25]   ; 2.5 V        ; 0 s                 ; 0 s                 ; 2.32 V                       ; 7.16e-07 V                   ; 2.35 V              ; -0.00832 V          ; 0.101 V                              ; 0.024 V                              ; 6.39e-10 s                  ; 6e-10 s                     ; Yes                        ; Yes                        ; 2.32 V                      ; 7.16e-07 V                  ; 2.35 V             ; -0.00832 V         ; 0.101 V                             ; 0.024 V                             ; 6.39e-10 s                 ; 6e-10 s                    ; Yes                       ; Yes                       ;
; rem_out[26]   ; 2.5 V        ; 0 s                 ; 0 s                 ; 2.32 V                       ; 1.06e-06 V                   ; 2.36 V              ; -0.00724 V          ; 0.107 V                              ; 0.02 V                               ; 4.5e-10 s                   ; 4.25e-10 s                  ; Yes                        ; Yes                        ; 2.32 V                      ; 1.06e-06 V                  ; 2.36 V             ; -0.00724 V         ; 0.107 V                             ; 0.02 V                              ; 4.5e-10 s                  ; 4.25e-10 s                 ; Yes                       ; Yes                       ;
; rem_out[27]   ; 2.5 V        ; 0 s                 ; 0 s                 ; 2.32 V                       ; 7.16e-07 V                   ; 2.33 V              ; -0.00349 V          ; 0.163 V                              ; 0.074 V                              ; 3.33e-09 s                  ; 3.14e-09 s                  ; Yes                        ; Yes                        ; 2.32 V                      ; 7.16e-07 V                  ; 2.33 V             ; -0.00349 V         ; 0.163 V                             ; 0.074 V                             ; 3.33e-09 s                 ; 3.14e-09 s                 ; Yes                       ; Yes                       ;
; rem_out[28]   ; 2.5 V        ; 0 s                 ; 0 s                 ; 2.32 V                       ; 1.06e-06 V                   ; 2.36 V              ; -0.00724 V          ; 0.107 V                              ; 0.02 V                               ; 4.5e-10 s                   ; 4.25e-10 s                  ; Yes                        ; Yes                        ; 2.32 V                      ; 1.06e-06 V                  ; 2.36 V             ; -0.00724 V         ; 0.107 V                             ; 0.02 V                              ; 4.5e-10 s                  ; 4.25e-10 s                 ; Yes                       ; Yes                       ;
; rem_out[29]   ; 2.5 V        ; 0 s                 ; 0 s                 ; 2.32 V                       ; 1.06e-06 V                   ; 2.36 V              ; -0.00724 V          ; 0.107 V                              ; 0.02 V                               ; 4.5e-10 s                   ; 4.25e-10 s                  ; Yes                        ; Yes                        ; 2.32 V                      ; 1.06e-06 V                  ; 2.36 V             ; -0.00724 V         ; 0.107 V                             ; 0.02 V                              ; 4.5e-10 s                  ; 4.25e-10 s                 ; Yes                       ; Yes                       ;
; rem_out[30]   ; 2.5 V        ; 0 s                 ; 0 s                 ; 2.32 V                       ; 1.06e-06 V                   ; 2.36 V              ; -0.00724 V          ; 0.107 V                              ; 0.02 V                               ; 4.5e-10 s                   ; 4.25e-10 s                  ; Yes                        ; Yes                        ; 2.32 V                      ; 1.06e-06 V                  ; 2.36 V             ; -0.00724 V         ; 0.107 V                             ; 0.02 V                              ; 4.5e-10 s                  ; 4.25e-10 s                 ; Yes                       ; Yes                       ;
; rem_out[31]   ; 2.5 V        ; 0 s                 ; 0 s                 ; 2.32 V                       ; 7.16e-07 V                   ; 2.35 V              ; -0.00832 V          ; 0.101 V                              ; 0.024 V                              ; 6.39e-10 s                  ; 6e-10 s                     ; Yes                        ; Yes                        ; 2.32 V                      ; 7.16e-07 V                  ; 2.35 V             ; -0.00832 V         ; 0.101 V                             ; 0.024 V                             ; 6.39e-10 s                 ; 6e-10 s                    ; Yes                       ; Yes                       ;
; done          ; 2.5 V        ; 0 s                 ; 0 s                 ; 2.32 V                       ; 1.06e-06 V                   ; 2.36 V              ; -0.00724 V          ; 0.107 V                              ; 0.02 V                               ; 4.5e-10 s                   ; 4.25e-10 s                  ; Yes                        ; Yes                        ; 2.32 V                      ; 1.06e-06 V                  ; 2.36 V             ; -0.00724 V         ; 0.107 V                             ; 0.02 V                              ; 4.5e-10 s                  ; 4.25e-10 s                 ; Yes                       ; Yes                       ;
; ~ALTERA_DCLK~ ; 2.5 V        ; 0 s                 ; 0 s                 ; 2.32 V                       ; 5.74e-07 V                   ; 2.36 V              ; -0.0201 V           ; 0.072 V                              ; 0.033 V                              ; 4.04e-10 s                  ; 3.29e-10 s                  ; Yes                        ; Yes                        ; 2.32 V                      ; 5.74e-07 V                  ; 2.36 V             ; -0.0201 V          ; 0.072 V                             ; 0.033 V                             ; 4.04e-10 s                 ; 3.29e-10 s                 ; Yes                       ; Yes                       ;
; ~ALTERA_nCEO~ ; 2.5 V        ; 0 s                 ; 0 s                 ; 2.32 V                       ; 9.45e-07 V                   ; 2.35 V              ; -0.00643 V          ; 0.081 V                              ; 0.031 V                              ; 5.31e-10 s                  ; 7.59e-10 s                  ; Yes                        ; Yes                        ; 2.32 V                      ; 9.45e-07 V                  ; 2.35 V             ; -0.00643 V         ; 0.081 V                             ; 0.031 V                             ; 5.31e-10 s                 ; 7.59e-10 s                 ; Yes                       ; Yes                       ;
+---------------+--------------+---------------------+---------------------+------------------------------+------------------------------+---------------------+---------------------+--------------------------------------+--------------------------------------+-----------------------------+-----------------------------+----------------------------+----------------------------+-----------------------------+-----------------------------+--------------------+--------------------+-------------------------------------+-------------------------------------+----------------------------+----------------------------+---------------------------+---------------------------+


+--------------------------------------------------------------------------------------------------------------------------------------------------------------------------------------------------------------------------------------------------------------------------------------------------------------------------------------------------------------------------------------------------------------------------------------------------------------------------------------------------------------------------------------------------------------------------------------------------------------------------------------------------------------------------------------------+
; Signal Integrity Metrics (Fast 1200mv 0c Model)                                                                                                                                                                                                                                                                                                                                                                                                                                                                                                                                                                                                                                            ;
+---------------+--------------+---------------------+---------------------+------------------------------+------------------------------+---------------------+---------------------+--------------------------------------+--------------------------------------+-----------------------------+-----------------------------+----------------------------+----------------------------+-----------------------------+-----------------------------+--------------------+--------------------+-------------------------------------+-------------------------------------+----------------------------+----------------------------+---------------------------+---------------------------+
; Pin           ; I/O Standard ; Board Delay on Rise ; Board Delay on Fall ; Steady State Voh at FPGA Pin ; Steady State Vol at FPGA Pin ; Voh Max at FPGA Pin ; Vol Min at FPGA Pin ; Ringback Voltage on Rise at FPGA Pin ; Ringback Voltage on Fall at FPGA Pin ; 10-90 Rise Time at FPGA Pin ; 90-10 Fall Time at FPGA Pin ; Monotonic Rise at FPGA Pin ; Monotonic Fall at FPGA Pin ; Steady State Voh at Far-end ; Steady State Vol at Far-end ; Voh Max at Far-end ; Vol Min at Far-end ; Ringback Voltage on Rise at Far-end ; Ringback Voltage on Fall at Far-end ; 10-90 Rise Time at Far-end ; 90-10 Fall Time at Far-end ; Monotonic Rise at Far-end ; Monotonic Fall at Far-end ;
+---------------+--------------+---------------------+---------------------+------------------------------+------------------------------+---------------------+---------------------+--------------------------------------+--------------------------------------+-----------------------------+-----------------------------+----------------------------+----------------------------+-----------------------------+-----------------------------+--------------------+--------------------+-------------------------------------+-------------------------------------+----------------------------+----------------------------+---------------------------+---------------------------+
; q_out[0]      ; 2.5 V        ; 0 s                 ; 0 s                 ; 2.62 V                       ; 4.05e-08 V                   ; 2.72 V              ; -0.0349 V           ; 0.173 V                              ; 0.1 V                                ; 2.72e-10 s                  ; 2.69e-10 s                  ; Yes                        ; Yes                        ; 2.62 V                      ; 4.05e-08 V                  ; 2.72 V             ; -0.0349 V          ; 0.173 V                             ; 0.1 V                               ; 2.72e-10 s                 ; 2.69e-10 s                 ; Yes                       ; Yes                       ;
; q_out[1]      ; 2.5 V        ; 0 s                 ; 0 s                 ; 2.62 V                       ; 4.05e-08 V                   ; 2.72 V              ; -0.0349 V           ; 0.173 V                              ; 0.1 V                                ; 2.72e-10 s                  ; 2.69e-10 s                  ; Yes                        ; Yes                        ; 2.62 V                      ; 4.05e-08 V                  ; 2.72 V             ; -0.0349 V          ; 0.173 V                             ; 0.1 V                               ; 2.72e-10 s                 ; 2.69e-10 s                 ; Yes                       ; Yes                       ;
; q_out[2]      ; 2.5 V        ; 0 s                 ; 0 s                 ; 2.62 V                       ; 2.74e-08 V                   ; 2.64 V              ; -0.0117 V           ; 0.202 V                              ; 0.176 V                              ; 2.38e-09 s                  ; 2.22e-09 s                  ; No                         ; Yes                        ; 2.62 V                      ; 2.74e-08 V                  ; 2.64 V             ; -0.0117 V          ; 0.202 V                             ; 0.176 V                             ; 2.38e-09 s                 ; 2.22e-09 s                 ; No                        ; Yes                       ;
; q_out[3]      ; 2.5 V        ; 0 s                 ; 0 s                 ; 2.62 V                       ; 4.05e-08 V                   ; 2.72 V              ; -0.0349 V           ; 0.173 V                              ; 0.1 V                                ; 2.72e-10 s                  ; 2.69e-10 s                  ; Yes                        ; Yes                        ; 2.62 V                      ; 4.05e-08 V                  ; 2.72 V             ; -0.0349 V          ; 0.173 V                             ; 0.1 V                               ; 2.72e-10 s                 ; 2.69e-10 s                 ; Yes                       ; Yes                       ;
; q_out[4]      ; 2.5 V        ; 0 s                 ; 0 s                 ; 2.62 V                       ; 4.05e-08 V                   ; 2.72 V              ; -0.0349 V           ; 0.173 V                              ; 0.1 V                                ; 2.72e-10 s                  ; 2.69e-10 s                  ; Yes                        ; Yes                        ; 2.62 V                      ; 4.05e-08 V                  ; 2.72 V             ; -0.0349 V          ; 0.173 V                             ; 0.1 V                               ; 2.72e-10 s                 ; 2.69e-10 s                 ; Yes                       ; Yes                       ;
; q_out[5]      ; 2.5 V        ; 0 s                 ; 0 s                 ; 2.62 V                       ; 2.74e-08 V                   ; 2.73 V              ; -0.0384 V           ; 0.169 V                              ; 0.089 V                              ; 2.7e-10 s                   ; 2.62e-10 s                  ; Yes                        ; Yes                        ; 2.62 V                      ; 2.74e-08 V                  ; 2.73 V             ; -0.0384 V          ; 0.169 V                             ; 0.089 V                             ; 2.7e-10 s                  ; 2.62e-10 s                 ; Yes                       ; Yes                       ;
; q_out[6]      ; 2.5 V        ; 0 s                 ; 0 s                 ; 2.62 V                       ; 4.05e-08 V                   ; 2.72 V              ; -0.0349 V           ; 0.173 V                              ; 0.1 V                                ; 2.72e-10 s                  ; 2.69e-10 s                  ; Yes                        ; Yes                        ; 2.62 V                      ; 4.05e-08 V                  ; 2.72 V             ; -0.0349 V          ; 0.173 V                             ; 0.1 V                               ; 2.72e-10 s                 ; 2.69e-10 s                 ; Yes                       ; Yes                       ;
; q_out[7]      ; 2.5 V        ; 0 s                 ; 0 s                 ; 2.62 V                       ; 4.05e-08 V                   ; 2.72 V              ; -0.0349 V           ; 0.173 V                              ; 0.1 V                                ; 2.72e-10 s                  ; 2.69e-10 s                  ; Yes                        ; Yes                        ; 2.62 V                      ; 4.05e-08 V                  ; 2.72 V             ; -0.0349 V          ; 0.173 V                             ; 0.1 V                               ; 2.72e-10 s                 ; 2.69e-10 s                 ; Yes                       ; Yes                       ;
; q_out[8]      ; 2.5 V        ; 0 s                 ; 0 s                 ; 2.62 V                       ; 4.05e-08 V                   ; 2.72 V              ; -0.0349 V           ; 0.173 V                              ; 0.1 V                                ; 2.72e-10 s                  ; 2.69e-10 s                  ; Yes                        ; Yes                        ; 2.62 V                      ; 4.05e-08 V                  ; 2.72 V             ; -0.0349 V          ; 0.173 V                             ; 0.1 V                               ; 2.72e-10 s                 ; 2.69e-10 s                 ; Yes                       ; Yes                       ;
; q_out[9]      ; 2.5 V        ; 0 s                 ; 0 s                 ; 2.62 V                       ; 4.05e-08 V                   ; 2.72 V              ; -0.0349 V           ; 0.173 V                              ; 0.1 V                                ; 2.72e-10 s                  ; 2.69e-10 s                  ; Yes                        ; Yes                        ; 2.62 V                      ; 4.05e-08 V                  ; 2.72 V             ; -0.0349 V          ; 0.173 V                             ; 0.1 V                               ; 2.72e-10 s                 ; 2.69e-10 s                 ; Yes                       ; Yes                       ;
; q_out[10]     ; 2.5 V        ; 0 s                 ; 0 s                 ; 2.62 V                       ; 4.05e-08 V                   ; 2.72 V              ; -0.0349 V           ; 0.173 V                              ; 0.1 V                                ; 2.72e-10 s                  ; 2.69e-10 s                  ; Yes                        ; Yes                        ; 2.62 V                      ; 4.05e-08 V                  ; 2.72 V             ; -0.0349 V          ; 0.173 V                             ; 0.1 V                               ; 2.72e-10 s                 ; 2.69e-10 s                 ; Yes                       ; Yes                       ;
; q_out[11]     ; 2.5 V        ; 0 s                 ; 0 s                 ; 2.62 V                       ; 4.05e-08 V                   ; 2.72 V              ; -0.0349 V           ; 0.173 V                              ; 0.1 V                                ; 2.72e-10 s                  ; 2.69e-10 s                  ; Yes                        ; Yes                        ; 2.62 V                      ; 4.05e-08 V                  ; 2.72 V             ; -0.0349 V          ; 0.173 V                             ; 0.1 V                               ; 2.72e-10 s                 ; 2.69e-10 s                 ; Yes                       ; Yes                       ;
; q_out[12]     ; 2.5 V        ; 0 s                 ; 0 s                 ; 2.62 V                       ; 2.74e-08 V                   ; 2.73 V              ; -0.0384 V           ; 0.169 V                              ; 0.089 V                              ; 2.7e-10 s                   ; 2.62e-10 s                  ; Yes                        ; Yes                        ; 2.62 V                      ; 2.74e-08 V                  ; 2.73 V             ; -0.0384 V          ; 0.169 V                             ; 0.089 V                             ; 2.7e-10 s                  ; 2.62e-10 s                 ; Yes                       ; Yes                       ;
; q_out[13]     ; 2.5 V        ; 0 s                 ; 0 s                 ; 2.62 V                       ; 2.74e-08 V                   ; 2.73 V              ; -0.0384 V           ; 0.169 V                              ; 0.089 V                              ; 2.7e-10 s                   ; 2.62e-10 s                  ; Yes                        ; Yes                        ; 2.62 V                      ; 2.74e-08 V                  ; 2.73 V             ; -0.0384 V          ; 0.169 V                             ; 0.089 V                             ; 2.7e-10 s                  ; 2.62e-10 s                 ; Yes                       ; Yes                       ;
; q_out[14]     ; 2.5 V        ; 0 s                 ; 0 s                 ; 2.62 V                       ; 4.05e-08 V                   ; 2.72 V              ; -0.0349 V           ; 0.173 V                              ; 0.1 V                                ; 2.72e-10 s                  ; 2.69e-10 s                  ; Yes                        ; Yes                        ; 2.62 V                      ; 4.05e-08 V                  ; 2.72 V             ; -0.0349 V          ; 0.173 V                             ; 0.1 V                               ; 2.72e-10 s                 ; 2.69e-10 s                 ; Yes                       ; Yes                       ;
; q_out[15]     ; 2.5 V        ; 0 s                 ; 0 s                 ; 2.62 V                       ; 4.05e-08 V                   ; 2.72 V              ; -0.0349 V           ; 0.173 V                              ; 0.1 V                                ; 2.72e-10 s                  ; 2.69e-10 s                  ; Yes                        ; Yes                        ; 2.62 V                      ; 4.05e-08 V                  ; 2.72 V             ; -0.0349 V          ; 0.173 V                             ; 0.1 V                               ; 2.72e-10 s                 ; 2.69e-10 s                 ; Yes                       ; Yes                       ;
; q_out[16]     ; 2.5 V        ; 0 s                 ; 0 s                 ; 2.62 V                       ; 4.05e-08 V                   ; 2.72 V              ; -0.0349 V           ; 0.173 V                              ; 0.1 V                                ; 2.72e-10 s                  ; 2.69e-10 s                  ; Yes                        ; Yes                        ; 2.62 V                      ; 4.05e-08 V                  ; 2.72 V             ; -0.0349 V          ; 0.173 V                             ; 0.1 V                               ; 2.72e-10 s                 ; 2.69e-10 s                 ; Yes                       ; Yes                       ;
; q_out[17]     ; 2.5 V        ; 0 s                 ; 0 s                 ; 2.62 V                       ; 4.05e-08 V                   ; 2.72 V              ; -0.0349 V           ; 0.173 V                              ; 0.1 V                                ; 2.72e-10 s                  ; 2.69e-10 s                  ; Yes                        ; Yes                        ; 2.62 V                      ; 4.05e-08 V                  ; 2.72 V             ; -0.0349 V          ; 0.173 V                             ; 0.1 V                               ; 2.72e-10 s                 ; 2.69e-10 s                 ; Yes                       ; Yes                       ;
; q_out[18]     ; 2.5 V        ; 0 s                 ; 0 s                 ; 2.62 V                       ; 4.05e-08 V                   ; 2.72 V              ; -0.0349 V           ; 0.173 V                              ; 0.1 V                                ; 2.72e-10 s                  ; 2.69e-10 s                  ; Yes                        ; Yes                        ; 2.62 V                      ; 4.05e-08 V                  ; 2.72 V             ; -0.0349 V          ; 0.173 V                             ; 0.1 V                               ; 2.72e-10 s                 ; 2.69e-10 s                 ; Yes                       ; Yes                       ;
; q_out[19]     ; 2.5 V        ; 0 s                 ; 0 s                 ; 2.62 V                       ; 4.05e-08 V                   ; 2.72 V              ; -0.0349 V           ; 0.173 V                              ; 0.1 V                                ; 2.72e-10 s                  ; 2.69e-10 s                  ; Yes                        ; Yes                        ; 2.62 V                      ; 4.05e-08 V                  ; 2.72 V             ; -0.0349 V          ; 0.173 V                             ; 0.1 V                               ; 2.72e-10 s                 ; 2.69e-10 s                 ; Yes                       ; Yes                       ;
; q_out[20]     ; 2.5 V        ; 0 s                 ; 0 s                 ; 2.62 V                       ; 4.05e-08 V                   ; 2.72 V              ; -0.0349 V           ; 0.173 V                              ; 0.1 V                                ; 2.72e-10 s                  ; 2.69e-10 s                  ; Yes                        ; Yes                        ; 2.62 V                      ; 4.05e-08 V                  ; 2.72 V             ; -0.0349 V          ; 0.173 V                             ; 0.1 V                               ; 2.72e-10 s                 ; 2.69e-10 s                 ; Yes                       ; Yes                       ;
; q_out[21]     ; 2.5 V        ; 0 s                 ; 0 s                 ; 2.62 V                       ; 4.05e-08 V                   ; 2.72 V              ; -0.0349 V           ; 0.173 V                              ; 0.1 V                                ; 2.72e-10 s                  ; 2.69e-10 s                  ; Yes                        ; Yes                        ; 2.62 V                      ; 4.05e-08 V                  ; 2.72 V             ; -0.0349 V          ; 0.173 V                             ; 0.1 V                               ; 2.72e-10 s                 ; 2.69e-10 s                 ; Yes                       ; Yes                       ;
; q_out[22]     ; 2.5 V        ; 0 s                 ; 0 s                 ; 2.62 V                       ; 4.05e-08 V                   ; 2.72 V              ; -0.0349 V           ; 0.173 V                              ; 0.1 V                                ; 2.72e-10 s                  ; 2.69e-10 s                  ; Yes                        ; Yes                        ; 2.62 V                      ; 4.05e-08 V                  ; 2.72 V             ; -0.0349 V          ; 0.173 V                             ; 0.1 V                               ; 2.72e-10 s                 ; 2.69e-10 s                 ; Yes                       ; Yes                       ;
; q_out[23]     ; 2.5 V        ; 0 s                 ; 0 s                 ; 2.62 V                       ; 4.05e-08 V                   ; 2.72 V              ; -0.0349 V           ; 0.173 V                              ; 0.1 V                                ; 2.72e-10 s                  ; 2.69e-10 s                  ; Yes                        ; Yes                        ; 2.62 V                      ; 4.05e-08 V                  ; 2.72 V             ; -0.0349 V          ; 0.173 V                             ; 0.1 V                               ; 2.72e-10 s                 ; 2.69e-10 s                 ; Yes                       ; Yes                       ;
; q_out[24]     ; 2.5 V        ; 0 s                 ; 0 s                 ; 2.62 V                       ; 2.74e-08 V                   ; 2.71 V              ; -0.0317 V           ; 0.148 V                              ; 0.064 V                              ; 4.51e-10 s                  ; 4.15e-10 s                  ; No                         ; Yes                        ; 2.62 V                      ; 2.74e-08 V                  ; 2.71 V             ; -0.0317 V          ; 0.148 V                             ; 0.064 V                             ; 4.51e-10 s                 ; 4.15e-10 s                 ; No                        ; Yes                       ;
; q_out[25]     ; 2.5 V        ; 0 s                 ; 0 s                 ; 2.62 V                       ; 4.05e-08 V                   ; 2.72 V              ; -0.0349 V           ; 0.173 V                              ; 0.1 V                                ; 2.72e-10 s                  ; 2.69e-10 s                  ; Yes                        ; Yes                        ; 2.62 V                      ; 4.05e-08 V                  ; 2.72 V             ; -0.0349 V          ; 0.173 V                             ; 0.1 V                               ; 2.72e-10 s                 ; 2.69e-10 s                 ; Yes                       ; Yes                       ;
; q_out[26]     ; 2.5 V        ; 0 s                 ; 0 s                 ; 2.62 V                       ; 2.74e-08 V                   ; 2.71 V              ; -0.0317 V           ; 0.148 V                              ; 0.064 V                              ; 4.51e-10 s                  ; 4.15e-10 s                  ; No                         ; Yes                        ; 2.62 V                      ; 2.74e-08 V                  ; 2.71 V             ; -0.0317 V          ; 0.148 V                             ; 0.064 V                             ; 4.51e-10 s                 ; 4.15e-10 s                 ; No                        ; Yes                       ;
; q_out[27]     ; 2.5 V        ; 0 s                 ; 0 s                 ; 2.62 V                       ; 4.05e-08 V                   ; 2.64 V              ; -0.0113 V           ; 0.208 V                              ; 0.179 V                              ; 2.38e-09 s                  ; 2.23e-09 s                  ; No                         ; Yes                        ; 2.62 V                      ; 4.05e-08 V                  ; 2.64 V             ; -0.0113 V          ; 0.208 V                             ; 0.179 V                             ; 2.38e-09 s                 ; 2.23e-09 s                 ; No                        ; Yes                       ;
; q_out[28]     ; 2.5 V        ; 0 s                 ; 0 s                 ; 2.62 V                       ; 4.05e-08 V                   ; 2.72 V              ; -0.0349 V           ; 0.173 V                              ; 0.1 V                                ; 2.72e-10 s                  ; 2.69e-10 s                  ; Yes                        ; Yes                        ; 2.62 V                      ; 4.05e-08 V                  ; 2.72 V             ; -0.0349 V          ; 0.173 V                             ; 0.1 V                               ; 2.72e-10 s                 ; 2.69e-10 s                 ; Yes                       ; Yes                       ;
; q_out[29]     ; 2.5 V        ; 0 s                 ; 0 s                 ; 2.62 V                       ; 4.05e-08 V                   ; 2.72 V              ; -0.0349 V           ; 0.173 V                              ; 0.1 V                                ; 2.72e-10 s                  ; 2.69e-10 s                  ; Yes                        ; Yes                        ; 2.62 V                      ; 4.05e-08 V                  ; 2.72 V             ; -0.0349 V          ; 0.173 V                             ; 0.1 V                               ; 2.72e-10 s                 ; 2.69e-10 s                 ; Yes                       ; Yes                       ;
; q_out[30]     ; 2.5 V        ; 0 s                 ; 0 s                 ; 2.62 V                       ; 2.74e-08 V                   ; 2.73 V              ; -0.0384 V           ; 0.169 V                              ; 0.089 V                              ; 2.7e-10 s                   ; 2.62e-10 s                  ; Yes                        ; Yes                        ; 2.62 V                      ; 2.74e-08 V                  ; 2.73 V             ; -0.0384 V          ; 0.169 V                             ; 0.089 V                             ; 2.7e-10 s                  ; 2.62e-10 s                 ; Yes                       ; Yes                       ;
; q_out[31]     ; 2.5 V        ; 0 s                 ; 0 s                 ; 2.62 V                       ; 4.05e-08 V                   ; 2.72 V              ; -0.0349 V           ; 0.173 V                              ; 0.1 V                                ; 2.72e-10 s                  ; 2.69e-10 s                  ; Yes                        ; Yes                        ; 2.62 V                      ; 4.05e-08 V                  ; 2.72 V             ; -0.0349 V          ; 0.173 V                             ; 0.1 V                               ; 2.72e-10 s                 ; 2.69e-10 s                 ; Yes                       ; Yes                       ;
; rem_out[0]    ; 2.5 V        ; 0 s                 ; 0 s                 ; 2.62 V                       ; 4.05e-08 V                   ; 2.72 V              ; -0.0349 V           ; 0.173 V                              ; 0.1 V                                ; 2.72e-10 s                  ; 2.69e-10 s                  ; Yes                        ; Yes                        ; 2.62 V                      ; 4.05e-08 V                  ; 2.72 V             ; -0.0349 V          ; 0.173 V                             ; 0.1 V                               ; 2.72e-10 s                 ; 2.69e-10 s                 ; Yes                       ; Yes                       ;
; rem_out[1]    ; 2.5 V        ; 0 s                 ; 0 s                 ; 2.62 V                       ; 4.05e-08 V                   ; 2.72 V              ; -0.0349 V           ; 0.173 V                              ; 0.1 V                                ; 2.72e-10 s                  ; 2.69e-10 s                  ; Yes                        ; Yes                        ; 2.62 V                      ; 4.05e-08 V                  ; 2.72 V             ; -0.0349 V          ; 0.173 V                             ; 0.1 V                               ; 2.72e-10 s                 ; 2.69e-10 s                 ; Yes                       ; Yes                       ;
; rem_out[2]    ; 2.5 V        ; 0 s                 ; 0 s                 ; 2.62 V                       ; 2.74e-08 V                   ; 2.73 V              ; -0.0384 V           ; 0.169 V                              ; 0.089 V                              ; 2.7e-10 s                   ; 2.62e-10 s                  ; Yes                        ; Yes                        ; 2.62 V                      ; 2.74e-08 V                  ; 2.73 V             ; -0.0384 V          ; 0.169 V                             ; 0.089 V                             ; 2.7e-10 s                  ; 2.62e-10 s                 ; Yes                       ; Yes                       ;
; rem_out[3]    ; 2.5 V        ; 0 s                 ; 0 s                 ; 2.62 V                       ; 4.05e-08 V                   ; 2.72 V              ; -0.0349 V           ; 0.173 V                              ; 0.1 V                                ; 2.72e-10 s                  ; 2.69e-10 s                  ; Yes                        ; Yes                        ; 2.62 V                      ; 4.05e-08 V                  ; 2.72 V             ; -0.0349 V          ; 0.173 V                             ; 0.1 V                               ; 2.72e-10 s                 ; 2.69e-10 s                 ; Yes                       ; Yes                       ;
; rem_out[4]    ; 2.5 V        ; 0 s                 ; 0 s                 ; 2.62 V                       ; 2.74e-08 V                   ; 2.73 V              ; -0.0384 V           ; 0.169 V                              ; 0.089 V                              ; 2.7e-10 s                   ; 2.62e-10 s                  ; Yes                        ; Yes                        ; 2.62 V                      ; 2.74e-08 V                  ; 2.73 V             ; -0.0384 V          ; 0.169 V                             ; 0.089 V                             ; 2.7e-10 s                  ; 2.62e-10 s                 ; Yes                       ; Yes                       ;
; rem_out[5]    ; 2.5 V        ; 0 s                 ; 0 s                 ; 2.62 V                       ; 2.74e-08 V                   ; 2.71 V              ; -0.0317 V           ; 0.148 V                              ; 0.064 V                              ; 4.51e-10 s                  ; 4.15e-10 s                  ; No                         ; Yes                        ; 2.62 V                      ; 2.74e-08 V                  ; 2.71 V             ; -0.0317 V          ; 0.148 V                             ; 0.064 V                             ; 4.51e-10 s                 ; 4.15e-10 s                 ; No                        ; Yes                       ;
; rem_out[6]    ; 2.5 V        ; 0 s                 ; 0 s                 ; 2.62 V                       ; 2.74e-08 V                   ; 2.73 V              ; -0.0384 V           ; 0.169 V                              ; 0.089 V                              ; 2.7e-10 s                   ; 2.62e-10 s                  ; Yes                        ; Yes                        ; 2.62 V                      ; 2.74e-08 V                  ; 2.73 V             ; -0.0384 V          ; 0.169 V                             ; 0.089 V                             ; 2.7e-10 s                  ; 2.62e-10 s                 ; Yes                       ; Yes                       ;
; rem_out[7]    ; 2.5 V        ; 0 s                 ; 0 s                 ; 2.62 V                       ; 2.74e-08 V                   ; 2.71 V              ; -0.0317 V           ; 0.148 V                              ; 0.064 V                              ; 4.51e-10 s                  ; 4.15e-10 s                  ; No                         ; Yes                        ; 2.62 V                      ; 2.74e-08 V                  ; 2.71 V             ; -0.0317 V          ; 0.148 V                             ; 0.064 V                             ; 4.51e-10 s                 ; 4.15e-10 s                 ; No                        ; Yes                       ;
; rem_out[8]    ; 2.5 V        ; 0 s                 ; 0 s                 ; 2.62 V                       ; 4.05e-08 V                   ; 2.72 V              ; -0.0349 V           ; 0.173 V                              ; 0.1 V                                ; 2.72e-10 s                  ; 2.69e-10 s                  ; Yes                        ; Yes                        ; 2.62 V                      ; 4.05e-08 V                  ; 2.72 V             ; -0.0349 V          ; 0.173 V                             ; 0.1 V                               ; 2.72e-10 s                 ; 2.69e-10 s                 ; Yes                       ; Yes                       ;
; rem_out[9]    ; 2.5 V        ; 0 s                 ; 0 s                 ; 2.62 V                       ; 2.74e-08 V                   ; 2.71 V              ; -0.0317 V           ; 0.148 V                              ; 0.064 V                              ; 4.51e-10 s                  ; 4.15e-10 s                  ; No                         ; Yes                        ; 2.62 V                      ; 2.74e-08 V                  ; 2.71 V             ; -0.0317 V          ; 0.148 V                             ; 0.064 V                             ; 4.51e-10 s                 ; 4.15e-10 s                 ; No                        ; Yes                       ;
; rem_out[10]   ; 2.5 V        ; 0 s                 ; 0 s                 ; 2.62 V                       ; 2.74e-08 V                   ; 2.71 V              ; -0.0317 V           ; 0.148 V                              ; 0.064 V                              ; 4.51e-10 s                  ; 4.15e-10 s                  ; No                         ; Yes                        ; 2.62 V                      ; 2.74e-08 V                  ; 2.71 V             ; -0.0317 V          ; 0.148 V                             ; 0.064 V                             ; 4.51e-10 s                 ; 4.15e-10 s                 ; No                        ; Yes                       ;
; rem_out[11]   ; 2.5 V        ; 0 s                 ; 0 s                 ; 2.62 V                       ; 4.05e-08 V                   ; 2.72 V              ; -0.0349 V           ; 0.173 V                              ; 0.1 V                                ; 2.72e-10 s                  ; 2.69e-10 s                  ; Yes                        ; Yes                        ; 2.62 V                      ; 4.05e-08 V                  ; 2.72 V             ; -0.0349 V          ; 0.173 V                             ; 0.1 V                               ; 2.72e-10 s                 ; 2.69e-10 s                 ; Yes                       ; Yes                       ;
; rem_out[12]   ; 2.5 V        ; 0 s                 ; 0 s                 ; 2.62 V                       ; 4.05e-08 V                   ; 2.72 V              ; -0.0349 V           ; 0.173 V                              ; 0.1 V                                ; 2.72e-10 s                  ; 2.69e-10 s                  ; Yes                        ; Yes                        ; 2.62 V                      ; 4.05e-08 V                  ; 2.72 V             ; -0.0349 V          ; 0.173 V                             ; 0.1 V                               ; 2.72e-10 s                 ; 2.69e-10 s                 ; Yes                       ; Yes                       ;
; rem_out[13]   ; 2.5 V        ; 0 s                 ; 0 s                 ; 2.62 V                       ; 4.05e-08 V                   ; 2.72 V              ; -0.0349 V           ; 0.173 V                              ; 0.1 V                                ; 2.72e-10 s                  ; 2.69e-10 s                  ; Yes                        ; Yes                        ; 2.62 V                      ; 4.05e-08 V                  ; 2.72 V             ; -0.0349 V          ; 0.173 V                             ; 0.1 V                               ; 2.72e-10 s                 ; 2.69e-10 s                 ; Yes                       ; Yes                       ;
; rem_out[14]   ; 2.5 V        ; 0 s                 ; 0 s                 ; 2.62 V                       ; 4.05e-08 V                   ; 2.72 V              ; -0.0349 V           ; 0.173 V                              ; 0.1 V                                ; 2.72e-10 s                  ; 2.69e-10 s                  ; Yes                        ; Yes                        ; 2.62 V                      ; 4.05e-08 V                  ; 2.72 V             ; -0.0349 V          ; 0.173 V                             ; 0.1 V                               ; 2.72e-10 s                 ; 2.69e-10 s                 ; Yes                       ; Yes                       ;
; rem_out[15]   ; 2.5 V        ; 0 s                 ; 0 s                 ; 2.62 V                       ; 2.74e-08 V                   ; 2.71 V              ; -0.0317 V           ; 0.148 V                              ; 0.064 V                              ; 4.51e-10 s                  ; 4.15e-10 s                  ; No                         ; Yes                        ; 2.62 V                      ; 2.74e-08 V                  ; 2.71 V             ; -0.0317 V          ; 0.148 V                             ; 0.064 V                             ; 4.51e-10 s                 ; 4.15e-10 s                 ; No                        ; Yes                       ;
; rem_out[16]   ; 2.5 V        ; 0 s                 ; 0 s                 ; 2.62 V                       ; 4.05e-08 V                   ; 2.72 V              ; -0.0349 V           ; 0.173 V                              ; 0.1 V                                ; 2.72e-10 s                  ; 2.69e-10 s                  ; Yes                        ; Yes                        ; 2.62 V                      ; 4.05e-08 V                  ; 2.72 V             ; -0.0349 V          ; 0.173 V                             ; 0.1 V                               ; 2.72e-10 s                 ; 2.69e-10 s                 ; Yes                       ; Yes                       ;
; rem_out[17]   ; 2.5 V        ; 0 s                 ; 0 s                 ; 2.62 V                       ; 4.05e-08 V                   ; 2.72 V              ; -0.0349 V           ; 0.173 V                              ; 0.1 V                                ; 2.72e-10 s                  ; 2.69e-10 s                  ; Yes                        ; Yes                        ; 2.62 V                      ; 4.05e-08 V                  ; 2.72 V             ; -0.0349 V          ; 0.173 V                             ; 0.1 V                               ; 2.72e-10 s                 ; 2.69e-10 s                 ; Yes                       ; Yes                       ;
; rem_out[18]   ; 2.5 V        ; 0 s                 ; 0 s                 ; 2.62 V                       ; 4.05e-08 V                   ; 2.64 V              ; -0.0113 V           ; 0.208 V                              ; 0.179 V                              ; 2.38e-09 s                  ; 2.23e-09 s                  ; No                         ; Yes                        ; 2.62 V                      ; 4.05e-08 V                  ; 2.64 V             ; -0.0113 V          ; 0.208 V                             ; 0.179 V                             ; 2.38e-09 s                 ; 2.23e-09 s                 ; No                        ; Yes                       ;
; rem_out[19]   ; 2.5 V        ; 0 s                 ; 0 s                 ; 2.62 V                       ; 2.74e-08 V                   ; 2.71 V              ; -0.0317 V           ; 0.148 V                              ; 0.064 V                              ; 4.51e-10 s                  ; 4.15e-10 s                  ; No                         ; Yes                        ; 2.62 V                      ; 2.74e-08 V                  ; 2.71 V             ; -0.0317 V          ; 0.148 V                             ; 0.064 V                             ; 4.51e-10 s                 ; 4.15e-10 s                 ; No                        ; Yes                       ;
; rem_out[20]   ; 2.5 V        ; 0 s                 ; 0 s                 ; 2.62 V                       ; 4.05e-08 V                   ; 2.72 V              ; -0.0349 V           ; 0.173 V                              ; 0.1 V                                ; 2.72e-10 s                  ; 2.69e-10 s                  ; Yes                        ; Yes                        ; 2.62 V                      ; 4.05e-08 V                  ; 2.72 V             ; -0.0349 V          ; 0.173 V                             ; 0.1 V                               ; 2.72e-10 s                 ; 2.69e-10 s                 ; Yes                       ; Yes                       ;
; rem_out[21]   ; 2.5 V        ; 0 s                 ; 0 s                 ; 2.62 V                       ; 4.05e-08 V                   ; 2.72 V              ; -0.0349 V           ; 0.173 V                              ; 0.1 V                                ; 2.72e-10 s                  ; 2.69e-10 s                  ; Yes                        ; Yes                        ; 2.62 V                      ; 4.05e-08 V                  ; 2.72 V             ; -0.0349 V          ; 0.173 V                             ; 0.1 V                               ; 2.72e-10 s                 ; 2.69e-10 s                 ; Yes                       ; Yes                       ;
; rem_out[22]   ; 2.5 V        ; 0 s                 ; 0 s                 ; 2.62 V                       ; 2.74e-08 V                   ; 2.71 V              ; -0.0317 V           ; 0.148 V                              ; 0.064 V                              ; 4.51e-10 s                  ; 4.15e-10 s                  ; No                         ; Yes                        ; 2.62 V                      ; 2.74e-08 V                  ; 2.71 V             ; -0.0317 V          ; 0.148 V                             ; 0.064 V                             ; 4.51e-10 s                 ; 4.15e-10 s                 ; No                        ; Yes                       ;
; rem_out[23]   ; 2.5 V        ; 0 s                 ; 0 s                 ; 2.62 V                       ; 2.74e-08 V                   ; 2.71 V              ; -0.0317 V           ; 0.148 V                              ; 0.064 V                              ; 4.51e-10 s                  ; 4.15e-10 s                  ; No                         ; Yes                        ; 2.62 V                      ; 2.74e-08 V                  ; 2.71 V             ; -0.0317 V          ; 0.148 V                             ; 0.064 V                             ; 4.51e-10 s                 ; 4.15e-10 s                 ; No                        ; Yes                       ;
; rem_out[24]   ; 2.5 V        ; 0 s                 ; 0 s                 ; 2.62 V                       ; 4.05e-08 V                   ; 2.72 V              ; -0.0349 V           ; 0.173 V                              ; 0.1 V                                ; 2.72e-10 s                  ; 2.69e-10 s                  ; Yes                        ; Yes                        ; 2.62 V                      ; 4.05e-08 V                  ; 2.72 V             ; -0.0349 V          ; 0.173 V                             ; 0.1 V                               ; 2.72e-10 s                 ; 2.69e-10 s                 ; Yes                       ; Yes                       ;
; rem_out[25]   ; 2.5 V        ; 0 s                 ; 0 s                 ; 2.62 V                       ; 2.74e-08 V                   ; 2.71 V              ; -0.0317 V           ; 0.148 V                              ; 0.064 V                              ; 4.51e-10 s                  ; 4.15e-10 s                  ; No                         ; Yes                        ; 2.62 V                      ; 2.74e-08 V                  ; 2.71 V             ; -0.0317 V          ; 0.148 V                             ; 0.064 V                             ; 4.51e-10 s                 ; 4.15e-10 s                 ; No                        ; Yes                       ;
; rem_out[26]   ; 2.5 V        ; 0 s                 ; 0 s                 ; 2.62 V                       ; 4.05e-08 V                   ; 2.72 V              ; -0.0349 V           ; 0.173 V                              ; 0.1 V                                ; 2.72e-10 s                  ; 2.69e-10 s                  ; Yes                        ; Yes                        ; 2.62 V                      ; 4.05e-08 V                  ; 2.72 V             ; -0.0349 V          ; 0.173 V                             ; 0.1 V                               ; 2.72e-10 s                 ; 2.69e-10 s                 ; Yes                       ; Yes                       ;
; rem_out[27]   ; 2.5 V        ; 0 s                 ; 0 s                 ; 2.62 V                       ; 2.74e-08 V                   ; 2.64 V              ; -0.0117 V           ; 0.202 V                              ; 0.176 V                              ; 2.38e-09 s                  ; 2.22e-09 s                  ; No                         ; Yes                        ; 2.62 V                      ; 2.74e-08 V                  ; 2.64 V             ; -0.0117 V          ; 0.202 V                             ; 0.176 V                             ; 2.38e-09 s                 ; 2.22e-09 s                 ; No                        ; Yes                       ;
; rem_out[28]   ; 2.5 V        ; 0 s                 ; 0 s                 ; 2.62 V                       ; 4.05e-08 V                   ; 2.72 V              ; -0.0349 V           ; 0.173 V                              ; 0.1 V                                ; 2.72e-10 s                  ; 2.69e-10 s                  ; Yes                        ; Yes                        ; 2.62 V                      ; 4.05e-08 V                  ; 2.72 V             ; -0.0349 V          ; 0.173 V                             ; 0.1 V                               ; 2.72e-10 s                 ; 2.69e-10 s                 ; Yes                       ; Yes                       ;
; rem_out[29]   ; 2.5 V        ; 0 s                 ; 0 s                 ; 2.62 V                       ; 4.05e-08 V                   ; 2.72 V              ; -0.0349 V           ; 0.173 V                              ; 0.1 V                                ; 2.72e-10 s                  ; 2.69e-10 s                  ; Yes                        ; Yes                        ; 2.62 V                      ; 4.05e-08 V                  ; 2.72 V             ; -0.0349 V          ; 0.173 V                             ; 0.1 V                               ; 2.72e-10 s                 ; 2.69e-10 s                 ; Yes                       ; Yes                       ;
; rem_out[30]   ; 2.5 V        ; 0 s                 ; 0 s                 ; 2.62 V                       ; 4.05e-08 V                   ; 2.72 V              ; -0.0349 V           ; 0.173 V                              ; 0.1 V                                ; 2.72e-10 s                  ; 2.69e-10 s                  ; Yes                        ; Yes                        ; 2.62 V                      ; 4.05e-08 V                  ; 2.72 V             ; -0.0349 V          ; 0.173 V                             ; 0.1 V                               ; 2.72e-10 s                 ; 2.69e-10 s                 ; Yes                       ; Yes                       ;
; rem_out[31]   ; 2.5 V        ; 0 s                 ; 0 s                 ; 2.62 V                       ; 2.74e-08 V                   ; 2.71 V              ; -0.0317 V           ; 0.148 V                              ; 0.064 V                              ; 4.51e-10 s                  ; 4.15e-10 s                  ; No                         ; Yes                        ; 2.62 V                      ; 2.74e-08 V                  ; 2.71 V             ; -0.0317 V          ; 0.148 V                             ; 0.064 V                             ; 4.51e-10 s                 ; 4.15e-10 s                 ; No                        ; Yes                       ;
; done          ; 2.5 V        ; 0 s                 ; 0 s                 ; 2.62 V                       ; 4.05e-08 V                   ; 2.72 V              ; -0.0349 V           ; 0.173 V                              ; 0.1 V                                ; 2.72e-10 s                  ; 2.69e-10 s                  ; Yes                        ; Yes                        ; 2.62 V                      ; 4.05e-08 V                  ; 2.72 V             ; -0.0349 V          ; 0.173 V                             ; 0.1 V                               ; 2.72e-10 s                 ; 2.69e-10 s                 ; Yes                       ; Yes                       ;
; ~ALTERA_DCLK~ ; 2.5 V        ; 0 s                 ; 0 s                 ; 2.62 V                       ; 2.22e-08 V                   ; 2.74 V              ; -0.06 V             ; 0.158 V                              ; 0.08 V                               ; 2.68e-10 s                  ; 2.19e-10 s                  ; Yes                        ; Yes                        ; 2.62 V                      ; 2.22e-08 V                  ; 2.74 V             ; -0.06 V            ; 0.158 V                             ; 0.08 V                              ; 2.68e-10 s                 ; 2.19e-10 s                 ; Yes                       ; Yes                       ;
; ~ALTERA_nCEO~ ; 2.5 V        ; 0 s                 ; 0 s                 ; 2.62 V                       ; 3.54e-08 V                   ; 2.7 V               ; -0.00943 V          ; 0.276 V                              ; 0.035 V                              ; 3.19e-10 s                  ; 4.99e-10 s                  ; No                         ; Yes                        ; 2.62 V                      ; 3.54e-08 V                  ; 2.7 V              ; -0.00943 V         ; 0.276 V                             ; 0.035 V                             ; 3.19e-10 s                 ; 4.99e-10 s                 ; No                        ; Yes                       ;
+---------------+--------------+---------------------+---------------------+------------------------------+------------------------------+---------------------+---------------------+--------------------------------------+--------------------------------------+-----------------------------+-----------------------------+----------------------------+----------------------------+-----------------------------+-----------------------------+--------------------+--------------------+-------------------------------------+-------------------------------------+----------------------------+----------------------------+---------------------------+---------------------------+


+-------------------------------------------------------------------+
; Setup Transfers                                                   ;
+------------+----------+----------+----------+----------+----------+
; From Clock ; To Clock ; RR Paths ; FR Paths ; RF Paths ; FF Paths ;
+------------+----------+----------+----------+----------+----------+
; clk        ; clk      ; 351581   ; 0        ; 0        ; 0        ;
+------------+----------+----------+----------+----------+----------+
Entries labeled "false path" only account for clock-to-clock false paths and not path-based false paths. As a result, actual path counts may be lower than reported.


+-------------------------------------------------------------------+
; Hold Transfers                                                    ;
+------------+----------+----------+----------+----------+----------+
; From Clock ; To Clock ; RR Paths ; FR Paths ; RF Paths ; FF Paths ;
+------------+----------+----------+----------+----------+----------+
; clk        ; clk      ; 351581   ; 0        ; 0        ; 0        ;
+------------+----------+----------+----------+----------+----------+
Entries labeled "false path" only account for clock-to-clock false paths and not path-based false paths. As a result, actual path counts may be lower than reported.


---------------
; Report TCCS ;
---------------
No dedicated SERDES Transmitter circuitry present in device or used in design


---------------
; Report RSKM ;
---------------
No non-DPA dedicated SERDES Receiver circuitry present in device or used in design


+------------------------------------------------+
; Unconstrained Paths Summary                    ;
+---------------------------------+-------+------+
; Property                        ; Setup ; Hold ;
+---------------------------------+-------+------+
; Illegal Clocks                  ; 0     ; 0    ;
; Unconstrained Clocks            ; 0     ; 0    ;
; Unconstrained Input Ports       ; 66    ; 66   ;
; Unconstrained Input Port Paths  ; 72    ; 72   ;
; Unconstrained Output Ports      ; 65    ; 65   ;
; Unconstrained Output Port Paths ; 4945  ; 4945 ;
+---------------------------------+-------+------+


+-------------------------------------+
; Clock Status Summary                ;
+--------+-------+------+-------------+
; Target ; Clock ; Type ; Status      ;
+--------+-------+------+-------------+
; clk    ; clk   ; Base ; Constrained ;
+--------+-------+------+-------------+


+---------------------------------------------------------------------------------------------------+
; Unconstrained Input Ports                                                                         ;
+------------+--------------------------------------------------------------------------------------+
; Input Port ; Comment                                                                              ;
+------------+--------------------------------------------------------------------------------------+
; rst        ; No input delay, min/max delays, false-path exceptions, or max skew assignments found ;
; start      ; No input delay, min/max delays, false-path exceptions, or max skew assignments found ;
; x_norm[0]  ; No input delay, min/max delays, false-path exceptions, or max skew assignments found ;
; x_norm[1]  ; No input delay, min/max delays, false-path exceptions, or max skew assignments found ;
; x_norm[2]  ; No input delay, min/max delays, false-path exceptions, or max skew assignments found ;
; x_norm[3]  ; No input delay, min/max delays, false-path exceptions, or max skew assignments found ;
; x_norm[4]  ; No input delay, min/max delays, false-path exceptions, or max skew assignments found ;
; x_norm[5]  ; No input delay, min/max delays, false-path exceptions, or max skew assignments found ;
; x_norm[6]  ; No input delay, min/max delays, false-path exceptions, or max skew assignments found ;
; x_norm[7]  ; No input delay, min/max delays, false-path exceptions, or max skew assignments found ;
; x_norm[8]  ; No input delay, min/max delays, false-path exceptions, or max skew assignments found ;
; x_norm[9]  ; No input delay, min/max delays, false-path exceptions, or max skew assignments found ;
; x_norm[10] ; No input delay, min/max delays, false-path exceptions, or max skew assignments found ;
; x_norm[11] ; No input delay, min/max delays, false-path exceptions, or max skew assignments found ;
; x_norm[12] ; No input delay, min/max delays, false-path exceptions, or max skew assignments found ;
; x_norm[13] ; No input delay, min/max delays, false-path exceptions, or max skew assignments found ;
; x_norm[14] ; No input delay, min/max delays, false-path exceptions, or max skew assignments found ;
; x_norm[15] ; No input delay, min/max delays, false-path exceptions, or max skew assignments found ;
; x_norm[16] ; No input delay, min/max delays, false-path exceptions, or max skew assignments found ;
; x_norm[17] ; No input delay, min/max delays, false-path exceptions, or max skew assignments found ;
; x_norm[18] ; No input delay, min/max delays, false-path exceptions, or max skew assignments found ;
; x_norm[19] ; No input delay, min/max delays, false-path exceptions, or max skew assignments found ;
; x_norm[20] ; No input delay, min/max delays, false-path exceptions, or max skew assignments found ;
; x_norm[21] ; No input delay, min/max delays, false-path exceptions, or max skew assignments found ;
; x_norm[22] ; No input delay, min/max delays, false-path exceptions, or max skew assignments found ;
; x_norm[23] ; No input delay, min/max delays, false-path exceptions, or max skew assignments found ;
; x_norm[24] ; No input delay, min/max delays, false-path exceptions, or max skew assignments found ;
; x_norm[25] ; No input delay, min/max delays, false-path exceptions, or max skew assignments found ;
; x_norm[26] ; No input delay, min/max delays, false-path exceptions, or max skew assignments found ;
; x_norm[27] ; No input delay, min/max delays, false-path exceptions, or max skew assignments found ;
; x_norm[28] ; No input delay, min/max delays, false-path exceptions, or max skew assignments found ;
; x_norm[29] ; No input delay, min/max delays, false-path exceptions, or max skew assignments found ;
; x_norm[30] ; No input delay, min/max delays, false-path exceptions, or max skew assignments found ;
; x_norm[31] ; No input delay, min/max delays, false-path exceptions, or max skew assignments found ;
; y_norm[0]  ; No input delay, min/max delays, false-path exceptions, or max skew assignments found ;
; y_norm[1]  ; No input delay, min/max delays, false-path exceptions, or max skew assignments found ;
; y_norm[2]  ; No input delay, min/max delays, false-path exceptions, or max skew assignments found ;
; y_norm[3]  ; No input delay, min/max delays, false-path exceptions, or max skew assignments found ;
; y_norm[4]  ; No input delay, min/max delays, false-path exceptions, or max skew assignments found ;
; y_norm[5]  ; No input delay, min/max delays, false-path exceptions, or max skew assignments found ;
; y_norm[6]  ; No input delay, min/max delays, false-path exceptions, or max skew assignments found ;
; y_norm[7]  ; No input delay, min/max delays, false-path exceptions, or max skew assignments found ;
; y_norm[8]  ; No input delay, min/max delays, false-path exceptions, or max skew assignments found ;
; y_norm[9]  ; No input delay, min/max delays, false-path exceptions, or max skew assignments found ;
; y_norm[10] ; No input delay, min/max delays, false-path exceptions, or max skew assignments found ;
; y_norm[11] ; No input delay, min/max delays, false-path exceptions, or max skew assignments found ;
; y_norm[12] ; No input delay, min/max delays, false-path exceptions, or max skew assignments found ;
; y_norm[13] ; No input delay, min/max delays, false-path exceptions, or max skew assignments found ;
; y_norm[14] ; No input delay, min/max delays, false-path exceptions, or max skew assignments found ;
; y_norm[15] ; No input delay, min/max delays, false-path exceptions, or max skew assignments found ;
; y_norm[16] ; No input delay, min/max delays, false-path exceptions, or max skew assignments found ;
; y_norm[17] ; No input delay, min/max delays, false-path exceptions, or max skew assignments found ;
; y_norm[18] ; No input delay, min/max delays, false-path exceptions, or max skew assignments found ;
; y_norm[19] ; No input delay, min/max delays, false-path exceptions, or max skew assignments found ;
; y_norm[20] ; No input delay, min/max delays, false-path exceptions, or max skew assignments found ;
; y_norm[21] ; No input delay, min/max delays, false-path exceptions, or max skew assignments found ;
; y_norm[22] ; No input delay, min/max delays, false-path exceptions, or max skew assignments found ;
; y_norm[23] ; No input delay, min/max delays, false-path exceptions, or max skew assignments found ;
; y_norm[24] ; No input delay, min/max delays, false-path exceptions, or max skew assignments found ;
; y_norm[25] ; No input delay, min/max delays, false-path exceptions, or max skew assignments found ;
; y_norm[26] ; No input delay, min/max delays, false-path exceptions, or max skew assignments found ;
; y_norm[27] ; No input delay, min/max delays, false-path exceptions, or max skew assignments found ;
; y_norm[28] ; No input delay, min/max delays, false-path exceptions, or max skew assignments found ;
; y_norm[29] ; No input delay, min/max delays, false-path exceptions, or max skew assignments found ;
; y_norm[30] ; No input delay, min/max delays, false-path exceptions, or max skew assignments found ;
; y_norm[31] ; No input delay, min/max delays, false-path exceptions, or max skew assignments found ;
+------------+--------------------------------------------------------------------------------------+


+-----------------------------------------------------------------------------------------------------+
; Unconstrained Output Ports                                                                          ;
+-------------+---------------------------------------------------------------------------------------+
; Output Port ; Comment                                                                               ;
+-------------+---------------------------------------------------------------------------------------+
; done        ; No output delay, min/max delays, false-path exceptions, or max skew assignments found ;
; q_out[0]    ; No output delay, min/max delays, false-path exceptions, or max skew assignments found ;
; q_out[1]    ; No output delay, min/max delays, false-path exceptions, or max skew assignments found ;
; q_out[2]    ; No output delay, min/max delays, false-path exceptions, or max skew assignments found ;
; q_out[3]    ; No output delay, min/max delays, false-path exceptions, or max skew assignments found ;
; q_out[4]    ; No output delay, min/max delays, false-path exceptions, or max skew assignments found ;
; q_out[5]    ; No output delay, min/max delays, false-path exceptions, or max skew assignments found ;
; q_out[6]    ; No output delay, min/max delays, false-path exceptions, or max skew assignments found ;
; q_out[7]    ; No output delay, min/max delays, false-path exceptions, or max skew assignments found ;
; q_out[8]    ; No output delay, min/max delays, false-path exceptions, or max skew assignments found ;
; q_out[9]    ; No output delay, min/max delays, false-path exceptions, or max skew assignments found ;
; q_out[10]   ; No output delay, min/max delays, false-path exceptions, or max skew assignments found ;
; q_out[11]   ; No output delay, min/max delays, false-path exceptions, or max skew assignments found ;
; q_out[12]   ; No output delay, min/max delays, false-path exceptions, or max skew assignments found ;
; q_out[13]   ; No output delay, min/max delays, false-path exceptions, or max skew assignments found ;
; q_out[14]   ; No output delay, min/max delays, false-path exceptions, or max skew assignments found ;
; q_out[15]   ; No output delay, min/max delays, false-path exceptions, or max skew assignments found ;
; q_out[16]   ; No output delay, min/max delays, false-path exceptions, or max skew assignments found ;
; q_out[17]   ; No output delay, min/max delays, false-path exceptions, or max skew assignments found ;
; q_out[18]   ; No output delay, min/max delays, false-path exceptions, or max skew assignments found ;
; q_out[19]   ; No output delay, min/max delays, false-path exceptions, or max skew assignments found ;
; q_out[20]   ; No output delay, min/max delays, false-path exceptions, or max skew assignments found ;
; q_out[21]   ; No output delay, min/max delays, false-path exceptions, or max skew assignments found ;
; q_out[22]   ; No output delay, min/max delays, false-path exceptions, or max skew assignments found ;
; q_out[23]   ; No output delay, min/max delays, false-path exceptions, or max skew assignments found ;
; q_out[24]   ; No output delay, min/max delays, false-path exceptions, or max skew assignments found ;
; q_out[25]   ; No output delay, min/max delays, false-path exceptions, or max skew assignments found ;
; q_out[26]   ; No output delay, min/max delays, false-path exceptions, or max skew assignments found ;
; q_out[27]   ; No output delay, min/max delays, false-path exceptions, or max skew assignments found ;
; q_out[28]   ; No output delay, min/max delays, false-path exceptions, or max skew assignments found ;
; q_out[29]   ; No output delay, min/max delays, false-path exceptions, or max skew assignments found ;
; q_out[30]   ; No output delay, min/max delays, false-path exceptions, or max skew assignments found ;
; q_out[31]   ; No output delay, min/max delays, false-path exceptions, or max skew assignments found ;
; rem_out[0]  ; No output delay, min/max delays, false-path exceptions, or max skew assignments found ;
; rem_out[1]  ; No output delay, min/max delays, false-path exceptions, or max skew assignments found ;
; rem_out[2]  ; No output delay, min/max delays, false-path exceptions, or max skew assignments found ;
; rem_out[3]  ; No output delay, min/max delays, false-path exceptions, or max skew assignments found ;
; rem_out[4]  ; No output delay, min/max delays, false-path exceptions, or max skew assignments found ;
; rem_out[5]  ; No output delay, min/max delays, false-path exceptions, or max skew assignments found ;
; rem_out[6]  ; No output delay, min/max delays, false-path exceptions, or max skew assignments found ;
; rem_out[7]  ; No output delay, min/max delays, false-path exceptions, or max skew assignments found ;
; rem_out[8]  ; No output delay, min/max delays, false-path exceptions, or max skew assignments found ;
; rem_out[9]  ; No output delay, min/max delays, false-path exceptions, or max skew assignments found ;
; rem_out[10] ; No output delay, min/max delays, false-path exceptions, or max skew assignments found ;
; rem_out[11] ; No output delay, min/max delays, false-path exceptions, or max skew assignments found ;
; rem_out[12] ; No output delay, min/max delays, false-path exceptions, or max skew assignments found ;
; rem_out[13] ; No output delay, min/max delays, false-path exceptions, or max skew assignments found ;
; rem_out[14] ; No output delay, min/max delays, false-path exceptions, or max skew assignments found ;
; rem_out[15] ; No output delay, min/max delays, false-path exceptions, or max skew assignments found ;
; rem_out[16] ; No output delay, min/max delays, false-path exceptions, or max skew assignments found ;
; rem_out[17] ; No output delay, min/max delays, false-path exceptions, or max skew assignments found ;
; rem_out[18] ; No output delay, min/max delays, false-path exceptions, or max skew assignments found ;
; rem_out[19] ; No output delay, min/max delays, false-path exceptions, or max skew assignments found ;
; rem_out[20] ; No output delay, min/max delays, false-path exceptions, or max skew assignments found ;
; rem_out[21] ; No output delay, min/max delays, false-path exceptions, or max skew assignments found ;
; rem_out[22] ; No output delay, min/max delays, false-path exceptions, or max skew assignments found ;
; rem_out[23] ; No output delay, min/max delays, false-path exceptions, or max skew assignments found ;
; rem_out[24] ; No output delay, min/max delays, false-path exceptions, or max skew assignments found ;
; rem_out[25] ; No output delay, min/max delays, false-path exceptions, or max skew assignments found ;
; rem_out[26] ; No output delay, min/max delays, false-path exceptions, or max skew assignments found ;
; rem_out[27] ; No output delay, min/max delays, false-path exceptions, or max skew assignments found ;
; rem_out[28] ; No output delay, min/max delays, false-path exceptions, or max skew assignments found ;
; rem_out[29] ; No output delay, min/max delays, false-path exceptions, or max skew assignments found ;
; rem_out[30] ; No output delay, min/max delays, false-path exceptions, or max skew assignments found ;
; rem_out[31] ; No output delay, min/max delays, false-path exceptions, or max skew assignments found ;
+-------------+---------------------------------------------------------------------------------------+


+---------------------------------------------------------------------------------------------------+
; Unconstrained Input Ports                                                                         ;
+------------+--------------------------------------------------------------------------------------+
; Input Port ; Comment                                                                              ;
+------------+--------------------------------------------------------------------------------------+
; rst        ; No input delay, min/max delays, false-path exceptions, or max skew assignments found ;
; start      ; No input delay, min/max delays, false-path exceptions, or max skew assignments found ;
; x_norm[0]  ; No input delay, min/max delays, false-path exceptions, or max skew assignments found ;
; x_norm[1]  ; No input delay, min/max delays, false-path exceptions, or max skew assignments found ;
; x_norm[2]  ; No input delay, min/max delays, false-path exceptions, or max skew assignments found ;
; x_norm[3]  ; No input delay, min/max delays, false-path exceptions, or max skew assignments found ;
; x_norm[4]  ; No input delay, min/max delays, false-path exceptions, or max skew assignments found ;
; x_norm[5]  ; No input delay, min/max delays, false-path exceptions, or max skew assignments found ;
; x_norm[6]  ; No input delay, min/max delays, false-path exceptions, or max skew assignments found ;
; x_norm[7]  ; No input delay, min/max delays, false-path exceptions, or max skew assignments found ;
; x_norm[8]  ; No input delay, min/max delays, false-path exceptions, or max skew assignments found ;
; x_norm[9]  ; No input delay, min/max delays, false-path exceptions, or max skew assignments found ;
; x_norm[10] ; No input delay, min/max delays, false-path exceptions, or max skew assignments found ;
; x_norm[11] ; No input delay, min/max delays, false-path exceptions, or max skew assignments found ;
; x_norm[12] ; No input delay, min/max delays, false-path exceptions, or max skew assignments found ;
; x_norm[13] ; No input delay, min/max delays, false-path exceptions, or max skew assignments found ;
; x_norm[14] ; No input delay, min/max delays, false-path exceptions, or max skew assignments found ;
; x_norm[15] ; No input delay, min/max delays, false-path exceptions, or max skew assignments found ;
; x_norm[16] ; No input delay, min/max delays, false-path exceptions, or max skew assignments found ;
; x_norm[17] ; No input delay, min/max delays, false-path exceptions, or max skew assignments found ;
; x_norm[18] ; No input delay, min/max delays, false-path exceptions, or max skew assignments found ;
; x_norm[19] ; No input delay, min/max delays, false-path exceptions, or max skew assignments found ;
; x_norm[20] ; No input delay, min/max delays, false-path exceptions, or max skew assignments found ;
; x_norm[21] ; No input delay, min/max delays, false-path exceptions, or max skew assignments found ;
; x_norm[22] ; No input delay, min/max delays, false-path exceptions, or max skew assignments found ;
; x_norm[23] ; No input delay, min/max delays, false-path exceptions, or max skew assignments found ;
; x_norm[24] ; No input delay, min/max delays, false-path exceptions, or max skew assignments found ;
; x_norm[25] ; No input delay, min/max delays, false-path exceptions, or max skew assignments found ;
; x_norm[26] ; No input delay, min/max delays, false-path exceptions, or max skew assignments found ;
; x_norm[27] ; No input delay, min/max delays, false-path exceptions, or max skew assignments found ;
; x_norm[28] ; No input delay, min/max delays, false-path exceptions, or max skew assignments found ;
; x_norm[29] ; No input delay, min/max delays, false-path exceptions, or max skew assignments found ;
; x_norm[30] ; No input delay, min/max delays, false-path exceptions, or max skew assignments found ;
; x_norm[31] ; No input delay, min/max delays, false-path exceptions, or max skew assignments found ;
; y_norm[0]  ; No input delay, min/max delays, false-path exceptions, or max skew assignments found ;
; y_norm[1]  ; No input delay, min/max delays, false-path exceptions, or max skew assignments found ;
; y_norm[2]  ; No input delay, min/max delays, false-path exceptions, or max skew assignments found ;
; y_norm[3]  ; No input delay, min/max delays, false-path exceptions, or max skew assignments found ;
; y_norm[4]  ; No input delay, min/max delays, false-path exceptions, or max skew assignments found ;
; y_norm[5]  ; No input delay, min/max delays, false-path exceptions, or max skew assignments found ;
; y_norm[6]  ; No input delay, min/max delays, false-path exceptions, or max skew assignments found ;
; y_norm[7]  ; No input delay, min/max delays, false-path exceptions, or max skew assignments found ;
; y_norm[8]  ; No input delay, min/max delays, false-path exceptions, or max skew assignments found ;
; y_norm[9]  ; No input delay, min/max delays, false-path exceptions, or max skew assignments found ;
; y_norm[10] ; No input delay, min/max delays, false-path exceptions, or max skew assignments found ;
; y_norm[11] ; No input delay, min/max delays, false-path exceptions, or max skew assignments found ;
; y_norm[12] ; No input delay, min/max delays, false-path exceptions, or max skew assignments found ;
; y_norm[13] ; No input delay, min/max delays, false-path exceptions, or max skew assignments found ;
; y_norm[14] ; No input delay, min/max delays, false-path exceptions, or max skew assignments found ;
; y_norm[15] ; No input delay, min/max delays, false-path exceptions, or max skew assignments found ;
; y_norm[16] ; No input delay, min/max delays, false-path exceptions, or max skew assignments found ;
; y_norm[17] ; No input delay, min/max delays, false-path exceptions, or max skew assignments found ;
; y_norm[18] ; No input delay, min/max delays, false-path exceptions, or max skew assignments found ;
; y_norm[19] ; No input delay, min/max delays, false-path exceptions, or max skew assignments found ;
; y_norm[20] ; No input delay, min/max delays, false-path exceptions, or max skew assignments found ;
; y_norm[21] ; No input delay, min/max delays, false-path exceptions, or max skew assignments found ;
; y_norm[22] ; No input delay, min/max delays, false-path exceptions, or max skew assignments found ;
; y_norm[23] ; No input delay, min/max delays, false-path exceptions, or max skew assignments found ;
; y_norm[24] ; No input delay, min/max delays, false-path exceptions, or max skew assignments found ;
; y_norm[25] ; No input delay, min/max delays, false-path exceptions, or max skew assignments found ;
; y_norm[26] ; No input delay, min/max delays, false-path exceptions, or max skew assignments found ;
; y_norm[27] ; No input delay, min/max delays, false-path exceptions, or max skew assignments found ;
; y_norm[28] ; No input delay, min/max delays, false-path exceptions, or max skew assignments found ;
; y_norm[29] ; No input delay, min/max delays, false-path exceptions, or max skew assignments found ;
; y_norm[30] ; No input delay, min/max delays, false-path exceptions, or max skew assignments found ;
; y_norm[31] ; No input delay, min/max delays, false-path exceptions, or max skew assignments found ;
+------------+--------------------------------------------------------------------------------------+


+-----------------------------------------------------------------------------------------------------+
; Unconstrained Output Ports                                                                          ;
+-------------+---------------------------------------------------------------------------------------+
; Output Port ; Comment                                                                               ;
+-------------+---------------------------------------------------------------------------------------+
; done        ; No output delay, min/max delays, false-path exceptions, or max skew assignments found ;
; q_out[0]    ; No output delay, min/max delays, false-path exceptions, or max skew assignments found ;
; q_out[1]    ; No output delay, min/max delays, false-path exceptions, or max skew assignments found ;
; q_out[2]    ; No output delay, min/max delays, false-path exceptions, or max skew assignments found ;
; q_out[3]    ; No output delay, min/max delays, false-path exceptions, or max skew assignments found ;
; q_out[4]    ; No output delay, min/max delays, false-path exceptions, or max skew assignments found ;
; q_out[5]    ; No output delay, min/max delays, false-path exceptions, or max skew assignments found ;
; q_out[6]    ; No output delay, min/max delays, false-path exceptions, or max skew assignments found ;
; q_out[7]    ; No output delay, min/max delays, false-path exceptions, or max skew assignments found ;
; q_out[8]    ; No output delay, min/max delays, false-path exceptions, or max skew assignments found ;
; q_out[9]    ; No output delay, min/max delays, false-path exceptions, or max skew assignments found ;
; q_out[10]   ; No output delay, min/max delays, false-path exceptions, or max skew assignments found ;
; q_out[11]   ; No output delay, min/max delays, false-path exceptions, or max skew assignments found ;
; q_out[12]   ; No output delay, min/max delays, false-path exceptions, or max skew assignments found ;
; q_out[13]   ; No output delay, min/max delays, false-path exceptions, or max skew assignments found ;
; q_out[14]   ; No output delay, min/max delays, false-path exceptions, or max skew assignments found ;
; q_out[15]   ; No output delay, min/max delays, false-path exceptions, or max skew assignments found ;
; q_out[16]   ; No output delay, min/max delays, false-path exceptions, or max skew assignments found ;
; q_out[17]   ; No output delay, min/max delays, false-path exceptions, or max skew assignments found ;
; q_out[18]   ; No output delay, min/max delays, false-path exceptions, or max skew assignments found ;
; q_out[19]   ; No output delay, min/max delays, false-path exceptions, or max skew assignments found ;
; q_out[20]   ; No output delay, min/max delays, false-path exceptions, or max skew assignments found ;
; q_out[21]   ; No output delay, min/max delays, false-path exceptions, or max skew assignments found ;
; q_out[22]   ; No output delay, min/max delays, false-path exceptions, or max skew assignments found ;
; q_out[23]   ; No output delay, min/max delays, false-path exceptions, or max skew assignments found ;
; q_out[24]   ; No output delay, min/max delays, false-path exceptions, or max skew assignments found ;
; q_out[25]   ; No output delay, min/max delays, false-path exceptions, or max skew assignments found ;
; q_out[26]   ; No output delay, min/max delays, false-path exceptions, or max skew assignments found ;
; q_out[27]   ; No output delay, min/max delays, false-path exceptions, or max skew assignments found ;
; q_out[28]   ; No output delay, min/max delays, false-path exceptions, or max skew assignments found ;
; q_out[29]   ; No output delay, min/max delays, false-path exceptions, or max skew assignments found ;
; q_out[30]   ; No output delay, min/max delays, false-path exceptions, or max skew assignments found ;
; q_out[31]   ; No output delay, min/max delays, false-path exceptions, or max skew assignments found ;
; rem_out[0]  ; No output delay, min/max delays, false-path exceptions, or max skew assignments found ;
; rem_out[1]  ; No output delay, min/max delays, false-path exceptions, or max skew assignments found ;
; rem_out[2]  ; No output delay, min/max delays, false-path exceptions, or max skew assignments found ;
; rem_out[3]  ; No output delay, min/max delays, false-path exceptions, or max skew assignments found ;
; rem_out[4]  ; No output delay, min/max delays, false-path exceptions, or max skew assignments found ;
; rem_out[5]  ; No output delay, min/max delays, false-path exceptions, or max skew assignments found ;
; rem_out[6]  ; No output delay, min/max delays, false-path exceptions, or max skew assignments found ;
; rem_out[7]  ; No output delay, min/max delays, false-path exceptions, or max skew assignments found ;
; rem_out[8]  ; No output delay, min/max delays, false-path exceptions, or max skew assignments found ;
; rem_out[9]  ; No output delay, min/max delays, false-path exceptions, or max skew assignments found ;
; rem_out[10] ; No output delay, min/max delays, false-path exceptions, or max skew assignments found ;
; rem_out[11] ; No output delay, min/max delays, false-path exceptions, or max skew assignments found ;
; rem_out[12] ; No output delay, min/max delays, false-path exceptions, or max skew assignments found ;
; rem_out[13] ; No output delay, min/max delays, false-path exceptions, or max skew assignments found ;
; rem_out[14] ; No output delay, min/max delays, false-path exceptions, or max skew assignments found ;
; rem_out[15] ; No output delay, min/max delays, false-path exceptions, or max skew assignments found ;
; rem_out[16] ; No output delay, min/max delays, false-path exceptions, or max skew assignments found ;
; rem_out[17] ; No output delay, min/max delays, false-path exceptions, or max skew assignments found ;
; rem_out[18] ; No output delay, min/max delays, false-path exceptions, or max skew assignments found ;
; rem_out[19] ; No output delay, min/max delays, false-path exceptions, or max skew assignments found ;
; rem_out[20] ; No output delay, min/max delays, false-path exceptions, or max skew assignments found ;
; rem_out[21] ; No output delay, min/max delays, false-path exceptions, or max skew assignments found ;
; rem_out[22] ; No output delay, min/max delays, false-path exceptions, or max skew assignments found ;
; rem_out[23] ; No output delay, min/max delays, false-path exceptions, or max skew assignments found ;
; rem_out[24] ; No output delay, min/max delays, false-path exceptions, or max skew assignments found ;
; rem_out[25] ; No output delay, min/max delays, false-path exceptions, or max skew assignments found ;
; rem_out[26] ; No output delay, min/max delays, false-path exceptions, or max skew assignments found ;
; rem_out[27] ; No output delay, min/max delays, false-path exceptions, or max skew assignments found ;
; rem_out[28] ; No output delay, min/max delays, false-path exceptions, or max skew assignments found ;
; rem_out[29] ; No output delay, min/max delays, false-path exceptions, or max skew assignments found ;
; rem_out[30] ; No output delay, min/max delays, false-path exceptions, or max skew assignments found ;
; rem_out[31] ; No output delay, min/max delays, false-path exceptions, or max skew assignments found ;
+-------------+---------------------------------------------------------------------------------------+


+--------------------------+
; Timing Analyzer Messages ;
+--------------------------+
Info: *******************************************************************
Info: Running Quartus Prime Timing Analyzer
    Info: Version 20.1.0 Build 711 06/05/2020 SJ Lite Edition
    Info: Processing started: Tue Aug 25 23:54:49 2026
Info: Command: quartus_sta divider_structural -c divider_structural
Info: qsta_default_script.tcl version: #1
Warning (18236): Number of processors has not been specified which may cause overloading on shared machines.  Set the global assignment NUM_PARALLEL_PROCESSORS in your QSF to an appropriate value for best performance.
Info (20030): Parallel compilation is enabled and will use 10 of the 10 processors detected
Info (21076): High junction temperature operating condition is not set. Assuming a default value of '85'.
Info (21076): Low junction temperature operating condition is not set. Assuming a default value of '0'.
Critical Warning (332012): Synopsys Design Constraints File file not found: 'divider_structural.sdc'. A Synopsys Design Constraints File is required by the Timing Analyzer to get proper timing constraints. Without it, the Compiler will not properly optimize the design.
Info (332142): No user constrained base clocks found in the design. Calling "derive_clocks -period 1.0"
Info (332105): Deriving Clocks
    Info (332105): create_clock -period 1.000 -name clk clk
Info (332143): No user constrained clock uncertainty found in the design. Calling "derive_clock_uncertainty"
Info (332123): Deriving Clock Uncertainty. Please refer to report_sdc in the Timing Analyzer to see clock uncertainties.
Info: Found TIMING_ANALYZER_REPORT_SCRIPT_INCLUDE_DEFAULT_ANALYSIS = ON
Info: Analyzing Slow 1200mV 85C Model
Critical Warning (332148): Timing requirements not met
    Info (11105): For recommendations on closing timing, run Report Timing Closure Recommendations in the Timing Analyzer.
Info (332146): Worst-case setup slack is -6.059
    Info (332119):     Slack       End Point TNS Clock 
    Info (332119): ========= =================== =====================
    Info (332119):    -6.059            -767.523 clk 
Info (332146): Worst-case hold slack is 0.343
    Info (332119):     Slack       End Point TNS Clock 
    Info (332119): ========= =================== =====================
    Info (332119):     0.343               0.000 clk 
Info (332140): No Recovery paths to report
Info (332140): No Removal paths to report
Info (332146): Worst-case minimum pulse width slack is -3.000
    Info (332119):     Slack       End Point TNS Clock 
    Info (332119): ========= =================== =====================
    Info (332119):    -3.000            -176.000 clk 
Info: Analyzing Slow 1200mV 0C Model
Info (334003): Started post-fitting delay annotation
Info (334004): Delay annotation completed successfully
Info (332123): Deriving Clock Uncertainty. Please refer to report_sdc in the Timing Analyzer to see clock uncertainties.
Critical Warning (332148): Timing requirements not met
    Info (11105): For recommendations on closing timing, run Report Timing Closure Recommendations in the Timing Analyzer.
Info (332146): Worst-case setup slack is -5.344
    Info (332119):     Slack       End Point TNS Clock 
    Info (332119): ========= =================== =====================
    Info (332119):    -5.344            -671.267 clk 
Info (332146): Worst-case hold slack is 0.298
    Info (332119):     Slack       End Point TNS Clock 
    Info (332119): ========= =================== =====================
    Info (332119):     0.298               0.000 clk 
Info (332140): No Recovery paths to report
Info (332140): No Removal paths to report
Info (332146): Worst-case minimum pulse width slack is -3.000
    Info (332119):     Slack       End Point TNS Clock 
    Info (332119): ========= =================== =====================
    Info (332119):    -3.000            -176.000 clk 
Info: Analyzing Fast 1200mV 0C Model
Info (332123): Deriving Clock Uncertainty. Please refer to report_sdc in the Timing Analyzer to see clock uncertainties.
Critical Warning (332148): Timing requirements not met
    Info (11105): For recommendations on closing timing, run Report Timing Closure Recommendations in the Timing Analyzer.
Info (332146): Worst-case setup slack is -2.980
    Info (332119):     Slack       End Point TNS Clock 
    Info (332119): ========= =================== =====================
    Info (332119):    -2.980            -357.883 clk 
Info (332146): Worst-case hold slack is 0.178
    Info (332119):     Slack       End Point TNS Clock 
    Info (332119): ========= =================== =====================
    Info (332119):     0.178               0.000 clk 
Info (332140): No Recovery paths to report
Info (332140): No Removal paths to report
Info (332146): Worst-case minimum pulse width slack is -3.000
    Info (332119):     Slack       End Point TNS Clock 
    Info (332119): ========= =================== =====================
    Info (332119):    -3.000            -189.338 clk 
Info (332102): Design is not fully constrained for setup requirements
Info (332102): Design is not fully constrained for hold requirements
Info: Quartus Prime Timing Analyzer was successful. 0 errors, 5 warnings
    Info: Peak virtual memory: 4863 megabytes
    Info: Processing ended: Tue Aug 25 23:54:52 2026
    Info: Elapsed time: 00:00:03
    Info: Total CPU time (on all processors): 00:00:02


