Timing Analyzer report for fullDiveder
Sat Sep 19 00:44:57 2026
Quartus Prime Version 20.1.0 Build 711 06/05/2020 SJ Lite Edition


---------------------
; Table of Contents ;
---------------------
  1. Legal Notice
  2. Timing Analyzer Summary
  3. Parallel Compilation
  4. Clocks
  5. Slow 1200mV 85C Model Fmax Summary
  6. Timing Closure Recommendations
  7. Slow 1200mV 85C Model Setup Summary
  8. Slow 1200mV 85C Model Hold Summary
  9. Slow 1200mV 85C Model Recovery Summary
 10. Slow 1200mV 85C Model Removal Summary
 11. Slow 1200mV 85C Model Minimum Pulse Width Summary
 12. Slow 1200mV 85C Model Setup: 'clk'
 13. Slow 1200mV 85C Model Hold: 'clk'
 14. Slow 1200mV 85C Model Metastability Summary
 15. Slow 1200mV 0C Model Fmax Summary
 16. Slow 1200mV 0C Model Setup Summary
 17. Slow 1200mV 0C Model Hold Summary
 18. Slow 1200mV 0C Model Recovery Summary
 19. Slow 1200mV 0C Model Removal Summary
 20. Slow 1200mV 0C Model Minimum Pulse Width Summary
 21. Slow 1200mV 0C Model Setup: 'clk'
 22. Slow 1200mV 0C Model Hold: 'clk'
 23. Slow 1200mV 0C Model Metastability Summary
 24. Fast 1200mV 0C Model Setup Summary
 25. Fast 1200mV 0C Model Hold Summary
 26. Fast 1200mV 0C Model Recovery Summary
 27. Fast 1200mV 0C Model Removal Summary
 28. Fast 1200mV 0C Model Minimum Pulse Width Summary
 29. Fast 1200mV 0C Model Setup: 'clk'
 30. Fast 1200mV 0C Model Hold: 'clk'
 31. Fast 1200mV 0C Model Metastability Summary
 32. Multicorner Timing Analysis Summary
 33. Board Trace Model Assignments
 34. Input Transition Times
 35. Signal Integrity Metrics (Slow 1200mv 0c Model)
 36. Signal Integrity Metrics (Slow 1200mv 85c Model)
 37. Signal Integrity Metrics (Fast 1200mv 0c Model)
 38. Setup Transfers
 39. Hold Transfers
 40. Report TCCS
 41. Report RSKM
 42. Unconstrained Paths Summary
 43. Clock Status Summary
 44. Unconstrained Input Ports
 45. Unconstrained Output Ports
 46. Unconstrained Input Ports
 47. Unconstrained Output Ports
 48. Timing Analyzer Messages



----------------
; Legal Notice ;
----------------
Copyright (C) 2020  Intel Corporation. All rights reserved.
Your use of Intel Corporation's design tools, logic functions 
and other software and tools, and any partner logic 
functions, and any output files from any of the foregoing 
(including device programming or simulation files), and any 
associated documentation or information are expressly subject 
to the terms and conditions of the Intel Program License 
Subscription Agreement, the Intel Quartus Prime License Agreement,
the Intel FPGA IP License Agreement, or other applicable license
agreement, including, without limitation, that your use is for
the sole purpose of programming logic devices manufactured by
Intel and sold by Intel or its authorized distributors.  Please
refer to the applicable agreement for further details, at
https://fpgasoftware.intel.com/eula.



+-----------------------------------------------------------------------------+
; Timing Analyzer Summary                                                     ;
+-----------------------+-----------------------------------------------------+
; Quartus Prime Version ; Version 20.1.0 Build 711 06/05/2020 SJ Lite Edition ;
; Timing Analyzer       ; Legacy Timing Analyzer                              ;
; Revision Name         ; fullDiveder                                         ;
; Device Family         ; Cyclone IV E                                        ;
; Device Name           ; EP4CE6F17C6                                         ;
; Timing Models         ; Final                                               ;
; Delay Model           ; Combined                                            ;
; Rise/Fall Delays      ; Enabled                                             ;
+-----------------------+-----------------------------------------------------+


+------------------------------------------+
; Parallel Compilation                     ;
+----------------------------+-------------+
; Processors                 ; Number      ;
+----------------------------+-------------+
; Number detected on machine ; 12          ;
; Maximum allowed            ; 10          ;
;                            ;             ;
; Average used               ; 1.16        ;
; Maximum used               ; 10          ;
;                            ;             ;
; Usage by Processor         ; % Time Used ;
;     Processor 1            ; 100.0%      ;
;     Processor 2            ;   5.7%      ;
;     Processors 3-10        ;   1.3%      ;
+----------------------------+-------------+


+---------------------------------------------------------------------------------------------------------------------------------------------------------------------------------+
; Clocks                                                                                                                                                                          ;
+------------+------+--------+------------+-------+-------+------------+-----------+-------------+-------+--------+-----------+------------+----------+--------+--------+---------+
; Clock Name ; Type ; Period ; Frequency  ; Rise  ; Fall  ; Duty Cycle ; Divide by ; Multiply by ; Phase ; Offset ; Edge List ; Edge Shift ; Inverted ; Master ; Source ; Targets ;
+------------+------+--------+------------+-------+-------+------------+-----------+-------------+-------+--------+-----------+------------+----------+--------+--------+---------+
; clk        ; Base ; 1.000  ; 1000.0 MHz ; 0.000 ; 0.500 ;            ;           ;             ;       ;        ;           ;            ;          ;        ;        ; { clk } ;
+------------+------+--------+------------+-------+-------+------------+-----------+-------------+-------+--------+-----------+------------+----------+--------+--------+---------+


+--------------------------------------------------+
; Slow 1200mV 85C Model Fmax Summary               ;
+------------+-----------------+------------+------+
; Fmax       ; Restricted Fmax ; Clock Name ; Note ;
+------------+-----------------+------------+------+
; 134.75 MHz ; 134.75 MHz      ; clk        ;      ;
+------------+-----------------+------------+------+
This panel reports FMAX for every clock in the design, regardless of the user-specified clock periods.  FMAX is only computed for paths where the source and destination registers or ports are driven by the same clock.  Paths of different clocks, including generated clocks, are ignored.  For paths between a clock and its inversion, FMAX is computed as if the rising and falling edges are scaled along with FMAX, such that the duty cycle (in terms of a percentage) is maintained. Altera recommends that you always use clock constraints and other slack reports for sign-off analysis.


----------------------------------
; Timing Closure Recommendations ;
----------------------------------
HTML report is unavailable in plain text report export.


+-------------------------------------+
; Slow 1200mV 85C Model Setup Summary ;
+-------+--------+--------------------+
; Clock ; Slack  ; End Point TNS      ;
+-------+--------+--------------------+
; clk   ; -6.421 ; -1214.203          ;
+-------+--------+--------------------+


+------------------------------------+
; Slow 1200mV 85C Model Hold Summary ;
+-------+-------+--------------------+
; Clock ; Slack ; End Point TNS      ;
+-------+-------+--------------------+
; clk   ; 0.254 ; 0.000              ;
+-------+-------+--------------------+


------------------------------------------
; Slow 1200mV 85C Model Recovery Summary ;
------------------------------------------
No paths to report.


-----------------------------------------
; Slow 1200mV 85C Model Removal Summary ;
-----------------------------------------
No paths to report.


+---------------------------------------------------+
; Slow 1200mV 85C Model Minimum Pulse Width Summary ;
+-------+--------+----------------------------------+
; Clock ; Slack  ; End Point TNS                    ;
+-------+--------+----------------------------------+
; clk   ; -3.000 ; -328.000                         ;
+-------+--------+----------------------------------+


+-----------------------------------------------------------------------------------------------------------------------------------------------------------------------------------------------------------------------------+
; Slow 1200mV 85C Model Setup: 'clk'                                                                                                                                                                                          ;
+--------+----------------------------------------------------------------------+-----------------------------------------------------------------------+--------------+-------------+--------------+------------+------------+
; Slack  ; From Node                                                            ; To Node                                                               ; Launch Clock ; Latch Clock ; Relationship ; Clock Skew ; Data Delay ;
+--------+----------------------------------------------------------------------+-----------------------------------------------------------------------+--------------+-------------+--------------+------------+------------+
; -6.421 ; r4_div_datapath:DATAPATH|r4_div_core:CORE_UNIT|register:REG_WS|q[30] ; r4_div_datapath:DATAPATH|r4_div_core:CORE_UNIT|otfc_block:OTFC|Q[31]  ; clk          ; clk         ; 1.000        ; -0.084     ; 7.332      ;
; -6.421 ; r4_div_datapath:DATAPATH|r4_div_core:CORE_UNIT|register:REG_WS|q[30] ; r4_div_datapath:DATAPATH|r4_div_core:CORE_UNIT|otfc_block:OTFC|QM[31] ; clk          ; clk         ; 1.000        ; -0.084     ; 7.332      ;
; -6.421 ; r4_div_datapath:DATAPATH|r4_div_core:CORE_UNIT|register:REG_WS|q[30] ; r4_div_datapath:DATAPATH|r4_div_core:CORE_UNIT|otfc_block:OTFC|QM[29] ; clk          ; clk         ; 1.000        ; -0.084     ; 7.332      ;
; -6.421 ; r4_div_datapath:DATAPATH|r4_div_core:CORE_UNIT|register:REG_WS|q[30] ; r4_div_datapath:DATAPATH|r4_div_core:CORE_UNIT|otfc_block:OTFC|Q[29]  ; clk          ; clk         ; 1.000        ; -0.084     ; 7.332      ;
; -6.421 ; r4_div_datapath:DATAPATH|r4_div_core:CORE_UNIT|register:REG_WS|q[30] ; r4_div_datapath:DATAPATH|r4_div_core:CORE_UNIT|otfc_block:OTFC|QM[27] ; clk          ; clk         ; 1.000        ; -0.084     ; 7.332      ;
; -6.421 ; r4_div_datapath:DATAPATH|r4_div_core:CORE_UNIT|register:REG_WS|q[30] ; r4_div_datapath:DATAPATH|r4_div_core:CORE_UNIT|otfc_block:OTFC|Q[25]  ; clk          ; clk         ; 1.000        ; -0.084     ; 7.332      ;
; -6.418 ; r4_div_datapath:DATAPATH|r4_div_core:CORE_UNIT|register:REG_WS|q[30] ; r4_div_datapath:DATAPATH|r4_div_core:CORE_UNIT|otfc_block:OTFC|QM[14] ; clk          ; clk         ; 1.000        ; -0.072     ; 7.341      ;
; -6.418 ; r4_div_datapath:DATAPATH|r4_div_core:CORE_UNIT|register:REG_WS|q[30] ; r4_div_datapath:DATAPATH|r4_div_core:CORE_UNIT|otfc_block:OTFC|QM[12] ; clk          ; clk         ; 1.000        ; -0.072     ; 7.341      ;
; -6.418 ; r4_div_datapath:DATAPATH|r4_div_core:CORE_UNIT|register:REG_WS|q[30] ; r4_div_datapath:DATAPATH|r4_div_core:CORE_UNIT|otfc_block:OTFC|QM[10] ; clk          ; clk         ; 1.000        ; -0.072     ; 7.341      ;
; -6.410 ; r4_div_datapath:DATAPATH|r4_div_core:CORE_UNIT|register:REG_WS|q[30] ; r4_div_datapath:DATAPATH|r4_div_core:CORE_UNIT|otfc_block:OTFC|Q[30]  ; clk          ; clk         ; 1.000        ; -0.082     ; 7.323      ;
; -6.410 ; r4_div_datapath:DATAPATH|r4_div_core:CORE_UNIT|register:REG_WS|q[30] ; r4_div_datapath:DATAPATH|r4_div_core:CORE_UNIT|otfc_block:OTFC|QM[30] ; clk          ; clk         ; 1.000        ; -0.082     ; 7.323      ;
; -6.410 ; r4_div_datapath:DATAPATH|r4_div_core:CORE_UNIT|register:REG_WS|q[30] ; r4_div_datapath:DATAPATH|r4_div_core:CORE_UNIT|otfc_block:OTFC|Q[28]  ; clk          ; clk         ; 1.000        ; -0.082     ; 7.323      ;
; -6.323 ; r4_div_datapath:DATAPATH|r4_div_core:CORE_UNIT|register:REG_WC|q[31] ; r4_div_datapath:DATAPATH|r4_div_core:CORE_UNIT|otfc_block:OTFC|Q[31]  ; clk          ; clk         ; 1.000        ; -0.084     ; 7.234      ;
; -6.323 ; r4_div_datapath:DATAPATH|r4_div_core:CORE_UNIT|register:REG_WC|q[31] ; r4_div_datapath:DATAPATH|r4_div_core:CORE_UNIT|otfc_block:OTFC|QM[31] ; clk          ; clk         ; 1.000        ; -0.084     ; 7.234      ;
; -6.323 ; r4_div_datapath:DATAPATH|r4_div_core:CORE_UNIT|register:REG_WC|q[31] ; r4_div_datapath:DATAPATH|r4_div_core:CORE_UNIT|otfc_block:OTFC|QM[29] ; clk          ; clk         ; 1.000        ; -0.084     ; 7.234      ;
; -6.323 ; r4_div_datapath:DATAPATH|r4_div_core:CORE_UNIT|register:REG_WC|q[31] ; r4_div_datapath:DATAPATH|r4_div_core:CORE_UNIT|otfc_block:OTFC|Q[29]  ; clk          ; clk         ; 1.000        ; -0.084     ; 7.234      ;
; -6.323 ; r4_div_datapath:DATAPATH|r4_div_core:CORE_UNIT|register:REG_WC|q[31] ; r4_div_datapath:DATAPATH|r4_div_core:CORE_UNIT|otfc_block:OTFC|QM[27] ; clk          ; clk         ; 1.000        ; -0.084     ; 7.234      ;
; -6.323 ; r4_div_datapath:DATAPATH|r4_div_core:CORE_UNIT|register:REG_WC|q[31] ; r4_div_datapath:DATAPATH|r4_div_core:CORE_UNIT|otfc_block:OTFC|Q[25]  ; clk          ; clk         ; 1.000        ; -0.084     ; 7.234      ;
; -6.320 ; r4_div_datapath:DATAPATH|r4_div_core:CORE_UNIT|register:REG_WC|q[31] ; r4_div_datapath:DATAPATH|r4_div_core:CORE_UNIT|otfc_block:OTFC|QM[14] ; clk          ; clk         ; 1.000        ; -0.072     ; 7.243      ;
; -6.320 ; r4_div_datapath:DATAPATH|r4_div_core:CORE_UNIT|register:REG_WC|q[31] ; r4_div_datapath:DATAPATH|r4_div_core:CORE_UNIT|otfc_block:OTFC|QM[12] ; clk          ; clk         ; 1.000        ; -0.072     ; 7.243      ;
; -6.320 ; r4_div_datapath:DATAPATH|r4_div_core:CORE_UNIT|register:REG_WC|q[31] ; r4_div_datapath:DATAPATH|r4_div_core:CORE_UNIT|otfc_block:OTFC|QM[10] ; clk          ; clk         ; 1.000        ; -0.072     ; 7.243      ;
; -6.312 ; r4_div_datapath:DATAPATH|r4_div_core:CORE_UNIT|register:REG_WC|q[31] ; r4_div_datapath:DATAPATH|r4_div_core:CORE_UNIT|otfc_block:OTFC|Q[30]  ; clk          ; clk         ; 1.000        ; -0.082     ; 7.225      ;
; -6.312 ; r4_div_datapath:DATAPATH|r4_div_core:CORE_UNIT|register:REG_WC|q[31] ; r4_div_datapath:DATAPATH|r4_div_core:CORE_UNIT|otfc_block:OTFC|QM[30] ; clk          ; clk         ; 1.000        ; -0.082     ; 7.225      ;
; -6.312 ; r4_div_datapath:DATAPATH|r4_div_core:CORE_UNIT|register:REG_WC|q[31] ; r4_div_datapath:DATAPATH|r4_div_core:CORE_UNIT|otfc_block:OTFC|Q[28]  ; clk          ; clk         ; 1.000        ; -0.082     ; 7.225      ;
; -6.255 ; r4_div_datapath:DATAPATH|r4_div_core:CORE_UNIT|register:REG_WS|q[30] ; r4_div_datapath:DATAPATH|r4_div_core:CORE_UNIT|register:REG_WS|q[30]  ; clk          ; clk         ; 1.000        ; -0.064     ; 7.186      ;
; -6.242 ; r4_div_datapath:DATAPATH|r4_div_core:CORE_UNIT|register:REG_WC|q[30] ; r4_div_datapath:DATAPATH|r4_div_core:CORE_UNIT|otfc_block:OTFC|Q[31]  ; clk          ; clk         ; 1.000        ; -0.095     ; 7.142      ;
; -6.242 ; r4_div_datapath:DATAPATH|r4_div_core:CORE_UNIT|register:REG_WC|q[30] ; r4_div_datapath:DATAPATH|r4_div_core:CORE_UNIT|otfc_block:OTFC|QM[31] ; clk          ; clk         ; 1.000        ; -0.095     ; 7.142      ;
; -6.242 ; r4_div_datapath:DATAPATH|r4_div_core:CORE_UNIT|register:REG_WC|q[30] ; r4_div_datapath:DATAPATH|r4_div_core:CORE_UNIT|otfc_block:OTFC|QM[29] ; clk          ; clk         ; 1.000        ; -0.095     ; 7.142      ;
; -6.242 ; r4_div_datapath:DATAPATH|r4_div_core:CORE_UNIT|register:REG_WC|q[30] ; r4_div_datapath:DATAPATH|r4_div_core:CORE_UNIT|otfc_block:OTFC|Q[29]  ; clk          ; clk         ; 1.000        ; -0.095     ; 7.142      ;
; -6.242 ; r4_div_datapath:DATAPATH|r4_div_core:CORE_UNIT|register:REG_WC|q[30] ; r4_div_datapath:DATAPATH|r4_div_core:CORE_UNIT|otfc_block:OTFC|QM[27] ; clk          ; clk         ; 1.000        ; -0.095     ; 7.142      ;
; -6.242 ; r4_div_datapath:DATAPATH|r4_div_core:CORE_UNIT|register:REG_WC|q[30] ; r4_div_datapath:DATAPATH|r4_div_core:CORE_UNIT|otfc_block:OTFC|Q[25]  ; clk          ; clk         ; 1.000        ; -0.095     ; 7.142      ;
; -6.239 ; r4_div_datapath:DATAPATH|r4_div_core:CORE_UNIT|register:REG_WC|q[30] ; r4_div_datapath:DATAPATH|r4_div_core:CORE_UNIT|otfc_block:OTFC|QM[14] ; clk          ; clk         ; 1.000        ; -0.083     ; 7.151      ;
; -6.239 ; r4_div_datapath:DATAPATH|r4_div_core:CORE_UNIT|register:REG_WC|q[30] ; r4_div_datapath:DATAPATH|r4_div_core:CORE_UNIT|otfc_block:OTFC|QM[12] ; clk          ; clk         ; 1.000        ; -0.083     ; 7.151      ;
; -6.239 ; r4_div_datapath:DATAPATH|r4_div_core:CORE_UNIT|register:REG_WC|q[30] ; r4_div_datapath:DATAPATH|r4_div_core:CORE_UNIT|otfc_block:OTFC|QM[10] ; clk          ; clk         ; 1.000        ; -0.083     ; 7.151      ;
; -6.231 ; r4_div_datapath:DATAPATH|r4_div_core:CORE_UNIT|register:REG_WC|q[30] ; r4_div_datapath:DATAPATH|r4_div_core:CORE_UNIT|otfc_block:OTFC|Q[30]  ; clk          ; clk         ; 1.000        ; -0.093     ; 7.133      ;
; -6.231 ; r4_div_datapath:DATAPATH|r4_div_core:CORE_UNIT|register:REG_WC|q[30] ; r4_div_datapath:DATAPATH|r4_div_core:CORE_UNIT|otfc_block:OTFC|QM[30] ; clk          ; clk         ; 1.000        ; -0.093     ; 7.133      ;
; -6.231 ; r4_div_datapath:DATAPATH|r4_div_core:CORE_UNIT|register:REG_WC|q[30] ; r4_div_datapath:DATAPATH|r4_div_core:CORE_UNIT|otfc_block:OTFC|Q[28]  ; clk          ; clk         ; 1.000        ; -0.093     ; 7.133      ;
; -6.159 ; r4_div_datapath:DATAPATH|r4_div_core:CORE_UNIT|register:REG_WS|q[29] ; r4_div_datapath:DATAPATH|r4_div_core:CORE_UNIT|otfc_block:OTFC|Q[31]  ; clk          ; clk         ; 1.000        ; -0.095     ; 7.059      ;
; -6.159 ; r4_div_datapath:DATAPATH|r4_div_core:CORE_UNIT|register:REG_WS|q[29] ; r4_div_datapath:DATAPATH|r4_div_core:CORE_UNIT|otfc_block:OTFC|QM[31] ; clk          ; clk         ; 1.000        ; -0.095     ; 7.059      ;
; -6.159 ; r4_div_datapath:DATAPATH|r4_div_core:CORE_UNIT|register:REG_WS|q[29] ; r4_div_datapath:DATAPATH|r4_div_core:CORE_UNIT|otfc_block:OTFC|QM[29] ; clk          ; clk         ; 1.000        ; -0.095     ; 7.059      ;
; -6.159 ; r4_div_datapath:DATAPATH|r4_div_core:CORE_UNIT|register:REG_WS|q[29] ; r4_div_datapath:DATAPATH|r4_div_core:CORE_UNIT|otfc_block:OTFC|Q[29]  ; clk          ; clk         ; 1.000        ; -0.095     ; 7.059      ;
; -6.159 ; r4_div_datapath:DATAPATH|r4_div_core:CORE_UNIT|register:REG_WS|q[29] ; r4_div_datapath:DATAPATH|r4_div_core:CORE_UNIT|otfc_block:OTFC|QM[27] ; clk          ; clk         ; 1.000        ; -0.095     ; 7.059      ;
; -6.159 ; r4_div_datapath:DATAPATH|r4_div_core:CORE_UNIT|register:REG_WS|q[29] ; r4_div_datapath:DATAPATH|r4_div_core:CORE_UNIT|otfc_block:OTFC|Q[25]  ; clk          ; clk         ; 1.000        ; -0.095     ; 7.059      ;
; -6.158 ; r4_div_datapath:DATAPATH|r4_div_core:CORE_UNIT|register:REG_WC|q[29] ; r4_div_datapath:DATAPATH|r4_div_core:CORE_UNIT|otfc_block:OTFC|Q[31]  ; clk          ; clk         ; 1.000        ; -0.095     ; 7.058      ;
; -6.158 ; r4_div_datapath:DATAPATH|r4_div_core:CORE_UNIT|register:REG_WC|q[29] ; r4_div_datapath:DATAPATH|r4_div_core:CORE_UNIT|otfc_block:OTFC|QM[31] ; clk          ; clk         ; 1.000        ; -0.095     ; 7.058      ;
; -6.158 ; r4_div_datapath:DATAPATH|r4_div_core:CORE_UNIT|register:REG_WC|q[29] ; r4_div_datapath:DATAPATH|r4_div_core:CORE_UNIT|otfc_block:OTFC|QM[29] ; clk          ; clk         ; 1.000        ; -0.095     ; 7.058      ;
; -6.158 ; r4_div_datapath:DATAPATH|r4_div_core:CORE_UNIT|register:REG_WC|q[29] ; r4_div_datapath:DATAPATH|r4_div_core:CORE_UNIT|otfc_block:OTFC|Q[29]  ; clk          ; clk         ; 1.000        ; -0.095     ; 7.058      ;
; -6.158 ; r4_div_datapath:DATAPATH|r4_div_core:CORE_UNIT|register:REG_WC|q[29] ; r4_div_datapath:DATAPATH|r4_div_core:CORE_UNIT|otfc_block:OTFC|QM[27] ; clk          ; clk         ; 1.000        ; -0.095     ; 7.058      ;
; -6.158 ; r4_div_datapath:DATAPATH|r4_div_core:CORE_UNIT|register:REG_WC|q[29] ; r4_div_datapath:DATAPATH|r4_div_core:CORE_UNIT|otfc_block:OTFC|Q[25]  ; clk          ; clk         ; 1.000        ; -0.095     ; 7.058      ;
; -6.157 ; r4_div_datapath:DATAPATH|r4_div_core:CORE_UNIT|register:REG_WC|q[31] ; r4_div_datapath:DATAPATH|r4_div_core:CORE_UNIT|register:REG_WS|q[30]  ; clk          ; clk         ; 1.000        ; -0.064     ; 7.088      ;
; -6.156 ; r4_div_datapath:DATAPATH|r4_div_core:CORE_UNIT|register:REG_WS|q[29] ; r4_div_datapath:DATAPATH|r4_div_core:CORE_UNIT|otfc_block:OTFC|QM[14] ; clk          ; clk         ; 1.000        ; -0.083     ; 7.068      ;
; -6.156 ; r4_div_datapath:DATAPATH|r4_div_core:CORE_UNIT|register:REG_WS|q[29] ; r4_div_datapath:DATAPATH|r4_div_core:CORE_UNIT|otfc_block:OTFC|QM[12] ; clk          ; clk         ; 1.000        ; -0.083     ; 7.068      ;
; -6.156 ; r4_div_datapath:DATAPATH|r4_div_core:CORE_UNIT|register:REG_WS|q[29] ; r4_div_datapath:DATAPATH|r4_div_core:CORE_UNIT|otfc_block:OTFC|QM[10] ; clk          ; clk         ; 1.000        ; -0.083     ; 7.068      ;
; -6.155 ; r4_div_datapath:DATAPATH|r4_div_core:CORE_UNIT|register:REG_WC|q[29] ; r4_div_datapath:DATAPATH|r4_div_core:CORE_UNIT|otfc_block:OTFC|QM[14] ; clk          ; clk         ; 1.000        ; -0.083     ; 7.067      ;
; -6.155 ; r4_div_datapath:DATAPATH|r4_div_core:CORE_UNIT|register:REG_WC|q[29] ; r4_div_datapath:DATAPATH|r4_div_core:CORE_UNIT|otfc_block:OTFC|QM[12] ; clk          ; clk         ; 1.000        ; -0.083     ; 7.067      ;
; -6.155 ; r4_div_datapath:DATAPATH|r4_div_core:CORE_UNIT|register:REG_WC|q[29] ; r4_div_datapath:DATAPATH|r4_div_core:CORE_UNIT|otfc_block:OTFC|QM[10] ; clk          ; clk         ; 1.000        ; -0.083     ; 7.067      ;
; -6.152 ; r4_div_datapath:DATAPATH|r4_div_core:CORE_UNIT|register:REG_WS|q[30] ; r4_div_datapath:DATAPATH|r4_div_core:CORE_UNIT|otfc_block:OTFC|Q[22]  ; clk          ; clk         ; 1.000        ; -0.063     ; 7.084      ;
; -6.152 ; r4_div_datapath:DATAPATH|r4_div_core:CORE_UNIT|register:REG_WS|q[30] ; r4_div_datapath:DATAPATH|r4_div_core:CORE_UNIT|otfc_block:OTFC|Q[20]  ; clk          ; clk         ; 1.000        ; -0.063     ; 7.084      ;
; -6.152 ; r4_div_datapath:DATAPATH|r4_div_core:CORE_UNIT|register:REG_WS|q[30] ; r4_div_datapath:DATAPATH|r4_div_core:CORE_UNIT|otfc_block:OTFC|Q[18]  ; clk          ; clk         ; 1.000        ; -0.063     ; 7.084      ;
; -6.152 ; r4_div_datapath:DATAPATH|r4_div_core:CORE_UNIT|register:REG_WS|q[30] ; r4_div_datapath:DATAPATH|r4_div_core:CORE_UNIT|otfc_block:OTFC|Q[19]  ; clk          ; clk         ; 1.000        ; -0.063     ; 7.084      ;
; -6.148 ; r4_div_datapath:DATAPATH|r4_div_core:CORE_UNIT|register:REG_WS|q[29] ; r4_div_datapath:DATAPATH|r4_div_core:CORE_UNIT|otfc_block:OTFC|Q[30]  ; clk          ; clk         ; 1.000        ; -0.093     ; 7.050      ;
; -6.148 ; r4_div_datapath:DATAPATH|r4_div_core:CORE_UNIT|register:REG_WS|q[29] ; r4_div_datapath:DATAPATH|r4_div_core:CORE_UNIT|otfc_block:OTFC|QM[30] ; clk          ; clk         ; 1.000        ; -0.093     ; 7.050      ;
; -6.148 ; r4_div_datapath:DATAPATH|r4_div_core:CORE_UNIT|register:REG_WS|q[29] ; r4_div_datapath:DATAPATH|r4_div_core:CORE_UNIT|otfc_block:OTFC|Q[28]  ; clk          ; clk         ; 1.000        ; -0.093     ; 7.050      ;
; -6.147 ; r4_div_datapath:DATAPATH|r4_div_core:CORE_UNIT|register:REG_WC|q[29] ; r4_div_datapath:DATAPATH|r4_div_core:CORE_UNIT|otfc_block:OTFC|Q[30]  ; clk          ; clk         ; 1.000        ; -0.093     ; 7.049      ;
; -6.147 ; r4_div_datapath:DATAPATH|r4_div_core:CORE_UNIT|register:REG_WC|q[29] ; r4_div_datapath:DATAPATH|r4_div_core:CORE_UNIT|otfc_block:OTFC|QM[30] ; clk          ; clk         ; 1.000        ; -0.093     ; 7.049      ;
; -6.147 ; r4_div_datapath:DATAPATH|r4_div_core:CORE_UNIT|register:REG_WC|q[29] ; r4_div_datapath:DATAPATH|r4_div_core:CORE_UNIT|otfc_block:OTFC|Q[28]  ; clk          ; clk         ; 1.000        ; -0.093     ; 7.049      ;
; -6.138 ; r4_div_datapath:DATAPATH|r4_div_core:CORE_UNIT|register:REG_WS|q[32] ; r4_div_datapath:DATAPATH|r4_div_core:CORE_UNIT|otfc_block:OTFC|Q[31]  ; clk          ; clk         ; 1.000        ; -0.094     ; 7.039      ;
; -6.138 ; r4_div_datapath:DATAPATH|r4_div_core:CORE_UNIT|register:REG_WS|q[32] ; r4_div_datapath:DATAPATH|r4_div_core:CORE_UNIT|otfc_block:OTFC|QM[31] ; clk          ; clk         ; 1.000        ; -0.094     ; 7.039      ;
; -6.138 ; r4_div_datapath:DATAPATH|r4_div_core:CORE_UNIT|register:REG_WS|q[32] ; r4_div_datapath:DATAPATH|r4_div_core:CORE_UNIT|otfc_block:OTFC|QM[29] ; clk          ; clk         ; 1.000        ; -0.094     ; 7.039      ;
; -6.138 ; r4_div_datapath:DATAPATH|r4_div_core:CORE_UNIT|register:REG_WS|q[32] ; r4_div_datapath:DATAPATH|r4_div_core:CORE_UNIT|otfc_block:OTFC|Q[29]  ; clk          ; clk         ; 1.000        ; -0.094     ; 7.039      ;
; -6.138 ; r4_div_datapath:DATAPATH|r4_div_core:CORE_UNIT|register:REG_WS|q[32] ; r4_div_datapath:DATAPATH|r4_div_core:CORE_UNIT|otfc_block:OTFC|QM[27] ; clk          ; clk         ; 1.000        ; -0.094     ; 7.039      ;
; -6.138 ; r4_div_datapath:DATAPATH|r4_div_core:CORE_UNIT|register:REG_WS|q[32] ; r4_div_datapath:DATAPATH|r4_div_core:CORE_UNIT|otfc_block:OTFC|Q[25]  ; clk          ; clk         ; 1.000        ; -0.094     ; 7.039      ;
; -6.137 ; r4_div_datapath:DATAPATH|r4_div_core:CORE_UNIT|register:REG_WC|q[34] ; r4_div_datapath:DATAPATH|r4_div_core:CORE_UNIT|otfc_block:OTFC|Q[31]  ; clk          ; clk         ; 1.000        ; -0.090     ; 7.042      ;
; -6.137 ; r4_div_datapath:DATAPATH|r4_div_core:CORE_UNIT|register:REG_WC|q[34] ; r4_div_datapath:DATAPATH|r4_div_core:CORE_UNIT|otfc_block:OTFC|QM[31] ; clk          ; clk         ; 1.000        ; -0.090     ; 7.042      ;
; -6.137 ; r4_div_datapath:DATAPATH|r4_div_core:CORE_UNIT|register:REG_WC|q[34] ; r4_div_datapath:DATAPATH|r4_div_core:CORE_UNIT|otfc_block:OTFC|QM[29] ; clk          ; clk         ; 1.000        ; -0.090     ; 7.042      ;
; -6.137 ; r4_div_datapath:DATAPATH|r4_div_core:CORE_UNIT|register:REG_WC|q[34] ; r4_div_datapath:DATAPATH|r4_div_core:CORE_UNIT|otfc_block:OTFC|Q[29]  ; clk          ; clk         ; 1.000        ; -0.090     ; 7.042      ;
; -6.137 ; r4_div_datapath:DATAPATH|r4_div_core:CORE_UNIT|register:REG_WC|q[34] ; r4_div_datapath:DATAPATH|r4_div_core:CORE_UNIT|otfc_block:OTFC|QM[27] ; clk          ; clk         ; 1.000        ; -0.090     ; 7.042      ;
; -6.137 ; r4_div_datapath:DATAPATH|r4_div_core:CORE_UNIT|register:REG_WC|q[34] ; r4_div_datapath:DATAPATH|r4_div_core:CORE_UNIT|otfc_block:OTFC|Q[25]  ; clk          ; clk         ; 1.000        ; -0.090     ; 7.042      ;
; -6.135 ; r4_div_datapath:DATAPATH|r4_div_core:CORE_UNIT|register:REG_WS|q[30] ; r4_div_datapath:DATAPATH|r4_div_core:CORE_UNIT|otfc_block:OTFC|QM[8]  ; clk          ; clk         ; 1.000        ; -0.070     ; 7.060      ;
; -6.135 ; r4_div_datapath:DATAPATH|r4_div_core:CORE_UNIT|register:REG_WS|q[30] ; r4_div_datapath:DATAPATH|r4_div_core:CORE_UNIT|otfc_block:OTFC|Q[8]   ; clk          ; clk         ; 1.000        ; -0.070     ; 7.060      ;
; -6.135 ; r4_div_datapath:DATAPATH|r4_div_core:CORE_UNIT|register:REG_WS|q[30] ; r4_div_datapath:DATAPATH|r4_div_core:CORE_UNIT|otfc_block:OTFC|QM[6]  ; clk          ; clk         ; 1.000        ; -0.070     ; 7.060      ;
; -6.135 ; r4_div_datapath:DATAPATH|r4_div_core:CORE_UNIT|register:REG_WS|q[32] ; r4_div_datapath:DATAPATH|r4_div_core:CORE_UNIT|otfc_block:OTFC|QM[14] ; clk          ; clk         ; 1.000        ; -0.082     ; 7.048      ;
; -6.135 ; r4_div_datapath:DATAPATH|r4_div_core:CORE_UNIT|register:REG_WS|q[32] ; r4_div_datapath:DATAPATH|r4_div_core:CORE_UNIT|otfc_block:OTFC|QM[12] ; clk          ; clk         ; 1.000        ; -0.082     ; 7.048      ;
; -6.135 ; r4_div_datapath:DATAPATH|r4_div_core:CORE_UNIT|register:REG_WS|q[32] ; r4_div_datapath:DATAPATH|r4_div_core:CORE_UNIT|otfc_block:OTFC|QM[10] ; clk          ; clk         ; 1.000        ; -0.082     ; 7.048      ;
; -6.134 ; r4_div_datapath:DATAPATH|r4_div_core:CORE_UNIT|register:REG_WC|q[34] ; r4_div_datapath:DATAPATH|r4_div_core:CORE_UNIT|otfc_block:OTFC|QM[14] ; clk          ; clk         ; 1.000        ; -0.078     ; 7.051      ;
; -6.134 ; r4_div_datapath:DATAPATH|r4_div_core:CORE_UNIT|register:REG_WC|q[34] ; r4_div_datapath:DATAPATH|r4_div_core:CORE_UNIT|otfc_block:OTFC|QM[12] ; clk          ; clk         ; 1.000        ; -0.078     ; 7.051      ;
; -6.134 ; r4_div_datapath:DATAPATH|r4_div_core:CORE_UNIT|register:REG_WC|q[34] ; r4_div_datapath:DATAPATH|r4_div_core:CORE_UNIT|otfc_block:OTFC|QM[10] ; clk          ; clk         ; 1.000        ; -0.078     ; 7.051      ;
; -6.127 ; r4_div_datapath:DATAPATH|r4_div_core:CORE_UNIT|register:REG_WS|q[32] ; r4_div_datapath:DATAPATH|r4_div_core:CORE_UNIT|otfc_block:OTFC|Q[30]  ; clk          ; clk         ; 1.000        ; -0.092     ; 7.030      ;
; -6.127 ; r4_div_datapath:DATAPATH|r4_div_core:CORE_UNIT|register:REG_WS|q[32] ; r4_div_datapath:DATAPATH|r4_div_core:CORE_UNIT|otfc_block:OTFC|QM[30] ; clk          ; clk         ; 1.000        ; -0.092     ; 7.030      ;
; -6.127 ; r4_div_datapath:DATAPATH|r4_div_core:CORE_UNIT|register:REG_WS|q[32] ; r4_div_datapath:DATAPATH|r4_div_core:CORE_UNIT|otfc_block:OTFC|Q[28]  ; clk          ; clk         ; 1.000        ; -0.092     ; 7.030      ;
; -6.126 ; r4_div_datapath:DATAPATH|r4_div_core:CORE_UNIT|register:REG_WC|q[34] ; r4_div_datapath:DATAPATH|r4_div_core:CORE_UNIT|otfc_block:OTFC|Q[30]  ; clk          ; clk         ; 1.000        ; -0.088     ; 7.033      ;
; -6.126 ; r4_div_datapath:DATAPATH|r4_div_core:CORE_UNIT|register:REG_WC|q[34] ; r4_div_datapath:DATAPATH|r4_div_core:CORE_UNIT|otfc_block:OTFC|QM[30] ; clk          ; clk         ; 1.000        ; -0.088     ; 7.033      ;
; -6.126 ; r4_div_datapath:DATAPATH|r4_div_core:CORE_UNIT|register:REG_WC|q[34] ; r4_div_datapath:DATAPATH|r4_div_core:CORE_UNIT|otfc_block:OTFC|Q[28]  ; clk          ; clk         ; 1.000        ; -0.088     ; 7.033      ;
; -6.122 ; r4_div_datapath:DATAPATH|r4_div_core:CORE_UNIT|register:REG_WC|q[32] ; r4_div_datapath:DATAPATH|r4_div_core:CORE_UNIT|otfc_block:OTFC|Q[31]  ; clk          ; clk         ; 1.000        ; -0.095     ; 7.022      ;
; -6.122 ; r4_div_datapath:DATAPATH|r4_div_core:CORE_UNIT|register:REG_WC|q[32] ; r4_div_datapath:DATAPATH|r4_div_core:CORE_UNIT|otfc_block:OTFC|QM[31] ; clk          ; clk         ; 1.000        ; -0.095     ; 7.022      ;
; -6.122 ; r4_div_datapath:DATAPATH|r4_div_core:CORE_UNIT|register:REG_WC|q[32] ; r4_div_datapath:DATAPATH|r4_div_core:CORE_UNIT|otfc_block:OTFC|QM[29] ; clk          ; clk         ; 1.000        ; -0.095     ; 7.022      ;
; -6.122 ; r4_div_datapath:DATAPATH|r4_div_core:CORE_UNIT|register:REG_WC|q[32] ; r4_div_datapath:DATAPATH|r4_div_core:CORE_UNIT|otfc_block:OTFC|Q[29]  ; clk          ; clk         ; 1.000        ; -0.095     ; 7.022      ;
; -6.122 ; r4_div_datapath:DATAPATH|r4_div_core:CORE_UNIT|register:REG_WC|q[32] ; r4_div_datapath:DATAPATH|r4_div_core:CORE_UNIT|otfc_block:OTFC|QM[27] ; clk          ; clk         ; 1.000        ; -0.095     ; 7.022      ;
; -6.122 ; r4_div_datapath:DATAPATH|r4_div_core:CORE_UNIT|register:REG_WC|q[32] ; r4_div_datapath:DATAPATH|r4_div_core:CORE_UNIT|otfc_block:OTFC|Q[25]  ; clk          ; clk         ; 1.000        ; -0.095     ; 7.022      ;
; -6.119 ; r4_div_datapath:DATAPATH|r4_div_core:CORE_UNIT|register:REG_WC|q[32] ; r4_div_datapath:DATAPATH|r4_div_core:CORE_UNIT|otfc_block:OTFC|QM[14] ; clk          ; clk         ; 1.000        ; -0.083     ; 7.031      ;
+--------+----------------------------------------------------------------------+-----------------------------------------------------------------------+--------------+-------------+--------------+------------+------------+


+-----------------------------------------------------------------------------------------------------------------------------------------------------------------------------------------------------------------------------------------------------------------------------------------------+
; Slow 1200mV 85C Model Hold: 'clk'                                                                                                                                                                                                                                                             ;
+-------+--------------------------------------------------------------------------------------------------------+--------------------------------------------------------------------------------------------------------+--------------+-------------+--------------+------------+------------+
; Slack ; From Node                                                                                              ; To Node                                                                                                ; Launch Clock ; Latch Clock ; Relationship ; Clock Skew ; Data Delay ;
+-------+--------------------------------------------------------------------------------------------------------+--------------------------------------------------------------------------------------------------------+--------------+-------------+--------------+------------+------------+
; 0.254 ; r4_div_datapath:DATAPATH|r4_div_core:CORE_UNIT|otfc_block:OTFC|Q[25]                                   ; r4_div_datapath:DATAPATH|r4_div_core:CORE_UNIT|otfc_block:OTFC|Q[27]                                   ; clk          ; clk         ; 0.000        ; 0.428      ; 0.839      ;
; 0.340 ; r4_div_datapath:DATAPATH|r4_div_core:CORE_UNIT|otfc_block:OTFC|QM[19]                                  ; r4_div_datapath:DATAPATH|r4_div_core:CORE_UNIT|otfc_block:OTFC|Q[21]                                   ; clk          ; clk         ; 0.000        ; 0.429      ; 0.926      ;
; 0.356 ; r4_div_controller:CONTROLLER|current_state.PREPROCESS                                                  ; r4_div_controller:CONTROLLER|current_state.PREPROCESS                                                  ; clk          ; clk         ; 0.000        ; 0.064      ; 0.577      ;
; 0.356 ; r4_div_datapath:DATAPATH|r4_div_preprocess:PREPROCESS_UNIT|coarse_cycles[0]                            ; r4_div_datapath:DATAPATH|r4_div_preprocess:PREPROCESS_UNIT|coarse_cycles[0]                            ; clk          ; clk         ; 0.000        ; 0.064      ; 0.577      ;
; 0.357 ; r4_div_controller:CONTROLLER|current_state.POST_PROCESS                                                ; r4_div_controller:CONTROLLER|current_state.POST_PROCESS                                                ; clk          ; clk         ; 0.000        ; 0.063      ; 0.577      ;
; 0.357 ; r4_div_controller:CONTROLLER|current_state.DONE                                                        ; r4_div_controller:CONTROLLER|current_state.DONE                                                        ; clk          ; clk         ; 0.000        ; 0.063      ; 0.577      ;
; 0.357 ; r4_div_datapath:DATAPATH|r4_div_preprocess:PREPROCESS_UNIT|coarse_cycles[1]                            ; r4_div_datapath:DATAPATH|r4_div_preprocess:PREPROCESS_UNIT|coarse_cycles[1]                            ; clk          ; clk         ; 0.000        ; 0.063      ; 0.577      ;
; 0.357 ; r4_div_datapath:DATAPATH|r4_div_preprocess:PREPROCESS_UNIT|coarse_cycles[2]                            ; r4_div_datapath:DATAPATH|r4_div_preprocess:PREPROCESS_UNIT|coarse_cycles[2]                            ; clk          ; clk         ; 0.000        ; 0.063      ; 0.577      ;
; 0.359 ; r4_div_datapath:DATAPATH|r4_div_postprocess:POSTPROCESS_UNIT|down_counter:POST_COUNTER|q[0]            ; r4_div_datapath:DATAPATH|r4_div_postprocess:POSTPROCESS_UNIT|down_counter:POST_COUNTER|q[0]            ; clk          ; clk         ; 0.000        ; 0.064      ; 0.580      ;
; 0.377 ; r4_div_datapath:DATAPATH|r4_div_core:CORE_UNIT|otfc_block:OTFC|QM[8]                                   ; r4_div_datapath:DATAPATH|r4_div_core:CORE_UNIT|otfc_block:OTFC|Q[10]                                   ; clk          ; clk         ; 0.000        ; 0.429      ; 0.963      ;
; 0.382 ; r4_div_datapath:DATAPATH|r4_div_core:CORE_UNIT|otfc_block:OTFC|Q[18]                                   ; r4_div_datapath:DATAPATH|r4_div_core:CORE_UNIT|otfc_block:OTFC|QM[20]                                  ; clk          ; clk         ; 0.000        ; 0.434      ; 0.973      ;
; 0.390 ; input_wrapper:INPUT_UNIT|register:REG_Y|q[21]                                                          ; r4_div_datapath:DATAPATH|r4_div_preprocess:PREPROCESS_UNIT|divisor_shift_register:Y_COARSE_REG|q[21]   ; clk          ; clk         ; 0.000        ; 0.064      ; 0.611      ;
; 0.392 ; input_wrapper:INPUT_UNIT|register:REG_Y|q[22]                                                          ; r4_div_datapath:DATAPATH|r4_div_preprocess:PREPROCESS_UNIT|divisor_shift_register:Y_COARSE_REG|q[22]   ; clk          ; clk         ; 0.000        ; 0.064      ; 0.613      ;
; 0.392 ; input_wrapper:INPUT_UNIT|register:REG_Y|q[4]                                                           ; r4_div_datapath:DATAPATH|r4_div_preprocess:PREPROCESS_UNIT|divisor_shift_register:Y_COARSE_REG|q[4]    ; clk          ; clk         ; 0.000        ; 0.064      ; 0.613      ;
; 0.394 ; input_wrapper:INPUT_UNIT|register:REG_Y|q[29]                                                          ; r4_div_datapath:DATAPATH|r4_div_preprocess:PREPROCESS_UNIT|divisor_shift_register:Y_COARSE_REG|q[29]   ; clk          ; clk         ; 0.000        ; 0.064      ; 0.615      ;
; 0.395 ; r4_div_datapath:DATAPATH|r4_div_preprocess:PREPROCESS_UNIT|coarse_cycles[1]                            ; r4_div_datapath:DATAPATH|r4_div_preprocess:PREPROCESS_UNIT|coarse_cycles[2]                            ; clk          ; clk         ; 0.000        ; 0.063      ; 0.615      ;
; 0.402 ; r4_div_controller:CONTROLLER|current_state.LOAD_SIGN                                                   ; r4_div_controller:CONTROLLER|current_state.INIT                                                        ; clk          ; clk         ; 0.000        ; 0.063      ; 0.622      ;
; 0.478 ; r4_div_datapath:DATAPATH|r4_div_core:CORE_UNIT|otfc_block:OTFC|Q[24]                                   ; r4_div_datapath:DATAPATH|r4_div_core:CORE_UNIT|otfc_block:OTFC|QM[26]                                  ; clk          ; clk         ; 0.000        ; 0.077      ; 0.712      ;
; 0.493 ; r4_div_datapath:DATAPATH|r4_div_core:CORE_UNIT|otfc_block:OTFC|Q[29]                                   ; r4_div_datapath:DATAPATH|r4_div_core:CORE_UNIT|otfc_block:OTFC|QM[31]                                  ; clk          ; clk         ; 0.000        ; 0.063      ; 0.713      ;
; 0.493 ; r4_div_datapath:DATAPATH|r4_div_core:CORE_UNIT|otfc_block:OTFC|QM[27]                                  ; r4_div_datapath:DATAPATH|r4_div_core:CORE_UNIT|otfc_block:OTFC|Q[29]                                   ; clk          ; clk         ; 0.000        ; 0.063      ; 0.713      ;
; 0.494 ; r4_div_datapath:DATAPATH|r4_div_core:CORE_UNIT|otfc_block:OTFC|Q[29]                                   ; r4_div_datapath:DATAPATH|r4_div_core:CORE_UNIT|otfc_block:OTFC|Q[31]                                   ; clk          ; clk         ; 0.000        ; 0.063      ; 0.714      ;
; 0.494 ; r4_div_datapath:DATAPATH|r4_div_core:CORE_UNIT|otfc_block:OTFC|QM[27]                                  ; r4_div_datapath:DATAPATH|r4_div_core:CORE_UNIT|otfc_block:OTFC|QM[29]                                  ; clk          ; clk         ; 0.000        ; 0.063      ; 0.714      ;
; 0.498 ; r4_div_datapath:DATAPATH|r4_div_core:CORE_UNIT|otfc_block:OTFC|QM[19]                                  ; r4_div_datapath:DATAPATH|r4_div_core:CORE_UNIT|otfc_block:OTFC|QM[21]                                  ; clk          ; clk         ; 0.000        ; 0.064      ; 0.719      ;
; 0.500 ; r4_div_datapath:DATAPATH|r4_div_core:CORE_UNIT|otfc_block:OTFC|Q[20]                                   ; r4_div_datapath:DATAPATH|r4_div_core:CORE_UNIT|otfc_block:OTFC|Q[22]                                   ; clk          ; clk         ; 0.000        ; 0.064      ; 0.721      ;
; 0.503 ; r4_div_datapath:DATAPATH|r4_div_core:CORE_UNIT|otfc_block:OTFC|Q[13]                                   ; r4_div_datapath:DATAPATH|r4_div_core:CORE_UNIT|otfc_block:OTFC|Q[15]                                   ; clk          ; clk         ; 0.000        ; 0.079      ; 0.739      ;
; 0.504 ; r4_div_datapath:DATAPATH|r4_div_core:CORE_UNIT|otfc_block:OTFC|QM[14]                                  ; r4_div_datapath:DATAPATH|r4_div_core:CORE_UNIT|otfc_block:OTFC|Q[16]                                   ; clk          ; clk         ; 0.000        ; 0.440      ; 1.101      ;
; 0.505 ; r4_div_datapath:DATAPATH|r4_div_core:CORE_UNIT|otfc_block:OTFC|QM[12]                                  ; r4_div_datapath:DATAPATH|r4_div_core:CORE_UNIT|otfc_block:OTFC|QM[14]                                  ; clk          ; clk         ; 0.000        ; 0.063      ; 0.725      ;
; 0.518 ; r4_div_datapath:DATAPATH|r4_div_core:CORE_UNIT|otfc_block:OTFC|Q[19]                                   ; r4_div_datapath:DATAPATH|r4_div_core:CORE_UNIT|otfc_block:OTFC|Q[21]                                   ; clk          ; clk         ; 0.000        ; 0.431      ; 1.106      ;
; 0.528 ; r4_div_datapath:DATAPATH|r4_div_postprocess:POSTPROCESS_UNIT|down_counter:POST_COUNTER|q[3]            ; r4_div_datapath:DATAPATH|r4_div_postprocess:POSTPROCESS_UNIT|down_counter:POST_COUNTER|q[3]            ; clk          ; clk         ; 0.000        ; 0.064      ; 0.749      ;
; 0.533 ; r4_div_datapath:DATAPATH|r4_div_postprocess:POSTPROCESS_UNIT|down_counter:POST_COUNTER|q[2]            ; r4_div_datapath:DATAPATH|r4_div_postprocess:POSTPROCESS_UNIT|down_counter:POST_COUNTER|q[2]            ; clk          ; clk         ; 0.000        ; 0.064      ; 0.754      ;
; 0.533 ; r4_div_datapath:DATAPATH|r4_div_preprocess:PREPROCESS_UNIT|divisor_shift_register:Y_COARSE_REG|q[13]   ; r4_div_datapath:DATAPATH|r4_div_preprocess:PREPROCESS_UNIT|divisor_shift_register:Y_COARSE_REG|q[17]   ; clk          ; clk         ; 0.000        ; 0.064      ; 0.754      ;
; 0.533 ; r4_div_datapath:DATAPATH|r4_div_preprocess:PREPROCESS_UNIT|divisor_shift_register:Y_COARSE_REG|q[20]   ; r4_div_datapath:DATAPATH|r4_div_preprocess:PREPROCESS_UNIT|divisor_shift_register:Y_COARSE_REG|q[24]   ; clk          ; clk         ; 0.000        ; 0.064      ; 0.754      ;
; 0.533 ; r4_div_datapath:DATAPATH|r4_div_preprocess:PREPROCESS_UNIT|divisor_shift_register:Y_COARSE_REG|q[4]    ; r4_div_datapath:DATAPATH|r4_div_preprocess:PREPROCESS_UNIT|divisor_shift_register:Y_COARSE_REG|q[8]    ; clk          ; clk         ; 0.000        ; 0.064      ; 0.754      ;
; 0.534 ; r4_div_datapath:DATAPATH|r4_div_postprocess:POSTPROCESS_UNIT|remainder_shift_register:REM_SH_REG|q[8]  ; r4_div_datapath:DATAPATH|r4_div_postprocess:POSTPROCESS_UNIT|remainder_shift_register:REM_SH_REG|q[4]  ; clk          ; clk         ; 0.000        ; 0.064      ; 0.755      ;
; 0.534 ; r4_div_datapath:DATAPATH|r4_div_postprocess:POSTPROCESS_UNIT|remainder_shift_register:REM_SH_REG|q[32] ; r4_div_datapath:DATAPATH|r4_div_postprocess:POSTPROCESS_UNIT|remainder_shift_register:REM_SH_REG|q[28] ; clk          ; clk         ; 0.000        ; 0.064      ; 0.755      ;
; 0.534 ; r4_div_datapath:DATAPATH|r4_div_postprocess:POSTPROCESS_UNIT|remainder_shift_register:REM_SH_REG|q[33] ; r4_div_datapath:DATAPATH|r4_div_postprocess:POSTPROCESS_UNIT|remainder_shift_register:REM_SH_REG|q[29] ; clk          ; clk         ; 0.000        ; 0.064      ; 0.755      ;
; 0.534 ; r4_div_datapath:DATAPATH|r4_div_postprocess:POSTPROCESS_UNIT|remainder_shift_register:REM_SH_REG|q[11] ; r4_div_datapath:DATAPATH|r4_div_postprocess:POSTPROCESS_UNIT|remainder_shift_register:REM_SH_REG|q[7]  ; clk          ; clk         ; 0.000        ; 0.064      ; 0.755      ;
; 0.534 ; r4_div_datapath:DATAPATH|r4_div_preprocess:PREPROCESS_UNIT|divisor_shift_register:Y_COARSE_REG|q[9]    ; r4_div_datapath:DATAPATH|r4_div_preprocess:PREPROCESS_UNIT|divisor_shift_register:Y_COARSE_REG|q[13]   ; clk          ; clk         ; 0.000        ; 0.064      ; 0.755      ;
; 0.534 ; r4_div_datapath:DATAPATH|r4_div_preprocess:PREPROCESS_UNIT|divisor_shift_register:Y_COARSE_REG|q[24]   ; r4_div_datapath:DATAPATH|r4_div_preprocess:PREPROCESS_UNIT|divisor_shift_register:Y_COARSE_REG|q[28]   ; clk          ; clk         ; 0.000        ; 0.064      ; 0.755      ;
; 0.535 ; r4_div_datapath:DATAPATH|r4_div_postprocess:POSTPROCESS_UNIT|remainder_shift_register:REM_SH_REG|q[18] ; r4_div_datapath:DATAPATH|r4_div_postprocess:POSTPROCESS_UNIT|remainder_shift_register:REM_SH_REG|q[14] ; clk          ; clk         ; 0.000        ; 0.064      ; 0.756      ;
; 0.535 ; r4_div_datapath:DATAPATH|r4_div_postprocess:POSTPROCESS_UNIT|remainder_shift_register:REM_SH_REG|q[20] ; r4_div_datapath:DATAPATH|r4_div_postprocess:POSTPROCESS_UNIT|remainder_shift_register:REM_SH_REG|q[16] ; clk          ; clk         ; 0.000        ; 0.063      ; 0.755      ;
; 0.535 ; r4_div_datapath:DATAPATH|r4_div_postprocess:POSTPROCESS_UNIT|remainder_shift_register:REM_SH_REG|q[17] ; r4_div_datapath:DATAPATH|r4_div_postprocess:POSTPROCESS_UNIT|remainder_shift_register:REM_SH_REG|q[13] ; clk          ; clk         ; 0.000        ; 0.063      ; 0.755      ;
; 0.535 ; r4_div_datapath:DATAPATH|r4_div_preprocess:PREPROCESS_UNIT|divisor_shift_register:Y_COARSE_REG|q[26]   ; r4_div_datapath:DATAPATH|r4_div_preprocess:PREPROCESS_UNIT|divisor_shift_register:Y_COARSE_REG|q[30]   ; clk          ; clk         ; 0.000        ; 0.064      ; 0.756      ;
; 0.535 ; r4_div_datapath:DATAPATH|r4_div_preprocess:PREPROCESS_UNIT|divisor_shift_register:Y_COARSE_REG|q[11]   ; r4_div_datapath:DATAPATH|r4_div_preprocess:PREPROCESS_UNIT|divisor_shift_register:Y_COARSE_REG|q[15]   ; clk          ; clk         ; 0.000        ; 0.064      ; 0.756      ;
; 0.535 ; r4_div_datapath:DATAPATH|r4_div_preprocess:PREPROCESS_UNIT|divisor_shift_register:Y_COARSE_REG|q[17]   ; r4_div_datapath:DATAPATH|r4_div_preprocess:PREPROCESS_UNIT|divisor_shift_register:Y_COARSE_REG|q[21]   ; clk          ; clk         ; 0.000        ; 0.064      ; 0.756      ;
; 0.535 ; r4_div_datapath:DATAPATH|r4_div_preprocess:PREPROCESS_UNIT|divisor_shift_register:Y_COARSE_REG|q[1]    ; r4_div_datapath:DATAPATH|r4_div_preprocess:PREPROCESS_UNIT|divisor_shift_register:Y_COARSE_REG|q[5]    ; clk          ; clk         ; 0.000        ; 0.064      ; 0.756      ;
; 0.535 ; r4_div_datapath:DATAPATH|r4_div_preprocess:PREPROCESS_UNIT|divisor_shift_register:Y_COARSE_REG|q[22]   ; r4_div_datapath:DATAPATH|r4_div_preprocess:PREPROCESS_UNIT|divisor_shift_register:Y_COARSE_REG|q[26]   ; clk          ; clk         ; 0.000        ; 0.064      ; 0.756      ;
; 0.535 ; r4_div_datapath:DATAPATH|r4_div_preprocess:PREPROCESS_UNIT|divisor_shift_register:Y_COARSE_REG|q[18]   ; r4_div_datapath:DATAPATH|r4_div_preprocess:PREPROCESS_UNIT|divisor_shift_register:Y_COARSE_REG|q[22]   ; clk          ; clk         ; 0.000        ; 0.064      ; 0.756      ;
; 0.535 ; r4_div_datapath:DATAPATH|r4_div_preprocess:PREPROCESS_UNIT|divisor_shift_register:Y_COARSE_REG|q[0]    ; r4_div_datapath:DATAPATH|r4_div_preprocess:PREPROCESS_UNIT|divisor_shift_register:Y_COARSE_REG|q[4]    ; clk          ; clk         ; 0.000        ; 0.064      ; 0.756      ;
; 0.536 ; r4_div_datapath:DATAPATH|r4_div_postprocess:POSTPROCESS_UNIT|remainder_shift_register:REM_SH_REG|q[24] ; r4_div_datapath:DATAPATH|r4_div_postprocess:POSTPROCESS_UNIT|remainder_shift_register:REM_SH_REG|q[20] ; clk          ; clk         ; 0.000        ; 0.063      ; 0.756      ;
; 0.536 ; r4_div_datapath:DATAPATH|r4_div_preprocess:PREPROCESS_UNIT|divisor_shift_register:Y_COARSE_REG|q[3]    ; r4_div_datapath:DATAPATH|r4_div_preprocess:PREPROCESS_UNIT|divisor_shift_register:Y_COARSE_REG|q[7]    ; clk          ; clk         ; 0.000        ; 0.064      ; 0.757      ;
; 0.536 ; r4_div_datapath:DATAPATH|r4_div_preprocess:PREPROCESS_UNIT|divisor_shift_register:Y_COARSE_REG|q[21]   ; r4_div_datapath:DATAPATH|r4_div_preprocess:PREPROCESS_UNIT|divisor_shift_register:Y_COARSE_REG|q[25]   ; clk          ; clk         ; 0.000        ; 0.064      ; 0.757      ;
; 0.537 ; r4_div_datapath:DATAPATH|r4_div_preprocess:PREPROCESS_UNIT|divisor_shift_register:Y_COARSE_REG|q[16]   ; r4_div_datapath:DATAPATH|r4_div_preprocess:PREPROCESS_UNIT|divisor_shift_register:Y_COARSE_REG|q[20]   ; clk          ; clk         ; 0.000        ; 0.064      ; 0.758      ;
; 0.538 ; r4_div_datapath:DATAPATH|r4_div_postprocess:POSTPROCESS_UNIT|remainder_shift_register:REM_SH_REG|q[21] ; r4_div_datapath:DATAPATH|r4_div_postprocess:POSTPROCESS_UNIT|remainder_shift_register:REM_SH_REG|q[17] ; clk          ; clk         ; 0.000        ; 0.063      ; 0.758      ;
; 0.541 ; r4_div_datapath:DATAPATH|r4_div_postprocess:POSTPROCESS_UNIT|remainder_shift_register:REM_SH_REG|q[25] ; r4_div_datapath:DATAPATH|r4_div_postprocess:POSTPROCESS_UNIT|remainder_shift_register:REM_SH_REG|q[21] ; clk          ; clk         ; 0.000        ; 0.063      ; 0.761      ;
; 0.542 ; r4_div_datapath:DATAPATH|r4_div_postprocess:POSTPROCESS_UNIT|down_counter:POST_COUNTER|q[1]            ; r4_div_datapath:DATAPATH|r4_div_postprocess:POSTPROCESS_UNIT|down_counter:POST_COUNTER|q[1]            ; clk          ; clk         ; 0.000        ; 0.064      ; 0.763      ;
; 0.545 ; r4_div_datapath:DATAPATH|r4_div_postprocess:POSTPROCESS_UNIT|remainder_shift_register:REM_SH_REG|q[26] ; r4_div_datapath:DATAPATH|r4_div_postprocess:POSTPROCESS_UNIT|remainder_shift_register:REM_SH_REG|q[22] ; clk          ; clk         ; 0.000        ; 0.063      ; 0.765      ;
; 0.547 ; r4_div_datapath:DATAPATH|r4_div_preprocess:PREPROCESS_UNIT|coarse_cycles[0]                            ; r4_div_datapath:DATAPATH|r4_div_preprocess:PREPROCESS_UNIT|coarse_cycles[1]                            ; clk          ; clk         ; 0.000        ; 0.063      ; 0.767      ;
; 0.551 ; r4_div_datapath:DATAPATH|r4_div_core:CORE_UNIT|otfc_block:OTFC|QM[2]                                   ; r4_div_datapath:DATAPATH|r4_div_core:CORE_UNIT|otfc_block:OTFC|QM[4]                                   ; clk          ; clk         ; 0.000        ; 0.078      ; 0.786      ;
; 0.552 ; r4_div_datapath:DATAPATH|r4_div_core:CORE_UNIT|otfc_block:OTFC|QM[2]                                   ; r4_div_datapath:DATAPATH|r4_div_core:CORE_UNIT|otfc_block:OTFC|Q[4]                                    ; clk          ; clk         ; 0.000        ; 0.078      ; 0.787      ;
; 0.553 ; r4_div_datapath:DATAPATH|r4_div_core:CORE_UNIT|otfc_block:OTFC|QM[22]                                  ; r4_div_datapath:DATAPATH|r4_div_core:CORE_UNIT|otfc_block:OTFC|Q[24]                                   ; clk          ; clk         ; 0.000        ; 0.077      ; 0.787      ;
; 0.555 ; r4_div_datapath:DATAPATH|r4_div_core:CORE_UNIT|otfc_block:OTFC|QM[4]                                   ; r4_div_datapath:DATAPATH|r4_div_core:CORE_UNIT|otfc_block:OTFC|Q[6]                                    ; clk          ; clk         ; 0.000        ; 0.078      ; 0.790      ;
; 0.556 ; r4_div_datapath:DATAPATH|r4_div_core:CORE_UNIT|otfc_block:OTFC|QM[24]                                  ; r4_div_datapath:DATAPATH|r4_div_core:CORE_UNIT|otfc_block:OTFC|Q[26]                                   ; clk          ; clk         ; 0.000        ; 0.077      ; 0.790      ;
; 0.557 ; r4_div_datapath:DATAPATH|r4_div_core:CORE_UNIT|otfc_block:OTFC|Q[9]                                    ; r4_div_datapath:DATAPATH|r4_div_core:CORE_UNIT|otfc_block:OTFC|QM[11]                                  ; clk          ; clk         ; 0.000        ; 0.079      ; 0.793      ;
; 0.558 ; r4_div_datapath:DATAPATH|r4_div_core:CORE_UNIT|otfc_block:OTFC|Q[2]                                    ; r4_div_datapath:DATAPATH|r4_div_core:CORE_UNIT|otfc_block:OTFC|QM[4]                                   ; clk          ; clk         ; 0.000        ; 0.078      ; 0.793      ;
; 0.563 ; r4_div_datapath:DATAPATH|r4_div_core:CORE_UNIT|otfc_block:OTFC|QM[21]                                  ; r4_div_datapath:DATAPATH|r4_div_core:CORE_UNIT|otfc_block:OTFC|Q[23]                                   ; clk          ; clk         ; 0.000        ; 0.405      ; 1.125      ;
; 0.563 ; r4_div_datapath:DATAPATH|r4_div_core:CORE_UNIT|otfc_block:OTFC|QM[21]                                  ; r4_div_datapath:DATAPATH|r4_div_core:CORE_UNIT|otfc_block:OTFC|QM[23]                                  ; clk          ; clk         ; 0.000        ; 0.405      ; 1.125      ;
; 0.567 ; r4_div_datapath:DATAPATH|r4_div_core:CORE_UNIT|otfc_block:OTFC|QM[29]                                  ; r4_div_datapath:DATAPATH|r4_div_core:CORE_UNIT|otfc_block:OTFC|Q[31]                                   ; clk          ; clk         ; 0.000        ; 0.063      ; 0.787      ;
; 0.568 ; r4_div_datapath:DATAPATH|r4_div_core:CORE_UNIT|otfc_block:OTFC|QM[6]                                   ; r4_div_datapath:DATAPATH|r4_div_core:CORE_UNIT|otfc_block:OTFC|Q[8]                                    ; clk          ; clk         ; 0.000        ; 0.063      ; 0.788      ;
; 0.570 ; r4_div_datapath:DATAPATH|r4_div_core:CORE_UNIT|otfc_block:OTFC|QM[6]                                   ; r4_div_datapath:DATAPATH|r4_div_core:CORE_UNIT|otfc_block:OTFC|QM[8]                                   ; clk          ; clk         ; 0.000        ; 0.063      ; 0.790      ;
; 0.571 ; input_wrapper:INPUT_UNIT|register:REG_Y|q[1]                                                           ; r4_div_datapath:DATAPATH|r4_div_preprocess:PREPROCESS_UNIT|divisor_shift_register:Y_COARSE_REG|q[1]    ; clk          ; clk         ; 0.000        ; 0.064      ; 0.792      ;
; 0.572 ; input_wrapper:INPUT_UNIT|register:REG_Y|q[3]                                                           ; r4_div_datapath:DATAPATH|r4_div_preprocess:PREPROCESS_UNIT|divisor_shift_register:Y_COARSE_REG|q[3]    ; clk          ; clk         ; 0.000        ; 0.064      ; 0.793      ;
; 0.572 ; input_wrapper:INPUT_UNIT|register:REG_Y|q[0]                                                           ; r4_div_datapath:DATAPATH|r4_div_preprocess:PREPROCESS_UNIT|divisor_shift_register:Y_COARSE_REG|q[0]    ; clk          ; clk         ; 0.000        ; 0.064      ; 0.793      ;
; 0.574 ; input_wrapper:INPUT_UNIT|register:REG_Y|q[2]                                                           ; r4_div_datapath:DATAPATH|r4_div_preprocess:PREPROCESS_UNIT|divisor_shift_register:Y_COARSE_REG|q[2]    ; clk          ; clk         ; 0.000        ; 0.064      ; 0.795      ;
; 0.576 ; r4_div_datapath:DATAPATH|r4_div_core:CORE_UNIT|otfc_block:OTFC|QM[12]                                  ; r4_div_datapath:DATAPATH|r4_div_core:CORE_UNIT|otfc_block:OTFC|Q[14]                                   ; clk          ; clk         ; 0.000        ; 0.440      ; 1.173      ;
; 0.582 ; r4_div_datapath:DATAPATH|r4_div_core:CORE_UNIT|otfc_block:OTFC|Q[28]                                   ; r4_div_datapath:DATAPATH|r4_div_core:CORE_UNIT|otfc_block:OTFC|QM[30]                                  ; clk          ; clk         ; 0.000        ; 0.063      ; 0.802      ;
; 0.582 ; r4_div_datapath:DATAPATH|r4_div_core:CORE_UNIT|otfc_block:OTFC|Q[25]                                   ; r4_div_datapath:DATAPATH|r4_div_core:CORE_UNIT|otfc_block:OTFC|QM[27]                                  ; clk          ; clk         ; 0.000        ; 0.063      ; 0.802      ;
; 0.583 ; r4_div_datapath:DATAPATH|r4_div_core:CORE_UNIT|otfc_block:OTFC|QM[10]                                  ; r4_div_datapath:DATAPATH|r4_div_core:CORE_UNIT|otfc_block:OTFC|Q[12]                                   ; clk          ; clk         ; 0.000        ; 0.440      ; 1.180      ;
; 0.585 ; input_wrapper:INPUT_UNIT|register:REG_Y|q[25]                                                          ; r4_div_datapath:DATAPATH|r4_div_preprocess:PREPROCESS_UNIT|divisor_shift_register:Y_COARSE_REG|q[25]   ; clk          ; clk         ; 0.000        ; 0.064      ; 0.806      ;
; 0.586 ; input_wrapper:INPUT_UNIT|register:REG_Y|q[17]                                                          ; r4_div_datapath:DATAPATH|r4_div_preprocess:PREPROCESS_UNIT|divisor_shift_register:Y_COARSE_REG|q[17]   ; clk          ; clk         ; 0.000        ; 0.064      ; 0.807      ;
; 0.589 ; r4_div_datapath:DATAPATH|r4_div_core:CORE_UNIT|otfc_block:OTFC|QM[22]                                  ; r4_div_datapath:DATAPATH|r4_div_core:CORE_UNIT|otfc_block:OTFC|QM[24]                                  ; clk          ; clk         ; 0.000        ; 0.077      ; 0.823      ;
; 0.591 ; r4_div_datapath:DATAPATH|r4_div_core:CORE_UNIT|otfc_block:OTFC|Q[24]                                   ; r4_div_datapath:DATAPATH|r4_div_core:CORE_UNIT|otfc_block:OTFC|Q[26]                                   ; clk          ; clk         ; 0.000        ; 0.077      ; 0.825      ;
; 0.593 ; r4_div_datapath:DATAPATH|r4_div_core:CORE_UNIT|otfc_block:OTFC|QM[26]                                  ; r4_div_datapath:DATAPATH|r4_div_core:CORE_UNIT|otfc_block:OTFC|QM[28]                                  ; clk          ; clk         ; 0.000        ; 0.077      ; 0.827      ;
; 0.593 ; r4_div_datapath:DATAPATH|r4_div_core:CORE_UNIT|otfc_block:OTFC|QM[18]                                  ; r4_div_datapath:DATAPATH|r4_div_core:CORE_UNIT|otfc_block:OTFC|QM[20]                                  ; clk          ; clk         ; 0.000        ; 0.079      ; 0.829      ;
; 0.593 ; r4_div_datapath:DATAPATH|r4_div_core:CORE_UNIT|otfc_block:OTFC|Q[2]                                    ; r4_div_datapath:DATAPATH|r4_div_core:CORE_UNIT|otfc_block:OTFC|Q[4]                                    ; clk          ; clk         ; 0.000        ; 0.078      ; 0.828      ;
; 0.594 ; r4_div_datapath:DATAPATH|r4_div_core:CORE_UNIT|otfc_block:OTFC|QM[13]                                  ; r4_div_datapath:DATAPATH|r4_div_core:CORE_UNIT|otfc_block:OTFC|QM[15]                                  ; clk          ; clk         ; 0.000        ; 0.079      ; 0.830      ;
; 0.594 ; r4_div_datapath:DATAPATH|r4_div_core:CORE_UNIT|otfc_block:OTFC|QM[24]                                  ; r4_div_datapath:DATAPATH|r4_div_core:CORE_UNIT|otfc_block:OTFC|QM[26]                                  ; clk          ; clk         ; 0.000        ; 0.077      ; 0.828      ;
; 0.595 ; r4_div_datapath:DATAPATH|r4_div_core:CORE_UNIT|otfc_block:OTFC|Q[15]                                   ; r4_div_datapath:DATAPATH|r4_div_core:CORE_UNIT|otfc_block:OTFC|Q[17]                                   ; clk          ; clk         ; 0.000        ; 0.079      ; 0.831      ;
; 0.595 ; r4_div_datapath:DATAPATH|r4_div_core:CORE_UNIT|otfc_block:OTFC|Q[12]                                   ; r4_div_datapath:DATAPATH|r4_div_core:CORE_UNIT|otfc_block:OTFC|Q[14]                                   ; clk          ; clk         ; 0.000        ; 0.079      ; 0.831      ;
; 0.596 ; r4_div_datapath:DATAPATH|r4_div_core:CORE_UNIT|otfc_block:OTFC|QM[15]                                  ; r4_div_datapath:DATAPATH|r4_div_core:CORE_UNIT|otfc_block:OTFC|QM[17]                                  ; clk          ; clk         ; 0.000        ; 0.079      ; 0.832      ;
; 0.604 ; r4_div_datapath:DATAPATH|r4_div_core:CORE_UNIT|otfc_block:OTFC|Q[8]                                    ; r4_div_datapath:DATAPATH|r4_div_core:CORE_UNIT|otfc_block:OTFC|Q[10]                                   ; clk          ; clk         ; 0.000        ; 0.429      ; 1.190      ;
; 0.605 ; r4_div_datapath:DATAPATH|r4_div_core:CORE_UNIT|otfc_block:OTFC|QM[29]                                  ; r4_div_datapath:DATAPATH|r4_div_core:CORE_UNIT|otfc_block:OTFC|QM[31]                                  ; clk          ; clk         ; 0.000        ; 0.063      ; 0.825      ;
; 0.607 ; input_wrapper:INPUT_UNIT|register:REG_Y|q[8]                                                           ; r4_div_datapath:DATAPATH|r4_div_preprocess:PREPROCESS_UNIT|divisor_shift_register:Y_COARSE_REG|q[8]    ; clk          ; clk         ; 0.000        ; 0.064      ; 0.828      ;
; 0.608 ; r4_div_datapath:DATAPATH|r4_div_core:CORE_UNIT|otfc_block:OTFC|Q[18]                                   ; r4_div_datapath:DATAPATH|r4_div_core:CORE_UNIT|otfc_block:OTFC|Q[20]                                   ; clk          ; clk         ; 0.000        ; 0.064      ; 0.829      ;
; 0.608 ; input_wrapper:INPUT_UNIT|register:REG_Y|q[18]                                                          ; r4_div_datapath:DATAPATH|r4_div_preprocess:PREPROCESS_UNIT|divisor_shift_register:Y_COARSE_REG|q[18]   ; clk          ; clk         ; 0.000        ; 0.064      ; 0.829      ;
; 0.609 ; input_wrapper:INPUT_UNIT|register:REG_Y|q[7]                                                           ; r4_div_datapath:DATAPATH|r4_div_preprocess:PREPROCESS_UNIT|divisor_shift_register:Y_COARSE_REG|q[7]    ; clk          ; clk         ; 0.000        ; 0.064      ; 0.830      ;
; 0.610 ; r4_div_datapath:DATAPATH|r4_div_core:CORE_UNIT|otfc_block:OTFC|QM[14]                                  ; r4_div_datapath:DATAPATH|r4_div_core:CORE_UNIT|otfc_block:OTFC|QM[16]                                  ; clk          ; clk         ; 0.000        ; 0.443      ; 1.210      ;
; 0.610 ; r4_div_datapath:DATAPATH|r4_div_core:CORE_UNIT|register:REG_WS|q[33]                                   ; r4_div_datapath:DATAPATH|r4_div_core:CORE_UNIT|register:REG_WC|q[36]                                   ; clk          ; clk         ; 0.000        ; 0.064      ; 0.831      ;
; 0.610 ; input_wrapper:INPUT_UNIT|register:REG_Y|q[6]                                                           ; r4_div_datapath:DATAPATH|r4_div_preprocess:PREPROCESS_UNIT|divisor_shift_register:Y_COARSE_REG|q[6]    ; clk          ; clk         ; 0.000        ; 0.064      ; 0.831      ;
; 0.611 ; r4_div_datapath:DATAPATH|r4_div_core:CORE_UNIT|otfc_block:OTFC|QM[3]                                   ; r4_div_datapath:DATAPATH|r4_div_core:CORE_UNIT|otfc_block:OTFC|QM[5]                                   ; clk          ; clk         ; 0.000        ; 0.079      ; 0.847      ;
+-------+--------------------------------------------------------------------------------------------------------+--------------------------------------------------------------------------------------------------------+--------------+-------------+--------------+------------+------------+


-----------------------------------------------
; Slow 1200mV 85C Model Metastability Summary ;
-----------------------------------------------
No synchronizer chains to report.


+--------------------------------------------------+
; Slow 1200mV 0C Model Fmax Summary                ;
+------------+-----------------+------------+------+
; Fmax       ; Restricted Fmax ; Clock Name ; Note ;
+------------+-----------------+------------+------+
; 150.69 MHz ; 150.69 MHz      ; clk        ;      ;
+------------+-----------------+------------+------+
This panel reports FMAX for every clock in the design, regardless of the user-specified clock periods.  FMAX is only computed for paths where the source and destination registers or ports are driven by the same clock.  Paths of different clocks, including generated clocks, are ignored.  For paths between a clock and its inversion, FMAX is computed as if the rising and falling edges are scaled along with FMAX, such that the duty cycle (in terms of a percentage) is maintained. Altera recommends that you always use clock constraints and other slack reports for sign-off analysis.


+------------------------------------+
; Slow 1200mV 0C Model Setup Summary ;
+-------+--------+-------------------+
; Clock ; Slack  ; End Point TNS     ;
+-------+--------+-------------------+
; clk   ; -5.636 ; -1050.016         ;
+-------+--------+-------------------+


+-----------------------------------+
; Slow 1200mV 0C Model Hold Summary ;
+-------+-------+-------------------+
; Clock ; Slack ; End Point TNS     ;
+-------+-------+-------------------+
; clk   ; 0.217 ; 0.000             ;
+-------+-------+-------------------+


-----------------------------------------
; Slow 1200mV 0C Model Recovery Summary ;
-----------------------------------------
No paths to report.


----------------------------------------
; Slow 1200mV 0C Model Removal Summary ;
----------------------------------------
No paths to report.


+--------------------------------------------------+
; Slow 1200mV 0C Model Minimum Pulse Width Summary ;
+-------+--------+---------------------------------+
; Clock ; Slack  ; End Point TNS                   ;
+-------+--------+---------------------------------+
; clk   ; -3.000 ; -328.000                        ;
+-------+--------+---------------------------------+


+-----------------------------------------------------------------------------------------------------------------------------------------------------------------------------------------------------------------------------+
; Slow 1200mV 0C Model Setup: 'clk'                                                                                                                                                                                           ;
+--------+----------------------------------------------------------------------+-----------------------------------------------------------------------+--------------+-------------+--------------+------------+------------+
; Slack  ; From Node                                                            ; To Node                                                               ; Launch Clock ; Latch Clock ; Relationship ; Clock Skew ; Data Delay ;
+--------+----------------------------------------------------------------------+-----------------------------------------------------------------------+--------------+-------------+--------------+------------+------------+
; -5.636 ; r4_div_datapath:DATAPATH|r4_div_core:CORE_UNIT|register:REG_WS|q[30] ; r4_div_datapath:DATAPATH|r4_div_core:CORE_UNIT|otfc_block:OTFC|Q[31]  ; clk          ; clk         ; 1.000        ; -0.077     ; 6.554      ;
; -5.636 ; r4_div_datapath:DATAPATH|r4_div_core:CORE_UNIT|register:REG_WS|q[30] ; r4_div_datapath:DATAPATH|r4_div_core:CORE_UNIT|otfc_block:OTFC|QM[31] ; clk          ; clk         ; 1.000        ; -0.077     ; 6.554      ;
; -5.636 ; r4_div_datapath:DATAPATH|r4_div_core:CORE_UNIT|register:REG_WS|q[30] ; r4_div_datapath:DATAPATH|r4_div_core:CORE_UNIT|otfc_block:OTFC|QM[29] ; clk          ; clk         ; 1.000        ; -0.077     ; 6.554      ;
; -5.636 ; r4_div_datapath:DATAPATH|r4_div_core:CORE_UNIT|register:REG_WS|q[30] ; r4_div_datapath:DATAPATH|r4_div_core:CORE_UNIT|otfc_block:OTFC|Q[29]  ; clk          ; clk         ; 1.000        ; -0.077     ; 6.554      ;
; -5.636 ; r4_div_datapath:DATAPATH|r4_div_core:CORE_UNIT|register:REG_WS|q[30] ; r4_div_datapath:DATAPATH|r4_div_core:CORE_UNIT|otfc_block:OTFC|QM[27] ; clk          ; clk         ; 1.000        ; -0.077     ; 6.554      ;
; -5.636 ; r4_div_datapath:DATAPATH|r4_div_core:CORE_UNIT|register:REG_WS|q[30] ; r4_div_datapath:DATAPATH|r4_div_core:CORE_UNIT|otfc_block:OTFC|Q[25]  ; clk          ; clk         ; 1.000        ; -0.077     ; 6.554      ;
; -5.631 ; r4_div_datapath:DATAPATH|r4_div_core:CORE_UNIT|register:REG_WS|q[30] ; r4_div_datapath:DATAPATH|r4_div_core:CORE_UNIT|otfc_block:OTFC|QM[14] ; clk          ; clk         ; 1.000        ; -0.065     ; 6.561      ;
; -5.631 ; r4_div_datapath:DATAPATH|r4_div_core:CORE_UNIT|register:REG_WS|q[30] ; r4_div_datapath:DATAPATH|r4_div_core:CORE_UNIT|otfc_block:OTFC|QM[12] ; clk          ; clk         ; 1.000        ; -0.065     ; 6.561      ;
; -5.631 ; r4_div_datapath:DATAPATH|r4_div_core:CORE_UNIT|register:REG_WS|q[30] ; r4_div_datapath:DATAPATH|r4_div_core:CORE_UNIT|otfc_block:OTFC|QM[10] ; clk          ; clk         ; 1.000        ; -0.065     ; 6.561      ;
; -5.626 ; r4_div_datapath:DATAPATH|r4_div_core:CORE_UNIT|register:REG_WS|q[30] ; r4_div_datapath:DATAPATH|r4_div_core:CORE_UNIT|otfc_block:OTFC|Q[30]  ; clk          ; clk         ; 1.000        ; -0.074     ; 6.547      ;
; -5.626 ; r4_div_datapath:DATAPATH|r4_div_core:CORE_UNIT|register:REG_WS|q[30] ; r4_div_datapath:DATAPATH|r4_div_core:CORE_UNIT|otfc_block:OTFC|QM[30] ; clk          ; clk         ; 1.000        ; -0.074     ; 6.547      ;
; -5.626 ; r4_div_datapath:DATAPATH|r4_div_core:CORE_UNIT|register:REG_WS|q[30] ; r4_div_datapath:DATAPATH|r4_div_core:CORE_UNIT|otfc_block:OTFC|Q[28]  ; clk          ; clk         ; 1.000        ; -0.074     ; 6.547      ;
; -5.557 ; r4_div_datapath:DATAPATH|r4_div_core:CORE_UNIT|register:REG_WC|q[31] ; r4_div_datapath:DATAPATH|r4_div_core:CORE_UNIT|otfc_block:OTFC|Q[31]  ; clk          ; clk         ; 1.000        ; -0.077     ; 6.475      ;
; -5.557 ; r4_div_datapath:DATAPATH|r4_div_core:CORE_UNIT|register:REG_WC|q[31] ; r4_div_datapath:DATAPATH|r4_div_core:CORE_UNIT|otfc_block:OTFC|QM[31] ; clk          ; clk         ; 1.000        ; -0.077     ; 6.475      ;
; -5.557 ; r4_div_datapath:DATAPATH|r4_div_core:CORE_UNIT|register:REG_WC|q[31] ; r4_div_datapath:DATAPATH|r4_div_core:CORE_UNIT|otfc_block:OTFC|QM[29] ; clk          ; clk         ; 1.000        ; -0.077     ; 6.475      ;
; -5.557 ; r4_div_datapath:DATAPATH|r4_div_core:CORE_UNIT|register:REG_WC|q[31] ; r4_div_datapath:DATAPATH|r4_div_core:CORE_UNIT|otfc_block:OTFC|Q[29]  ; clk          ; clk         ; 1.000        ; -0.077     ; 6.475      ;
; -5.557 ; r4_div_datapath:DATAPATH|r4_div_core:CORE_UNIT|register:REG_WC|q[31] ; r4_div_datapath:DATAPATH|r4_div_core:CORE_UNIT|otfc_block:OTFC|QM[27] ; clk          ; clk         ; 1.000        ; -0.077     ; 6.475      ;
; -5.557 ; r4_div_datapath:DATAPATH|r4_div_core:CORE_UNIT|register:REG_WC|q[31] ; r4_div_datapath:DATAPATH|r4_div_core:CORE_UNIT|otfc_block:OTFC|Q[25]  ; clk          ; clk         ; 1.000        ; -0.077     ; 6.475      ;
; -5.552 ; r4_div_datapath:DATAPATH|r4_div_core:CORE_UNIT|register:REG_WC|q[31] ; r4_div_datapath:DATAPATH|r4_div_core:CORE_UNIT|otfc_block:OTFC|QM[14] ; clk          ; clk         ; 1.000        ; -0.065     ; 6.482      ;
; -5.552 ; r4_div_datapath:DATAPATH|r4_div_core:CORE_UNIT|register:REG_WC|q[31] ; r4_div_datapath:DATAPATH|r4_div_core:CORE_UNIT|otfc_block:OTFC|QM[12] ; clk          ; clk         ; 1.000        ; -0.065     ; 6.482      ;
; -5.552 ; r4_div_datapath:DATAPATH|r4_div_core:CORE_UNIT|register:REG_WC|q[31] ; r4_div_datapath:DATAPATH|r4_div_core:CORE_UNIT|otfc_block:OTFC|QM[10] ; clk          ; clk         ; 1.000        ; -0.065     ; 6.482      ;
; -5.547 ; r4_div_datapath:DATAPATH|r4_div_core:CORE_UNIT|register:REG_WC|q[31] ; r4_div_datapath:DATAPATH|r4_div_core:CORE_UNIT|otfc_block:OTFC|Q[30]  ; clk          ; clk         ; 1.000        ; -0.074     ; 6.468      ;
; -5.547 ; r4_div_datapath:DATAPATH|r4_div_core:CORE_UNIT|register:REG_WC|q[31] ; r4_div_datapath:DATAPATH|r4_div_core:CORE_UNIT|otfc_block:OTFC|QM[30] ; clk          ; clk         ; 1.000        ; -0.074     ; 6.468      ;
; -5.547 ; r4_div_datapath:DATAPATH|r4_div_core:CORE_UNIT|register:REG_WC|q[31] ; r4_div_datapath:DATAPATH|r4_div_core:CORE_UNIT|otfc_block:OTFC|Q[28]  ; clk          ; clk         ; 1.000        ; -0.074     ; 6.468      ;
; -5.489 ; r4_div_datapath:DATAPATH|r4_div_core:CORE_UNIT|register:REG_WS|q[30] ; r4_div_datapath:DATAPATH|r4_div_core:CORE_UNIT|register:REG_WS|q[30]  ; clk          ; clk         ; 1.000        ; -0.057     ; 6.427      ;
; -5.473 ; r4_div_datapath:DATAPATH|r4_div_core:CORE_UNIT|register:REG_WC|q[30] ; r4_div_datapath:DATAPATH|r4_div_core:CORE_UNIT|otfc_block:OTFC|Q[31]  ; clk          ; clk         ; 1.000        ; -0.087     ; 6.381      ;
; -5.473 ; r4_div_datapath:DATAPATH|r4_div_core:CORE_UNIT|register:REG_WC|q[30] ; r4_div_datapath:DATAPATH|r4_div_core:CORE_UNIT|otfc_block:OTFC|QM[31] ; clk          ; clk         ; 1.000        ; -0.087     ; 6.381      ;
; -5.473 ; r4_div_datapath:DATAPATH|r4_div_core:CORE_UNIT|register:REG_WC|q[30] ; r4_div_datapath:DATAPATH|r4_div_core:CORE_UNIT|otfc_block:OTFC|QM[29] ; clk          ; clk         ; 1.000        ; -0.087     ; 6.381      ;
; -5.473 ; r4_div_datapath:DATAPATH|r4_div_core:CORE_UNIT|register:REG_WC|q[30] ; r4_div_datapath:DATAPATH|r4_div_core:CORE_UNIT|otfc_block:OTFC|Q[29]  ; clk          ; clk         ; 1.000        ; -0.087     ; 6.381      ;
; -5.473 ; r4_div_datapath:DATAPATH|r4_div_core:CORE_UNIT|register:REG_WC|q[30] ; r4_div_datapath:DATAPATH|r4_div_core:CORE_UNIT|otfc_block:OTFC|QM[27] ; clk          ; clk         ; 1.000        ; -0.087     ; 6.381      ;
; -5.473 ; r4_div_datapath:DATAPATH|r4_div_core:CORE_UNIT|register:REG_WC|q[30] ; r4_div_datapath:DATAPATH|r4_div_core:CORE_UNIT|otfc_block:OTFC|Q[25]  ; clk          ; clk         ; 1.000        ; -0.087     ; 6.381      ;
; -5.468 ; r4_div_datapath:DATAPATH|r4_div_core:CORE_UNIT|register:REG_WC|q[30] ; r4_div_datapath:DATAPATH|r4_div_core:CORE_UNIT|otfc_block:OTFC|QM[14] ; clk          ; clk         ; 1.000        ; -0.075     ; 6.388      ;
; -5.468 ; r4_div_datapath:DATAPATH|r4_div_core:CORE_UNIT|register:REG_WC|q[30] ; r4_div_datapath:DATAPATH|r4_div_core:CORE_UNIT|otfc_block:OTFC|QM[12] ; clk          ; clk         ; 1.000        ; -0.075     ; 6.388      ;
; -5.468 ; r4_div_datapath:DATAPATH|r4_div_core:CORE_UNIT|register:REG_WC|q[30] ; r4_div_datapath:DATAPATH|r4_div_core:CORE_UNIT|otfc_block:OTFC|QM[10] ; clk          ; clk         ; 1.000        ; -0.075     ; 6.388      ;
; -5.463 ; r4_div_datapath:DATAPATH|r4_div_core:CORE_UNIT|register:REG_WC|q[30] ; r4_div_datapath:DATAPATH|r4_div_core:CORE_UNIT|otfc_block:OTFC|Q[30]  ; clk          ; clk         ; 1.000        ; -0.084     ; 6.374      ;
; -5.463 ; r4_div_datapath:DATAPATH|r4_div_core:CORE_UNIT|register:REG_WC|q[30] ; r4_div_datapath:DATAPATH|r4_div_core:CORE_UNIT|otfc_block:OTFC|QM[30] ; clk          ; clk         ; 1.000        ; -0.084     ; 6.374      ;
; -5.463 ; r4_div_datapath:DATAPATH|r4_div_core:CORE_UNIT|register:REG_WC|q[30] ; r4_div_datapath:DATAPATH|r4_div_core:CORE_UNIT|otfc_block:OTFC|Q[28]  ; clk          ; clk         ; 1.000        ; -0.084     ; 6.374      ;
; -5.410 ; r4_div_datapath:DATAPATH|r4_div_core:CORE_UNIT|register:REG_WC|q[31] ; r4_div_datapath:DATAPATH|r4_div_core:CORE_UNIT|register:REG_WS|q[30]  ; clk          ; clk         ; 1.000        ; -0.057     ; 6.348      ;
; -5.409 ; r4_div_datapath:DATAPATH|r4_div_core:CORE_UNIT|register:REG_WC|q[29] ; r4_div_datapath:DATAPATH|r4_div_core:CORE_UNIT|otfc_block:OTFC|Q[31]  ; clk          ; clk         ; 1.000        ; -0.087     ; 6.317      ;
; -5.409 ; r4_div_datapath:DATAPATH|r4_div_core:CORE_UNIT|register:REG_WC|q[29] ; r4_div_datapath:DATAPATH|r4_div_core:CORE_UNIT|otfc_block:OTFC|QM[31] ; clk          ; clk         ; 1.000        ; -0.087     ; 6.317      ;
; -5.409 ; r4_div_datapath:DATAPATH|r4_div_core:CORE_UNIT|register:REG_WC|q[29] ; r4_div_datapath:DATAPATH|r4_div_core:CORE_UNIT|otfc_block:OTFC|QM[29] ; clk          ; clk         ; 1.000        ; -0.087     ; 6.317      ;
; -5.409 ; r4_div_datapath:DATAPATH|r4_div_core:CORE_UNIT|register:REG_WC|q[29] ; r4_div_datapath:DATAPATH|r4_div_core:CORE_UNIT|otfc_block:OTFC|Q[29]  ; clk          ; clk         ; 1.000        ; -0.087     ; 6.317      ;
; -5.409 ; r4_div_datapath:DATAPATH|r4_div_core:CORE_UNIT|register:REG_WC|q[29] ; r4_div_datapath:DATAPATH|r4_div_core:CORE_UNIT|otfc_block:OTFC|QM[27] ; clk          ; clk         ; 1.000        ; -0.087     ; 6.317      ;
; -5.409 ; r4_div_datapath:DATAPATH|r4_div_core:CORE_UNIT|register:REG_WC|q[29] ; r4_div_datapath:DATAPATH|r4_div_core:CORE_UNIT|otfc_block:OTFC|Q[25]  ; clk          ; clk         ; 1.000        ; -0.087     ; 6.317      ;
; -5.405 ; r4_div_datapath:DATAPATH|r4_div_core:CORE_UNIT|register:REG_WS|q[29] ; r4_div_datapath:DATAPATH|r4_div_core:CORE_UNIT|otfc_block:OTFC|Q[31]  ; clk          ; clk         ; 1.000        ; -0.087     ; 6.313      ;
; -5.405 ; r4_div_datapath:DATAPATH|r4_div_core:CORE_UNIT|register:REG_WS|q[29] ; r4_div_datapath:DATAPATH|r4_div_core:CORE_UNIT|otfc_block:OTFC|QM[31] ; clk          ; clk         ; 1.000        ; -0.087     ; 6.313      ;
; -5.405 ; r4_div_datapath:DATAPATH|r4_div_core:CORE_UNIT|register:REG_WS|q[29] ; r4_div_datapath:DATAPATH|r4_div_core:CORE_UNIT|otfc_block:OTFC|QM[29] ; clk          ; clk         ; 1.000        ; -0.087     ; 6.313      ;
; -5.405 ; r4_div_datapath:DATAPATH|r4_div_core:CORE_UNIT|register:REG_WS|q[29] ; r4_div_datapath:DATAPATH|r4_div_core:CORE_UNIT|otfc_block:OTFC|Q[29]  ; clk          ; clk         ; 1.000        ; -0.087     ; 6.313      ;
; -5.405 ; r4_div_datapath:DATAPATH|r4_div_core:CORE_UNIT|register:REG_WS|q[29] ; r4_div_datapath:DATAPATH|r4_div_core:CORE_UNIT|otfc_block:OTFC|QM[27] ; clk          ; clk         ; 1.000        ; -0.087     ; 6.313      ;
; -5.405 ; r4_div_datapath:DATAPATH|r4_div_core:CORE_UNIT|register:REG_WS|q[29] ; r4_div_datapath:DATAPATH|r4_div_core:CORE_UNIT|otfc_block:OTFC|Q[25]  ; clk          ; clk         ; 1.000        ; -0.087     ; 6.313      ;
; -5.404 ; r4_div_datapath:DATAPATH|r4_div_core:CORE_UNIT|register:REG_WC|q[29] ; r4_div_datapath:DATAPATH|r4_div_core:CORE_UNIT|otfc_block:OTFC|QM[14] ; clk          ; clk         ; 1.000        ; -0.075     ; 6.324      ;
; -5.404 ; r4_div_datapath:DATAPATH|r4_div_core:CORE_UNIT|register:REG_WC|q[29] ; r4_div_datapath:DATAPATH|r4_div_core:CORE_UNIT|otfc_block:OTFC|QM[12] ; clk          ; clk         ; 1.000        ; -0.075     ; 6.324      ;
; -5.404 ; r4_div_datapath:DATAPATH|r4_div_core:CORE_UNIT|register:REG_WC|q[29] ; r4_div_datapath:DATAPATH|r4_div_core:CORE_UNIT|otfc_block:OTFC|QM[10] ; clk          ; clk         ; 1.000        ; -0.075     ; 6.324      ;
; -5.400 ; r4_div_datapath:DATAPATH|r4_div_core:CORE_UNIT|register:REG_WS|q[29] ; r4_div_datapath:DATAPATH|r4_div_core:CORE_UNIT|otfc_block:OTFC|QM[14] ; clk          ; clk         ; 1.000        ; -0.075     ; 6.320      ;
; -5.400 ; r4_div_datapath:DATAPATH|r4_div_core:CORE_UNIT|register:REG_WS|q[29] ; r4_div_datapath:DATAPATH|r4_div_core:CORE_UNIT|otfc_block:OTFC|QM[12] ; clk          ; clk         ; 1.000        ; -0.075     ; 6.320      ;
; -5.400 ; r4_div_datapath:DATAPATH|r4_div_core:CORE_UNIT|register:REG_WS|q[29] ; r4_div_datapath:DATAPATH|r4_div_core:CORE_UNIT|otfc_block:OTFC|QM[10] ; clk          ; clk         ; 1.000        ; -0.075     ; 6.320      ;
; -5.399 ; r4_div_datapath:DATAPATH|r4_div_core:CORE_UNIT|register:REG_WC|q[29] ; r4_div_datapath:DATAPATH|r4_div_core:CORE_UNIT|otfc_block:OTFC|Q[30]  ; clk          ; clk         ; 1.000        ; -0.084     ; 6.310      ;
; -5.399 ; r4_div_datapath:DATAPATH|r4_div_core:CORE_UNIT|register:REG_WC|q[29] ; r4_div_datapath:DATAPATH|r4_div_core:CORE_UNIT|otfc_block:OTFC|QM[30] ; clk          ; clk         ; 1.000        ; -0.084     ; 6.310      ;
; -5.399 ; r4_div_datapath:DATAPATH|r4_div_core:CORE_UNIT|register:REG_WC|q[29] ; r4_div_datapath:DATAPATH|r4_div_core:CORE_UNIT|otfc_block:OTFC|Q[28]  ; clk          ; clk         ; 1.000        ; -0.084     ; 6.310      ;
; -5.395 ; r4_div_datapath:DATAPATH|r4_div_core:CORE_UNIT|register:REG_WS|q[29] ; r4_div_datapath:DATAPATH|r4_div_core:CORE_UNIT|otfc_block:OTFC|Q[30]  ; clk          ; clk         ; 1.000        ; -0.084     ; 6.306      ;
; -5.395 ; r4_div_datapath:DATAPATH|r4_div_core:CORE_UNIT|register:REG_WS|q[29] ; r4_div_datapath:DATAPATH|r4_div_core:CORE_UNIT|otfc_block:OTFC|QM[30] ; clk          ; clk         ; 1.000        ; -0.084     ; 6.306      ;
; -5.395 ; r4_div_datapath:DATAPATH|r4_div_core:CORE_UNIT|register:REG_WS|q[29] ; r4_div_datapath:DATAPATH|r4_div_core:CORE_UNIT|otfc_block:OTFC|Q[28]  ; clk          ; clk         ; 1.000        ; -0.084     ; 6.306      ;
; -5.386 ; r4_div_datapath:DATAPATH|r4_div_core:CORE_UNIT|register:REG_WS|q[30] ; r4_div_datapath:DATAPATH|r4_div_core:CORE_UNIT|otfc_block:OTFC|Q[22]  ; clk          ; clk         ; 1.000        ; -0.057     ; 6.324      ;
; -5.386 ; r4_div_datapath:DATAPATH|r4_div_core:CORE_UNIT|register:REG_WS|q[30] ; r4_div_datapath:DATAPATH|r4_div_core:CORE_UNIT|otfc_block:OTFC|Q[20]  ; clk          ; clk         ; 1.000        ; -0.057     ; 6.324      ;
; -5.386 ; r4_div_datapath:DATAPATH|r4_div_core:CORE_UNIT|register:REG_WS|q[30] ; r4_div_datapath:DATAPATH|r4_div_core:CORE_UNIT|otfc_block:OTFC|Q[18]  ; clk          ; clk         ; 1.000        ; -0.057     ; 6.324      ;
; -5.386 ; r4_div_datapath:DATAPATH|r4_div_core:CORE_UNIT|register:REG_WS|q[30] ; r4_div_datapath:DATAPATH|r4_div_core:CORE_UNIT|otfc_block:OTFC|Q[19]  ; clk          ; clk         ; 1.000        ; -0.057     ; 6.324      ;
; -5.379 ; r4_div_datapath:DATAPATH|r4_div_core:CORE_UNIT|register:REG_WS|q[32] ; r4_div_datapath:DATAPATH|r4_div_core:CORE_UNIT|otfc_block:OTFC|Q[31]  ; clk          ; clk         ; 1.000        ; -0.086     ; 6.288      ;
; -5.379 ; r4_div_datapath:DATAPATH|r4_div_core:CORE_UNIT|register:REG_WS|q[32] ; r4_div_datapath:DATAPATH|r4_div_core:CORE_UNIT|otfc_block:OTFC|QM[31] ; clk          ; clk         ; 1.000        ; -0.086     ; 6.288      ;
; -5.379 ; r4_div_datapath:DATAPATH|r4_div_core:CORE_UNIT|register:REG_WS|q[32] ; r4_div_datapath:DATAPATH|r4_div_core:CORE_UNIT|otfc_block:OTFC|QM[29] ; clk          ; clk         ; 1.000        ; -0.086     ; 6.288      ;
; -5.379 ; r4_div_datapath:DATAPATH|r4_div_core:CORE_UNIT|register:REG_WS|q[32] ; r4_div_datapath:DATAPATH|r4_div_core:CORE_UNIT|otfc_block:OTFC|Q[29]  ; clk          ; clk         ; 1.000        ; -0.086     ; 6.288      ;
; -5.379 ; r4_div_datapath:DATAPATH|r4_div_core:CORE_UNIT|register:REG_WS|q[32] ; r4_div_datapath:DATAPATH|r4_div_core:CORE_UNIT|otfc_block:OTFC|QM[27] ; clk          ; clk         ; 1.000        ; -0.086     ; 6.288      ;
; -5.379 ; r4_div_datapath:DATAPATH|r4_div_core:CORE_UNIT|register:REG_WS|q[32] ; r4_div_datapath:DATAPATH|r4_div_core:CORE_UNIT|otfc_block:OTFC|Q[25]  ; clk          ; clk         ; 1.000        ; -0.086     ; 6.288      ;
; -5.377 ; r4_div_datapath:DATAPATH|r4_div_core:CORE_UNIT|register:REG_WC|q[34] ; r4_div_datapath:DATAPATH|r4_div_core:CORE_UNIT|otfc_block:OTFC|Q[31]  ; clk          ; clk         ; 1.000        ; -0.082     ; 6.290      ;
; -5.377 ; r4_div_datapath:DATAPATH|r4_div_core:CORE_UNIT|register:REG_WC|q[34] ; r4_div_datapath:DATAPATH|r4_div_core:CORE_UNIT|otfc_block:OTFC|QM[31] ; clk          ; clk         ; 1.000        ; -0.082     ; 6.290      ;
; -5.377 ; r4_div_datapath:DATAPATH|r4_div_core:CORE_UNIT|register:REG_WC|q[34] ; r4_div_datapath:DATAPATH|r4_div_core:CORE_UNIT|otfc_block:OTFC|QM[29] ; clk          ; clk         ; 1.000        ; -0.082     ; 6.290      ;
; -5.377 ; r4_div_datapath:DATAPATH|r4_div_core:CORE_UNIT|register:REG_WC|q[34] ; r4_div_datapath:DATAPATH|r4_div_core:CORE_UNIT|otfc_block:OTFC|Q[29]  ; clk          ; clk         ; 1.000        ; -0.082     ; 6.290      ;
; -5.377 ; r4_div_datapath:DATAPATH|r4_div_core:CORE_UNIT|register:REG_WC|q[34] ; r4_div_datapath:DATAPATH|r4_div_core:CORE_UNIT|otfc_block:OTFC|QM[27] ; clk          ; clk         ; 1.000        ; -0.082     ; 6.290      ;
; -5.377 ; r4_div_datapath:DATAPATH|r4_div_core:CORE_UNIT|register:REG_WC|q[34] ; r4_div_datapath:DATAPATH|r4_div_core:CORE_UNIT|otfc_block:OTFC|Q[25]  ; clk          ; clk         ; 1.000        ; -0.082     ; 6.290      ;
; -5.374 ; r4_div_datapath:DATAPATH|r4_div_core:CORE_UNIT|register:REG_WS|q[32] ; r4_div_datapath:DATAPATH|r4_div_core:CORE_UNIT|otfc_block:OTFC|QM[14] ; clk          ; clk         ; 1.000        ; -0.074     ; 6.295      ;
; -5.374 ; r4_div_datapath:DATAPATH|r4_div_core:CORE_UNIT|register:REG_WS|q[32] ; r4_div_datapath:DATAPATH|r4_div_core:CORE_UNIT|otfc_block:OTFC|QM[12] ; clk          ; clk         ; 1.000        ; -0.074     ; 6.295      ;
; -5.374 ; r4_div_datapath:DATAPATH|r4_div_core:CORE_UNIT|register:REG_WS|q[32] ; r4_div_datapath:DATAPATH|r4_div_core:CORE_UNIT|otfc_block:OTFC|QM[10] ; clk          ; clk         ; 1.000        ; -0.074     ; 6.295      ;
; -5.373 ; r4_div_datapath:DATAPATH|r4_div_core:CORE_UNIT|register:REG_WC|q[32] ; r4_div_datapath:DATAPATH|r4_div_core:CORE_UNIT|otfc_block:OTFC|Q[31]  ; clk          ; clk         ; 1.000        ; -0.087     ; 6.281      ;
; -5.373 ; r4_div_datapath:DATAPATH|r4_div_core:CORE_UNIT|register:REG_WC|q[32] ; r4_div_datapath:DATAPATH|r4_div_core:CORE_UNIT|otfc_block:OTFC|QM[31] ; clk          ; clk         ; 1.000        ; -0.087     ; 6.281      ;
; -5.373 ; r4_div_datapath:DATAPATH|r4_div_core:CORE_UNIT|register:REG_WC|q[32] ; r4_div_datapath:DATAPATH|r4_div_core:CORE_UNIT|otfc_block:OTFC|QM[29] ; clk          ; clk         ; 1.000        ; -0.087     ; 6.281      ;
; -5.373 ; r4_div_datapath:DATAPATH|r4_div_core:CORE_UNIT|register:REG_WC|q[32] ; r4_div_datapath:DATAPATH|r4_div_core:CORE_UNIT|otfc_block:OTFC|Q[29]  ; clk          ; clk         ; 1.000        ; -0.087     ; 6.281      ;
; -5.373 ; r4_div_datapath:DATAPATH|r4_div_core:CORE_UNIT|register:REG_WC|q[32] ; r4_div_datapath:DATAPATH|r4_div_core:CORE_UNIT|otfc_block:OTFC|QM[27] ; clk          ; clk         ; 1.000        ; -0.087     ; 6.281      ;
; -5.373 ; r4_div_datapath:DATAPATH|r4_div_core:CORE_UNIT|register:REG_WC|q[32] ; r4_div_datapath:DATAPATH|r4_div_core:CORE_UNIT|otfc_block:OTFC|Q[25]  ; clk          ; clk         ; 1.000        ; -0.087     ; 6.281      ;
; -5.372 ; r4_div_datapath:DATAPATH|r4_div_core:CORE_UNIT|register:REG_WC|q[34] ; r4_div_datapath:DATAPATH|r4_div_core:CORE_UNIT|otfc_block:OTFC|QM[14] ; clk          ; clk         ; 1.000        ; -0.070     ; 6.297      ;
; -5.372 ; r4_div_datapath:DATAPATH|r4_div_core:CORE_UNIT|register:REG_WC|q[34] ; r4_div_datapath:DATAPATH|r4_div_core:CORE_UNIT|otfc_block:OTFC|QM[12] ; clk          ; clk         ; 1.000        ; -0.070     ; 6.297      ;
; -5.372 ; r4_div_datapath:DATAPATH|r4_div_core:CORE_UNIT|register:REG_WC|q[34] ; r4_div_datapath:DATAPATH|r4_div_core:CORE_UNIT|otfc_block:OTFC|QM[10] ; clk          ; clk         ; 1.000        ; -0.070     ; 6.297      ;
; -5.369 ; r4_div_datapath:DATAPATH|r4_div_core:CORE_UNIT|register:REG_WS|q[32] ; r4_div_datapath:DATAPATH|r4_div_core:CORE_UNIT|otfc_block:OTFC|Q[30]  ; clk          ; clk         ; 1.000        ; -0.083     ; 6.281      ;
; -5.369 ; r4_div_datapath:DATAPATH|r4_div_core:CORE_UNIT|register:REG_WS|q[32] ; r4_div_datapath:DATAPATH|r4_div_core:CORE_UNIT|otfc_block:OTFC|QM[30] ; clk          ; clk         ; 1.000        ; -0.083     ; 6.281      ;
; -5.369 ; r4_div_datapath:DATAPATH|r4_div_core:CORE_UNIT|register:REG_WS|q[32] ; r4_div_datapath:DATAPATH|r4_div_core:CORE_UNIT|otfc_block:OTFC|Q[28]  ; clk          ; clk         ; 1.000        ; -0.083     ; 6.281      ;
; -5.368 ; r4_div_datapath:DATAPATH|r4_div_core:CORE_UNIT|register:REG_WC|q[32] ; r4_div_datapath:DATAPATH|r4_div_core:CORE_UNIT|otfc_block:OTFC|QM[14] ; clk          ; clk         ; 1.000        ; -0.075     ; 6.288      ;
; -5.368 ; r4_div_datapath:DATAPATH|r4_div_core:CORE_UNIT|register:REG_WC|q[32] ; r4_div_datapath:DATAPATH|r4_div_core:CORE_UNIT|otfc_block:OTFC|QM[12] ; clk          ; clk         ; 1.000        ; -0.075     ; 6.288      ;
; -5.368 ; r4_div_datapath:DATAPATH|r4_div_core:CORE_UNIT|register:REG_WC|q[32] ; r4_div_datapath:DATAPATH|r4_div_core:CORE_UNIT|otfc_block:OTFC|QM[10] ; clk          ; clk         ; 1.000        ; -0.075     ; 6.288      ;
; -5.367 ; r4_div_datapath:DATAPATH|r4_div_core:CORE_UNIT|register:REG_WS|q[30] ; r4_div_datapath:DATAPATH|r4_div_core:CORE_UNIT|otfc_block:OTFC|QM[8]  ; clk          ; clk         ; 1.000        ; -0.063     ; 6.299      ;
; -5.367 ; r4_div_datapath:DATAPATH|r4_div_core:CORE_UNIT|register:REG_WS|q[30] ; r4_div_datapath:DATAPATH|r4_div_core:CORE_UNIT|otfc_block:OTFC|Q[8]   ; clk          ; clk         ; 1.000        ; -0.063     ; 6.299      ;
; -5.367 ; r4_div_datapath:DATAPATH|r4_div_core:CORE_UNIT|register:REG_WS|q[30] ; r4_div_datapath:DATAPATH|r4_div_core:CORE_UNIT|otfc_block:OTFC|QM[6]  ; clk          ; clk         ; 1.000        ; -0.063     ; 6.299      ;
; -5.367 ; r4_div_datapath:DATAPATH|r4_div_core:CORE_UNIT|register:REG_WC|q[34] ; r4_div_datapath:DATAPATH|r4_div_core:CORE_UNIT|otfc_block:OTFC|Q[30]  ; clk          ; clk         ; 1.000        ; -0.079     ; 6.283      ;
+--------+----------------------------------------------------------------------+-----------------------------------------------------------------------+--------------+-------------+--------------+------------+------------+


+-----------------------------------------------------------------------------------------------------------------------------------------------------------------------------------------------------------------------------------------------------------------------------------------------+
; Slow 1200mV 0C Model Hold: 'clk'                                                                                                                                                                                                                                                              ;
+-------+--------------------------------------------------------------------------------------------------------+--------------------------------------------------------------------------------------------------------+--------------+-------------+--------------+------------+------------+
; Slack ; From Node                                                                                              ; To Node                                                                                                ; Launch Clock ; Latch Clock ; Relationship ; Clock Skew ; Data Delay ;
+-------+--------------------------------------------------------------------------------------------------------+--------------------------------------------------------------------------------------------------------+--------------+-------------+--------------+------------+------------+
; 0.217 ; r4_div_datapath:DATAPATH|r4_div_core:CORE_UNIT|otfc_block:OTFC|Q[25]                                   ; r4_div_datapath:DATAPATH|r4_div_core:CORE_UNIT|otfc_block:OTFC|Q[27]                                   ; clk          ; clk         ; 0.000        ; 0.394      ; 0.755      ;
; 0.308 ; r4_div_datapath:DATAPATH|r4_div_core:CORE_UNIT|otfc_block:OTFC|QM[19]                                  ; r4_div_datapath:DATAPATH|r4_div_core:CORE_UNIT|otfc_block:OTFC|Q[21]                                   ; clk          ; clk         ; 0.000        ; 0.390      ; 0.842      ;
; 0.310 ; r4_div_controller:CONTROLLER|current_state.PREPROCESS                                                  ; r4_div_controller:CONTROLLER|current_state.PREPROCESS                                                  ; clk          ; clk         ; 0.000        ; 0.057      ; 0.511      ;
; 0.310 ; r4_div_datapath:DATAPATH|r4_div_preprocess:PREPROCESS_UNIT|coarse_cycles[1]                            ; r4_div_datapath:DATAPATH|r4_div_preprocess:PREPROCESS_UNIT|coarse_cycles[1]                            ; clk          ; clk         ; 0.000        ; 0.057      ; 0.511      ;
; 0.310 ; r4_div_datapath:DATAPATH|r4_div_preprocess:PREPROCESS_UNIT|coarse_cycles[2]                            ; r4_div_datapath:DATAPATH|r4_div_preprocess:PREPROCESS_UNIT|coarse_cycles[2]                            ; clk          ; clk         ; 0.000        ; 0.057      ; 0.511      ;
; 0.310 ; r4_div_datapath:DATAPATH|r4_div_preprocess:PREPROCESS_UNIT|coarse_cycles[0]                            ; r4_div_datapath:DATAPATH|r4_div_preprocess:PREPROCESS_UNIT|coarse_cycles[0]                            ; clk          ; clk         ; 0.000        ; 0.057      ; 0.511      ;
; 0.311 ; r4_div_controller:CONTROLLER|current_state.POST_PROCESS                                                ; r4_div_controller:CONTROLLER|current_state.POST_PROCESS                                                ; clk          ; clk         ; 0.000        ; 0.056      ; 0.511      ;
; 0.311 ; r4_div_controller:CONTROLLER|current_state.DONE                                                        ; r4_div_controller:CONTROLLER|current_state.DONE                                                        ; clk          ; clk         ; 0.000        ; 0.056      ; 0.511      ;
; 0.318 ; r4_div_datapath:DATAPATH|r4_div_postprocess:POSTPROCESS_UNIT|down_counter:POST_COUNTER|q[0]            ; r4_div_datapath:DATAPATH|r4_div_postprocess:POSTPROCESS_UNIT|down_counter:POST_COUNTER|q[0]            ; clk          ; clk         ; 0.000        ; 0.057      ; 0.519      ;
; 0.343 ; r4_div_datapath:DATAPATH|r4_div_core:CORE_UNIT|otfc_block:OTFC|QM[8]                                   ; r4_div_datapath:DATAPATH|r4_div_core:CORE_UNIT|otfc_block:OTFC|Q[10]                                   ; clk          ; clk         ; 0.000        ; 0.390      ; 0.877      ;
; 0.351 ; r4_div_datapath:DATAPATH|r4_div_preprocess:PREPROCESS_UNIT|coarse_cycles[1]                            ; r4_div_datapath:DATAPATH|r4_div_preprocess:PREPROCESS_UNIT|coarse_cycles[2]                            ; clk          ; clk         ; 0.000        ; 0.057      ; 0.552      ;
; 0.351 ; r4_div_datapath:DATAPATH|r4_div_core:CORE_UNIT|otfc_block:OTFC|Q[18]                                   ; r4_div_datapath:DATAPATH|r4_div_core:CORE_UNIT|otfc_block:OTFC|QM[20]                                  ; clk          ; clk         ; 0.000        ; 0.395      ; 0.890      ;
; 0.353 ; input_wrapper:INPUT_UNIT|register:REG_Y|q[21]                                                          ; r4_div_datapath:DATAPATH|r4_div_preprocess:PREPROCESS_UNIT|divisor_shift_register:Y_COARSE_REG|q[21]   ; clk          ; clk         ; 0.000        ; 0.057      ; 0.554      ;
; 0.354 ; input_wrapper:INPUT_UNIT|register:REG_Y|q[4]                                                           ; r4_div_datapath:DATAPATH|r4_div_preprocess:PREPROCESS_UNIT|divisor_shift_register:Y_COARSE_REG|q[4]    ; clk          ; clk         ; 0.000        ; 0.058      ; 0.556      ;
; 0.355 ; input_wrapper:INPUT_UNIT|register:REG_Y|q[22]                                                          ; r4_div_datapath:DATAPATH|r4_div_preprocess:PREPROCESS_UNIT|divisor_shift_register:Y_COARSE_REG|q[22]   ; clk          ; clk         ; 0.000        ; 0.057      ; 0.556      ;
; 0.357 ; input_wrapper:INPUT_UNIT|register:REG_Y|q[29]                                                          ; r4_div_datapath:DATAPATH|r4_div_preprocess:PREPROCESS_UNIT|divisor_shift_register:Y_COARSE_REG|q[29]   ; clk          ; clk         ; 0.000        ; 0.057      ; 0.558      ;
; 0.363 ; r4_div_controller:CONTROLLER|current_state.LOAD_SIGN                                                   ; r4_div_controller:CONTROLLER|current_state.INIT                                                        ; clk          ; clk         ; 0.000        ; 0.056      ; 0.563      ;
; 0.431 ; r4_div_datapath:DATAPATH|r4_div_core:CORE_UNIT|otfc_block:OTFC|Q[24]                                   ; r4_div_datapath:DATAPATH|r4_div_core:CORE_UNIT|otfc_block:OTFC|QM[26]                                  ; clk          ; clk         ; 0.000        ; 0.069      ; 0.644      ;
; 0.443 ; r4_div_datapath:DATAPATH|r4_div_core:CORE_UNIT|otfc_block:OTFC|Q[29]                                   ; r4_div_datapath:DATAPATH|r4_div_core:CORE_UNIT|otfc_block:OTFC|QM[31]                                  ; clk          ; clk         ; 0.000        ; 0.056      ; 0.643      ;
; 0.443 ; r4_div_datapath:DATAPATH|r4_div_core:CORE_UNIT|otfc_block:OTFC|QM[27]                                  ; r4_div_datapath:DATAPATH|r4_div_core:CORE_UNIT|otfc_block:OTFC|Q[29]                                   ; clk          ; clk         ; 0.000        ; 0.056      ; 0.643      ;
; 0.444 ; r4_div_datapath:DATAPATH|r4_div_core:CORE_UNIT|otfc_block:OTFC|Q[29]                                   ; r4_div_datapath:DATAPATH|r4_div_core:CORE_UNIT|otfc_block:OTFC|Q[31]                                   ; clk          ; clk         ; 0.000        ; 0.056      ; 0.644      ;
; 0.444 ; r4_div_datapath:DATAPATH|r4_div_core:CORE_UNIT|otfc_block:OTFC|QM[27]                                  ; r4_div_datapath:DATAPATH|r4_div_core:CORE_UNIT|otfc_block:OTFC|QM[29]                                  ; clk          ; clk         ; 0.000        ; 0.056      ; 0.644      ;
; 0.449 ; r4_div_datapath:DATAPATH|r4_div_core:CORE_UNIT|otfc_block:OTFC|QM[19]                                  ; r4_div_datapath:DATAPATH|r4_div_core:CORE_UNIT|otfc_block:OTFC|QM[21]                                  ; clk          ; clk         ; 0.000        ; 0.057      ; 0.650      ;
; 0.451 ; r4_div_datapath:DATAPATH|r4_div_core:CORE_UNIT|otfc_block:OTFC|Q[20]                                   ; r4_div_datapath:DATAPATH|r4_div_core:CORE_UNIT|otfc_block:OTFC|Q[22]                                   ; clk          ; clk         ; 0.000        ; 0.057      ; 0.652      ;
; 0.454 ; r4_div_datapath:DATAPATH|r4_div_core:CORE_UNIT|otfc_block:OTFC|Q[13]                                   ; r4_div_datapath:DATAPATH|r4_div_core:CORE_UNIT|otfc_block:OTFC|Q[15]                                   ; clk          ; clk         ; 0.000        ; 0.070      ; 0.668      ;
; 0.455 ; r4_div_datapath:DATAPATH|r4_div_core:CORE_UNIT|otfc_block:OTFC|QM[12]                                  ; r4_div_datapath:DATAPATH|r4_div_core:CORE_UNIT|otfc_block:OTFC|QM[14]                                  ; clk          ; clk         ; 0.000        ; 0.056      ; 0.655      ;
; 0.462 ; r4_div_datapath:DATAPATH|r4_div_core:CORE_UNIT|otfc_block:OTFC|QM[14]                                  ; r4_div_datapath:DATAPATH|r4_div_core:CORE_UNIT|otfc_block:OTFC|Q[16]                                   ; clk          ; clk         ; 0.000        ; 0.400      ; 1.006      ;
; 0.468 ; r4_div_datapath:DATAPATH|r4_div_core:CORE_UNIT|otfc_block:OTFC|Q[19]                                   ; r4_div_datapath:DATAPATH|r4_div_core:CORE_UNIT|otfc_block:OTFC|Q[21]                                   ; clk          ; clk         ; 0.000        ; 0.392      ; 1.004      ;
; 0.473 ; r4_div_datapath:DATAPATH|r4_div_postprocess:POSTPROCESS_UNIT|down_counter:POST_COUNTER|q[3]            ; r4_div_datapath:DATAPATH|r4_div_postprocess:POSTPROCESS_UNIT|down_counter:POST_COUNTER|q[3]            ; clk          ; clk         ; 0.000        ; 0.057      ; 0.674      ;
; 0.480 ; r4_div_datapath:DATAPATH|r4_div_postprocess:POSTPROCESS_UNIT|down_counter:POST_COUNTER|q[2]            ; r4_div_datapath:DATAPATH|r4_div_postprocess:POSTPROCESS_UNIT|down_counter:POST_COUNTER|q[2]            ; clk          ; clk         ; 0.000        ; 0.057      ; 0.681      ;
; 0.480 ; r4_div_datapath:DATAPATH|r4_div_preprocess:PREPROCESS_UNIT|divisor_shift_register:Y_COARSE_REG|q[13]   ; r4_div_datapath:DATAPATH|r4_div_preprocess:PREPROCESS_UNIT|divisor_shift_register:Y_COARSE_REG|q[17]   ; clk          ; clk         ; 0.000        ; 0.057      ; 0.681      ;
; 0.480 ; r4_div_datapath:DATAPATH|r4_div_preprocess:PREPROCESS_UNIT|divisor_shift_register:Y_COARSE_REG|q[20]   ; r4_div_datapath:DATAPATH|r4_div_preprocess:PREPROCESS_UNIT|divisor_shift_register:Y_COARSE_REG|q[24]   ; clk          ; clk         ; 0.000        ; 0.057      ; 0.681      ;
; 0.480 ; r4_div_datapath:DATAPATH|r4_div_preprocess:PREPROCESS_UNIT|divisor_shift_register:Y_COARSE_REG|q[4]    ; r4_div_datapath:DATAPATH|r4_div_preprocess:PREPROCESS_UNIT|divisor_shift_register:Y_COARSE_REG|q[8]    ; clk          ; clk         ; 0.000        ; 0.058      ; 0.682      ;
; 0.481 ; r4_div_datapath:DATAPATH|r4_div_postprocess:POSTPROCESS_UNIT|remainder_shift_register:REM_SH_REG|q[11] ; r4_div_datapath:DATAPATH|r4_div_postprocess:POSTPROCESS_UNIT|remainder_shift_register:REM_SH_REG|q[7]  ; clk          ; clk         ; 0.000        ; 0.057      ; 0.682      ;
; 0.481 ; r4_div_datapath:DATAPATH|r4_div_preprocess:PREPROCESS_UNIT|divisor_shift_register:Y_COARSE_REG|q[9]    ; r4_div_datapath:DATAPATH|r4_div_preprocess:PREPROCESS_UNIT|divisor_shift_register:Y_COARSE_REG|q[13]   ; clk          ; clk         ; 0.000        ; 0.057      ; 0.682      ;
; 0.481 ; r4_div_datapath:DATAPATH|r4_div_preprocess:PREPROCESS_UNIT|divisor_shift_register:Y_COARSE_REG|q[24]   ; r4_div_datapath:DATAPATH|r4_div_preprocess:PREPROCESS_UNIT|divisor_shift_register:Y_COARSE_REG|q[28]   ; clk          ; clk         ; 0.000        ; 0.057      ; 0.682      ;
; 0.481 ; r4_div_datapath:DATAPATH|r4_div_preprocess:PREPROCESS_UNIT|divisor_shift_register:Y_COARSE_REG|q[0]    ; r4_div_datapath:DATAPATH|r4_div_preprocess:PREPROCESS_UNIT|divisor_shift_register:Y_COARSE_REG|q[4]    ; clk          ; clk         ; 0.000        ; 0.058      ; 0.683      ;
; 0.481 ; r4_div_datapath:DATAPATH|r4_div_postprocess:POSTPROCESS_UNIT|remainder_shift_register:REM_SH_REG|q[8]  ; r4_div_datapath:DATAPATH|r4_div_postprocess:POSTPROCESS_UNIT|remainder_shift_register:REM_SH_REG|q[4]  ; clk          ; clk         ; 0.000        ; 0.057      ; 0.682      ;
; 0.481 ; r4_div_datapath:DATAPATH|r4_div_postprocess:POSTPROCESS_UNIT|remainder_shift_register:REM_SH_REG|q[20] ; r4_div_datapath:DATAPATH|r4_div_postprocess:POSTPROCESS_UNIT|remainder_shift_register:REM_SH_REG|q[16] ; clk          ; clk         ; 0.000        ; 0.057      ; 0.682      ;
; 0.481 ; r4_div_datapath:DATAPATH|r4_div_postprocess:POSTPROCESS_UNIT|remainder_shift_register:REM_SH_REG|q[32] ; r4_div_datapath:DATAPATH|r4_div_postprocess:POSTPROCESS_UNIT|remainder_shift_register:REM_SH_REG|q[28] ; clk          ; clk         ; 0.000        ; 0.057      ; 0.682      ;
; 0.481 ; r4_div_datapath:DATAPATH|r4_div_postprocess:POSTPROCESS_UNIT|remainder_shift_register:REM_SH_REG|q[17] ; r4_div_datapath:DATAPATH|r4_div_postprocess:POSTPROCESS_UNIT|remainder_shift_register:REM_SH_REG|q[13] ; clk          ; clk         ; 0.000        ; 0.057      ; 0.682      ;
; 0.481 ; r4_div_datapath:DATAPATH|r4_div_postprocess:POSTPROCESS_UNIT|remainder_shift_register:REM_SH_REG|q[33] ; r4_div_datapath:DATAPATH|r4_div_postprocess:POSTPROCESS_UNIT|remainder_shift_register:REM_SH_REG|q[29] ; clk          ; clk         ; 0.000        ; 0.057      ; 0.682      ;
; 0.482 ; r4_div_datapath:DATAPATH|r4_div_preprocess:PREPROCESS_UNIT|divisor_shift_register:Y_COARSE_REG|q[26]   ; r4_div_datapath:DATAPATH|r4_div_preprocess:PREPROCESS_UNIT|divisor_shift_register:Y_COARSE_REG|q[30]   ; clk          ; clk         ; 0.000        ; 0.057      ; 0.683      ;
; 0.482 ; r4_div_datapath:DATAPATH|r4_div_preprocess:PREPROCESS_UNIT|divisor_shift_register:Y_COARSE_REG|q[11]   ; r4_div_datapath:DATAPATH|r4_div_preprocess:PREPROCESS_UNIT|divisor_shift_register:Y_COARSE_REG|q[15]   ; clk          ; clk         ; 0.000        ; 0.057      ; 0.683      ;
; 0.482 ; r4_div_datapath:DATAPATH|r4_div_preprocess:PREPROCESS_UNIT|divisor_shift_register:Y_COARSE_REG|q[3]    ; r4_div_datapath:DATAPATH|r4_div_preprocess:PREPROCESS_UNIT|divisor_shift_register:Y_COARSE_REG|q[7]    ; clk          ; clk         ; 0.000        ; 0.058      ; 0.684      ;
; 0.482 ; r4_div_datapath:DATAPATH|r4_div_preprocess:PREPROCESS_UNIT|divisor_shift_register:Y_COARSE_REG|q[17]   ; r4_div_datapath:DATAPATH|r4_div_preprocess:PREPROCESS_UNIT|divisor_shift_register:Y_COARSE_REG|q[21]   ; clk          ; clk         ; 0.000        ; 0.057      ; 0.683      ;
; 0.482 ; r4_div_datapath:DATAPATH|r4_div_preprocess:PREPROCESS_UNIT|divisor_shift_register:Y_COARSE_REG|q[1]    ; r4_div_datapath:DATAPATH|r4_div_preprocess:PREPROCESS_UNIT|divisor_shift_register:Y_COARSE_REG|q[5]    ; clk          ; clk         ; 0.000        ; 0.058      ; 0.684      ;
; 0.482 ; r4_div_datapath:DATAPATH|r4_div_preprocess:PREPROCESS_UNIT|divisor_shift_register:Y_COARSE_REG|q[22]   ; r4_div_datapath:DATAPATH|r4_div_preprocess:PREPROCESS_UNIT|divisor_shift_register:Y_COARSE_REG|q[26]   ; clk          ; clk         ; 0.000        ; 0.057      ; 0.683      ;
; 0.482 ; r4_div_datapath:DATAPATH|r4_div_postprocess:POSTPROCESS_UNIT|remainder_shift_register:REM_SH_REG|q[18] ; r4_div_datapath:DATAPATH|r4_div_postprocess:POSTPROCESS_UNIT|remainder_shift_register:REM_SH_REG|q[14] ; clk          ; clk         ; 0.000        ; 0.057      ; 0.683      ;
; 0.482 ; r4_div_datapath:DATAPATH|r4_div_postprocess:POSTPROCESS_UNIT|remainder_shift_register:REM_SH_REG|q[24] ; r4_div_datapath:DATAPATH|r4_div_postprocess:POSTPROCESS_UNIT|remainder_shift_register:REM_SH_REG|q[20] ; clk          ; clk         ; 0.000        ; 0.057      ; 0.683      ;
; 0.483 ; r4_div_datapath:DATAPATH|r4_div_preprocess:PREPROCESS_UNIT|divisor_shift_register:Y_COARSE_REG|q[21]   ; r4_div_datapath:DATAPATH|r4_div_preprocess:PREPROCESS_UNIT|divisor_shift_register:Y_COARSE_REG|q[25]   ; clk          ; clk         ; 0.000        ; 0.057      ; 0.684      ;
; 0.483 ; r4_div_datapath:DATAPATH|r4_div_preprocess:PREPROCESS_UNIT|divisor_shift_register:Y_COARSE_REG|q[18]   ; r4_div_datapath:DATAPATH|r4_div_preprocess:PREPROCESS_UNIT|divisor_shift_register:Y_COARSE_REG|q[22]   ; clk          ; clk         ; 0.000        ; 0.057      ; 0.684      ;
; 0.484 ; r4_div_datapath:DATAPATH|r4_div_postprocess:POSTPROCESS_UNIT|down_counter:POST_COUNTER|q[1]            ; r4_div_datapath:DATAPATH|r4_div_postprocess:POSTPROCESS_UNIT|down_counter:POST_COUNTER|q[1]            ; clk          ; clk         ; 0.000        ; 0.057      ; 0.685      ;
; 0.484 ; r4_div_datapath:DATAPATH|r4_div_preprocess:PREPROCESS_UNIT|divisor_shift_register:Y_COARSE_REG|q[16]   ; r4_div_datapath:DATAPATH|r4_div_preprocess:PREPROCESS_UNIT|divisor_shift_register:Y_COARSE_REG|q[20]   ; clk          ; clk         ; 0.000        ; 0.057      ; 0.685      ;
; 0.484 ; r4_div_datapath:DATAPATH|r4_div_postprocess:POSTPROCESS_UNIT|remainder_shift_register:REM_SH_REG|q[21] ; r4_div_datapath:DATAPATH|r4_div_postprocess:POSTPROCESS_UNIT|remainder_shift_register:REM_SH_REG|q[17] ; clk          ; clk         ; 0.000        ; 0.057      ; 0.685      ;
; 0.485 ; r4_div_datapath:DATAPATH|r4_div_postprocess:POSTPROCESS_UNIT|remainder_shift_register:REM_SH_REG|q[25] ; r4_div_datapath:DATAPATH|r4_div_postprocess:POSTPROCESS_UNIT|remainder_shift_register:REM_SH_REG|q[21] ; clk          ; clk         ; 0.000        ; 0.057      ; 0.686      ;
; 0.489 ; r4_div_datapath:DATAPATH|r4_div_preprocess:PREPROCESS_UNIT|coarse_cycles[0]                            ; r4_div_datapath:DATAPATH|r4_div_preprocess:PREPROCESS_UNIT|coarse_cycles[1]                            ; clk          ; clk         ; 0.000        ; 0.056      ; 0.689      ;
; 0.489 ; r4_div_datapath:DATAPATH|r4_div_postprocess:POSTPROCESS_UNIT|remainder_shift_register:REM_SH_REG|q[26] ; r4_div_datapath:DATAPATH|r4_div_postprocess:POSTPROCESS_UNIT|remainder_shift_register:REM_SH_REG|q[22] ; clk          ; clk         ; 0.000        ; 0.057      ; 0.690      ;
; 0.495 ; r4_div_datapath:DATAPATH|r4_div_core:CORE_UNIT|otfc_block:OTFC|QM[2]                                   ; r4_div_datapath:DATAPATH|r4_div_core:CORE_UNIT|otfc_block:OTFC|QM[4]                                   ; clk          ; clk         ; 0.000        ; 0.070      ; 0.709      ;
; 0.496 ; r4_div_datapath:DATAPATH|r4_div_core:CORE_UNIT|otfc_block:OTFC|QM[22]                                  ; r4_div_datapath:DATAPATH|r4_div_core:CORE_UNIT|otfc_block:OTFC|Q[24]                                   ; clk          ; clk         ; 0.000        ; 0.069      ; 0.709      ;
; 0.496 ; r4_div_datapath:DATAPATH|r4_div_core:CORE_UNIT|otfc_block:OTFC|QM[2]                                   ; r4_div_datapath:DATAPATH|r4_div_core:CORE_UNIT|otfc_block:OTFC|Q[4]                                    ; clk          ; clk         ; 0.000        ; 0.070      ; 0.710      ;
; 0.497 ; r4_div_datapath:DATAPATH|r4_div_core:CORE_UNIT|otfc_block:OTFC|QM[4]                                   ; r4_div_datapath:DATAPATH|r4_div_core:CORE_UNIT|otfc_block:OTFC|Q[6]                                    ; clk          ; clk         ; 0.000        ; 0.070      ; 0.711      ;
; 0.498 ; r4_div_datapath:DATAPATH|r4_div_core:CORE_UNIT|otfc_block:OTFC|QM[24]                                  ; r4_div_datapath:DATAPATH|r4_div_core:CORE_UNIT|otfc_block:OTFC|Q[26]                                   ; clk          ; clk         ; 0.000        ; 0.069      ; 0.711      ;
; 0.500 ; r4_div_datapath:DATAPATH|r4_div_core:CORE_UNIT|otfc_block:OTFC|Q[2]                                    ; r4_div_datapath:DATAPATH|r4_div_core:CORE_UNIT|otfc_block:OTFC|QM[4]                                   ; clk          ; clk         ; 0.000        ; 0.070      ; 0.714      ;
; 0.501 ; r4_div_datapath:DATAPATH|r4_div_core:CORE_UNIT|otfc_block:OTFC|Q[9]                                    ; r4_div_datapath:DATAPATH|r4_div_core:CORE_UNIT|otfc_block:OTFC|QM[11]                                  ; clk          ; clk         ; 0.000        ; 0.070      ; 0.715      ;
; 0.509 ; r4_div_datapath:DATAPATH|r4_div_core:CORE_UNIT|otfc_block:OTFC|QM[29]                                  ; r4_div_datapath:DATAPATH|r4_div_core:CORE_UNIT|otfc_block:OTFC|Q[31]                                   ; clk          ; clk         ; 0.000        ; 0.056      ; 0.709      ;
; 0.510 ; r4_div_datapath:DATAPATH|r4_div_core:CORE_UNIT|otfc_block:OTFC|QM[6]                                   ; r4_div_datapath:DATAPATH|r4_div_core:CORE_UNIT|otfc_block:OTFC|Q[8]                                    ; clk          ; clk         ; 0.000        ; 0.056      ; 0.710      ;
; 0.511 ; input_wrapper:INPUT_UNIT|register:REG_Y|q[1]                                                           ; r4_div_datapath:DATAPATH|r4_div_preprocess:PREPROCESS_UNIT|divisor_shift_register:Y_COARSE_REG|q[1]    ; clk          ; clk         ; 0.000        ; 0.058      ; 0.713      ;
; 0.511 ; r4_div_datapath:DATAPATH|r4_div_core:CORE_UNIT|otfc_block:OTFC|QM[6]                                   ; r4_div_datapath:DATAPATH|r4_div_core:CORE_UNIT|otfc_block:OTFC|QM[8]                                   ; clk          ; clk         ; 0.000        ; 0.056      ; 0.711      ;
; 0.513 ; input_wrapper:INPUT_UNIT|register:REG_Y|q[3]                                                           ; r4_div_datapath:DATAPATH|r4_div_preprocess:PREPROCESS_UNIT|divisor_shift_register:Y_COARSE_REG|q[3]    ; clk          ; clk         ; 0.000        ; 0.058      ; 0.715      ;
; 0.513 ; input_wrapper:INPUT_UNIT|register:REG_Y|q[0]                                                           ; r4_div_datapath:DATAPATH|r4_div_preprocess:PREPROCESS_UNIT|divisor_shift_register:Y_COARSE_REG|q[0]    ; clk          ; clk         ; 0.000        ; 0.058      ; 0.715      ;
; 0.515 ; input_wrapper:INPUT_UNIT|register:REG_Y|q[2]                                                           ; r4_div_datapath:DATAPATH|r4_div_preprocess:PREPROCESS_UNIT|divisor_shift_register:Y_COARSE_REG|q[2]    ; clk          ; clk         ; 0.000        ; 0.058      ; 0.717      ;
; 0.517 ; r4_div_datapath:DATAPATH|r4_div_core:CORE_UNIT|otfc_block:OTFC|QM[21]                                  ; r4_div_datapath:DATAPATH|r4_div_core:CORE_UNIT|otfc_block:OTFC|Q[23]                                   ; clk          ; clk         ; 0.000        ; 0.372      ; 1.033      ;
; 0.517 ; r4_div_datapath:DATAPATH|r4_div_core:CORE_UNIT|otfc_block:OTFC|QM[21]                                  ; r4_div_datapath:DATAPATH|r4_div_core:CORE_UNIT|otfc_block:OTFC|QM[23]                                  ; clk          ; clk         ; 0.000        ; 0.372      ; 1.033      ;
; 0.522 ; r4_div_datapath:DATAPATH|r4_div_core:CORE_UNIT|otfc_block:OTFC|Q[25]                                   ; r4_div_datapath:DATAPATH|r4_div_core:CORE_UNIT|otfc_block:OTFC|QM[27]                                  ; clk          ; clk         ; 0.000        ; 0.056      ; 0.722      ;
; 0.523 ; r4_div_datapath:DATAPATH|r4_div_core:CORE_UNIT|otfc_block:OTFC|Q[28]                                   ; r4_div_datapath:DATAPATH|r4_div_core:CORE_UNIT|otfc_block:OTFC|QM[30]                                  ; clk          ; clk         ; 0.000        ; 0.056      ; 0.723      ;
; 0.523 ; r4_div_datapath:DATAPATH|r4_div_core:CORE_UNIT|otfc_block:OTFC|QM[12]                                  ; r4_div_datapath:DATAPATH|r4_div_core:CORE_UNIT|otfc_block:OTFC|Q[14]                                   ; clk          ; clk         ; 0.000        ; 0.400      ; 1.067      ;
; 0.527 ; input_wrapper:INPUT_UNIT|register:REG_Y|q[25]                                                          ; r4_div_datapath:DATAPATH|r4_div_preprocess:PREPROCESS_UNIT|divisor_shift_register:Y_COARSE_REG|q[25]   ; clk          ; clk         ; 0.000        ; 0.057      ; 0.728      ;
; 0.528 ; input_wrapper:INPUT_UNIT|register:REG_Y|q[17]                                                          ; r4_div_datapath:DATAPATH|r4_div_preprocess:PREPROCESS_UNIT|divisor_shift_register:Y_COARSE_REG|q[17]   ; clk          ; clk         ; 0.000        ; 0.057      ; 0.729      ;
; 0.528 ; r4_div_datapath:DATAPATH|r4_div_core:CORE_UNIT|otfc_block:OTFC|QM[22]                                  ; r4_div_datapath:DATAPATH|r4_div_core:CORE_UNIT|otfc_block:OTFC|QM[24]                                  ; clk          ; clk         ; 0.000        ; 0.069      ; 0.741      ;
; 0.528 ; r4_div_datapath:DATAPATH|r4_div_core:CORE_UNIT|otfc_block:OTFC|Q[24]                                   ; r4_div_datapath:DATAPATH|r4_div_core:CORE_UNIT|otfc_block:OTFC|Q[26]                                   ; clk          ; clk         ; 0.000        ; 0.069      ; 0.741      ;
; 0.530 ; r4_div_datapath:DATAPATH|r4_div_core:CORE_UNIT|otfc_block:OTFC|QM[26]                                  ; r4_div_datapath:DATAPATH|r4_div_core:CORE_UNIT|otfc_block:OTFC|QM[28]                                  ; clk          ; clk         ; 0.000        ; 0.069      ; 0.743      ;
; 0.530 ; r4_div_datapath:DATAPATH|r4_div_core:CORE_UNIT|otfc_block:OTFC|QM[10]                                  ; r4_div_datapath:DATAPATH|r4_div_core:CORE_UNIT|otfc_block:OTFC|Q[12]                                   ; clk          ; clk         ; 0.000        ; 0.400      ; 1.074      ;
; 0.531 ; r4_div_datapath:DATAPATH|r4_div_core:CORE_UNIT|otfc_block:OTFC|Q[2]                                    ; r4_div_datapath:DATAPATH|r4_div_core:CORE_UNIT|otfc_block:OTFC|Q[4]                                    ; clk          ; clk         ; 0.000        ; 0.070      ; 0.745      ;
; 0.532 ; r4_div_datapath:DATAPATH|r4_div_core:CORE_UNIT|otfc_block:OTFC|QM[13]                                  ; r4_div_datapath:DATAPATH|r4_div_core:CORE_UNIT|otfc_block:OTFC|QM[15]                                  ; clk          ; clk         ; 0.000        ; 0.070      ; 0.746      ;
; 0.532 ; r4_div_datapath:DATAPATH|r4_div_core:CORE_UNIT|otfc_block:OTFC|QM[18]                                  ; r4_div_datapath:DATAPATH|r4_div_core:CORE_UNIT|otfc_block:OTFC|QM[20]                                  ; clk          ; clk         ; 0.000        ; 0.070      ; 0.746      ;
; 0.533 ; r4_div_datapath:DATAPATH|r4_div_core:CORE_UNIT|otfc_block:OTFC|Q[15]                                   ; r4_div_datapath:DATAPATH|r4_div_core:CORE_UNIT|otfc_block:OTFC|Q[17]                                   ; clk          ; clk         ; 0.000        ; 0.070      ; 0.747      ;
; 0.533 ; r4_div_datapath:DATAPATH|r4_div_core:CORE_UNIT|otfc_block:OTFC|QM[24]                                  ; r4_div_datapath:DATAPATH|r4_div_core:CORE_UNIT|otfc_block:OTFC|QM[26]                                  ; clk          ; clk         ; 0.000        ; 0.069      ; 0.746      ;
; 0.535 ; r4_div_datapath:DATAPATH|r4_div_core:CORE_UNIT|otfc_block:OTFC|Q[12]                                   ; r4_div_datapath:DATAPATH|r4_div_core:CORE_UNIT|otfc_block:OTFC|Q[14]                                   ; clk          ; clk         ; 0.000        ; 0.070      ; 0.749      ;
; 0.536 ; r4_div_datapath:DATAPATH|r4_div_core:CORE_UNIT|otfc_block:OTFC|QM[15]                                  ; r4_div_datapath:DATAPATH|r4_div_core:CORE_UNIT|otfc_block:OTFC|QM[17]                                  ; clk          ; clk         ; 0.000        ; 0.070      ; 0.750      ;
; 0.542 ; input_wrapper:INPUT_UNIT|register:REG_Y|q[8]                                                           ; r4_div_datapath:DATAPATH|r4_div_preprocess:PREPROCESS_UNIT|divisor_shift_register:Y_COARSE_REG|q[8]    ; clk          ; clk         ; 0.000        ; 0.058      ; 0.744      ;
; 0.542 ; r4_div_datapath:DATAPATH|r4_div_core:CORE_UNIT|otfc_block:OTFC|QM[29]                                  ; r4_div_datapath:DATAPATH|r4_div_core:CORE_UNIT|otfc_block:OTFC|QM[31]                                  ; clk          ; clk         ; 0.000        ; 0.056      ; 0.742      ;
; 0.544 ; input_wrapper:INPUT_UNIT|register:REG_Y|q[7]                                                           ; r4_div_datapath:DATAPATH|r4_div_preprocess:PREPROCESS_UNIT|divisor_shift_register:Y_COARSE_REG|q[7]    ; clk          ; clk         ; 0.000        ; 0.058      ; 0.746      ;
; 0.544 ; input_wrapper:INPUT_UNIT|register:REG_Y|q[18]                                                          ; r4_div_datapath:DATAPATH|r4_div_preprocess:PREPROCESS_UNIT|divisor_shift_register:Y_COARSE_REG|q[18]   ; clk          ; clk         ; 0.000        ; 0.057      ; 0.745      ;
; 0.545 ; r4_div_datapath:DATAPATH|r4_div_core:CORE_UNIT|otfc_block:OTFC|Q[8]                                    ; r4_div_datapath:DATAPATH|r4_div_core:CORE_UNIT|otfc_block:OTFC|Q[10]                                   ; clk          ; clk         ; 0.000        ; 0.390      ; 1.079      ;
; 0.547 ; r4_div_datapath:DATAPATH|r4_div_core:CORE_UNIT|otfc_block:OTFC|Q[18]                                   ; r4_div_datapath:DATAPATH|r4_div_core:CORE_UNIT|otfc_block:OTFC|Q[20]                                   ; clk          ; clk         ; 0.000        ; 0.057      ; 0.748      ;
; 0.548 ; input_wrapper:INPUT_UNIT|register:REG_Y|q[6]                                                           ; r4_div_datapath:DATAPATH|r4_div_preprocess:PREPROCESS_UNIT|divisor_shift_register:Y_COARSE_REG|q[6]    ; clk          ; clk         ; 0.000        ; 0.057      ; 0.749      ;
; 0.548 ; r4_div_datapath:DATAPATH|r4_div_core:CORE_UNIT|otfc_block:OTFC|QM[3]                                   ; r4_div_datapath:DATAPATH|r4_div_core:CORE_UNIT|otfc_block:OTFC|QM[5]                                   ; clk          ; clk         ; 0.000        ; 0.070      ; 0.762      ;
; 0.550 ; r4_div_controller:CONTROLLER|current_state.PREPROCESS                                                  ; r4_div_controller:CONTROLLER|current_state.LOAD_NORM                                                   ; clk          ; clk         ; 0.000        ; 0.057      ; 0.751      ;
; 0.550 ; input_wrapper:INPUT_UNIT|register:REG_Y|q[10]                                                          ; r4_div_datapath:DATAPATH|r4_div_preprocess:PREPROCESS_UNIT|divisor_shift_register:Y_COARSE_REG|q[10]   ; clk          ; clk         ; 0.000        ; 0.057      ; 0.751      ;
+-------+--------------------------------------------------------------------------------------------------------+--------------------------------------------------------------------------------------------------------+--------------+-------------+--------------+------------+------------+


----------------------------------------------
; Slow 1200mV 0C Model Metastability Summary ;
----------------------------------------------
No synchronizer chains to report.


+------------------------------------+
; Fast 1200mV 0C Model Setup Summary ;
+-------+--------+-------------------+
; Clock ; Slack  ; End Point TNS     ;
+-------+--------+-------------------+
; clk   ; -3.173 ; -549.859          ;
+-------+--------+-------------------+


+-----------------------------------+
; Fast 1200mV 0C Model Hold Summary ;
+-------+-------+-------------------+
; Clock ; Slack ; End Point TNS     ;
+-------+-------+-------------------+
; clk   ; 0.132 ; 0.000             ;
+-------+-------+-------------------+


-----------------------------------------
; Fast 1200mV 0C Model Recovery Summary ;
-----------------------------------------
No paths to report.


----------------------------------------
; Fast 1200mV 0C Model Removal Summary ;
----------------------------------------
No paths to report.


+--------------------------------------------------+
; Fast 1200mV 0C Model Minimum Pulse Width Summary ;
+-------+--------+---------------------------------+
; Clock ; Slack  ; End Point TNS                   ;
+-------+--------+---------------------------------+
; clk   ; -3.000 ; -350.994                        ;
+-------+--------+---------------------------------+


+-----------------------------------------------------------------------------------------------------------------------------------------------------------------------------------------------------------------------------+
; Fast 1200mV 0C Model Setup: 'clk'                                                                                                                                                                                           ;
+--------+----------------------------------------------------------------------+-----------------------------------------------------------------------+--------------+-------------+--------------+------------+------------+
; Slack  ; From Node                                                            ; To Node                                                               ; Launch Clock ; Latch Clock ; Relationship ; Clock Skew ; Data Delay ;
+--------+----------------------------------------------------------------------+-----------------------------------------------------------------------+--------------+-------------+--------------+------------+------------+
; -3.173 ; r4_div_datapath:DATAPATH|r4_div_core:CORE_UNIT|register:REG_WS|q[30] ; r4_div_datapath:DATAPATH|r4_div_core:CORE_UNIT|otfc_block:OTFC|Q[31]  ; clk          ; clk         ; 1.000        ; -0.053     ; 4.107      ;
; -3.173 ; r4_div_datapath:DATAPATH|r4_div_core:CORE_UNIT|register:REG_WS|q[30] ; r4_div_datapath:DATAPATH|r4_div_core:CORE_UNIT|otfc_block:OTFC|QM[31] ; clk          ; clk         ; 1.000        ; -0.053     ; 4.107      ;
; -3.173 ; r4_div_datapath:DATAPATH|r4_div_core:CORE_UNIT|register:REG_WS|q[30] ; r4_div_datapath:DATAPATH|r4_div_core:CORE_UNIT|otfc_block:OTFC|QM[29] ; clk          ; clk         ; 1.000        ; -0.053     ; 4.107      ;
; -3.173 ; r4_div_datapath:DATAPATH|r4_div_core:CORE_UNIT|register:REG_WS|q[30] ; r4_div_datapath:DATAPATH|r4_div_core:CORE_UNIT|otfc_block:OTFC|Q[29]  ; clk          ; clk         ; 1.000        ; -0.053     ; 4.107      ;
; -3.173 ; r4_div_datapath:DATAPATH|r4_div_core:CORE_UNIT|register:REG_WS|q[30] ; r4_div_datapath:DATAPATH|r4_div_core:CORE_UNIT|otfc_block:OTFC|QM[27] ; clk          ; clk         ; 1.000        ; -0.053     ; 4.107      ;
; -3.173 ; r4_div_datapath:DATAPATH|r4_div_core:CORE_UNIT|register:REG_WS|q[30] ; r4_div_datapath:DATAPATH|r4_div_core:CORE_UNIT|otfc_block:OTFC|Q[25]  ; clk          ; clk         ; 1.000        ; -0.053     ; 4.107      ;
; -3.171 ; r4_div_datapath:DATAPATH|r4_div_core:CORE_UNIT|register:REG_WS|q[30] ; r4_div_datapath:DATAPATH|r4_div_core:CORE_UNIT|otfc_block:OTFC|Q[30]  ; clk          ; clk         ; 1.000        ; -0.048     ; 4.110      ;
; -3.171 ; r4_div_datapath:DATAPATH|r4_div_core:CORE_UNIT|register:REG_WS|q[30] ; r4_div_datapath:DATAPATH|r4_div_core:CORE_UNIT|otfc_block:OTFC|QM[30] ; clk          ; clk         ; 1.000        ; -0.048     ; 4.110      ;
; -3.171 ; r4_div_datapath:DATAPATH|r4_div_core:CORE_UNIT|register:REG_WS|q[30] ; r4_div_datapath:DATAPATH|r4_div_core:CORE_UNIT|otfc_block:OTFC|Q[28]  ; clk          ; clk         ; 1.000        ; -0.048     ; 4.110      ;
; -3.166 ; r4_div_datapath:DATAPATH|r4_div_core:CORE_UNIT|register:REG_WS|q[30] ; r4_div_datapath:DATAPATH|r4_div_core:CORE_UNIT|otfc_block:OTFC|QM[14] ; clk          ; clk         ; 1.000        ; -0.047     ; 4.106      ;
; -3.166 ; r4_div_datapath:DATAPATH|r4_div_core:CORE_UNIT|register:REG_WS|q[30] ; r4_div_datapath:DATAPATH|r4_div_core:CORE_UNIT|otfc_block:OTFC|QM[12] ; clk          ; clk         ; 1.000        ; -0.047     ; 4.106      ;
; -3.166 ; r4_div_datapath:DATAPATH|r4_div_core:CORE_UNIT|register:REG_WS|q[30] ; r4_div_datapath:DATAPATH|r4_div_core:CORE_UNIT|otfc_block:OTFC|QM[10] ; clk          ; clk         ; 1.000        ; -0.047     ; 4.106      ;
; -3.126 ; r4_div_datapath:DATAPATH|r4_div_core:CORE_UNIT|register:REG_WC|q[31] ; r4_div_datapath:DATAPATH|r4_div_core:CORE_UNIT|otfc_block:OTFC|Q[31]  ; clk          ; clk         ; 1.000        ; -0.053     ; 4.060      ;
; -3.126 ; r4_div_datapath:DATAPATH|r4_div_core:CORE_UNIT|register:REG_WC|q[31] ; r4_div_datapath:DATAPATH|r4_div_core:CORE_UNIT|otfc_block:OTFC|QM[31] ; clk          ; clk         ; 1.000        ; -0.053     ; 4.060      ;
; -3.126 ; r4_div_datapath:DATAPATH|r4_div_core:CORE_UNIT|register:REG_WC|q[31] ; r4_div_datapath:DATAPATH|r4_div_core:CORE_UNIT|otfc_block:OTFC|QM[29] ; clk          ; clk         ; 1.000        ; -0.053     ; 4.060      ;
; -3.126 ; r4_div_datapath:DATAPATH|r4_div_core:CORE_UNIT|register:REG_WC|q[31] ; r4_div_datapath:DATAPATH|r4_div_core:CORE_UNIT|otfc_block:OTFC|Q[29]  ; clk          ; clk         ; 1.000        ; -0.053     ; 4.060      ;
; -3.126 ; r4_div_datapath:DATAPATH|r4_div_core:CORE_UNIT|register:REG_WC|q[31] ; r4_div_datapath:DATAPATH|r4_div_core:CORE_UNIT|otfc_block:OTFC|QM[27] ; clk          ; clk         ; 1.000        ; -0.053     ; 4.060      ;
; -3.126 ; r4_div_datapath:DATAPATH|r4_div_core:CORE_UNIT|register:REG_WC|q[31] ; r4_div_datapath:DATAPATH|r4_div_core:CORE_UNIT|otfc_block:OTFC|Q[25]  ; clk          ; clk         ; 1.000        ; -0.053     ; 4.060      ;
; -3.124 ; r4_div_datapath:DATAPATH|r4_div_core:CORE_UNIT|register:REG_WC|q[31] ; r4_div_datapath:DATAPATH|r4_div_core:CORE_UNIT|otfc_block:OTFC|Q[30]  ; clk          ; clk         ; 1.000        ; -0.048     ; 4.063      ;
; -3.124 ; r4_div_datapath:DATAPATH|r4_div_core:CORE_UNIT|register:REG_WC|q[31] ; r4_div_datapath:DATAPATH|r4_div_core:CORE_UNIT|otfc_block:OTFC|QM[30] ; clk          ; clk         ; 1.000        ; -0.048     ; 4.063      ;
; -3.124 ; r4_div_datapath:DATAPATH|r4_div_core:CORE_UNIT|register:REG_WC|q[31] ; r4_div_datapath:DATAPATH|r4_div_core:CORE_UNIT|otfc_block:OTFC|Q[28]  ; clk          ; clk         ; 1.000        ; -0.048     ; 4.063      ;
; -3.119 ; r4_div_datapath:DATAPATH|r4_div_core:CORE_UNIT|register:REG_WC|q[31] ; r4_div_datapath:DATAPATH|r4_div_core:CORE_UNIT|otfc_block:OTFC|QM[14] ; clk          ; clk         ; 1.000        ; -0.047     ; 4.059      ;
; -3.119 ; r4_div_datapath:DATAPATH|r4_div_core:CORE_UNIT|register:REG_WC|q[31] ; r4_div_datapath:DATAPATH|r4_div_core:CORE_UNIT|otfc_block:OTFC|QM[12] ; clk          ; clk         ; 1.000        ; -0.047     ; 4.059      ;
; -3.119 ; r4_div_datapath:DATAPATH|r4_div_core:CORE_UNIT|register:REG_WC|q[31] ; r4_div_datapath:DATAPATH|r4_div_core:CORE_UNIT|otfc_block:OTFC|QM[10] ; clk          ; clk         ; 1.000        ; -0.047     ; 4.059      ;
; -3.092 ; r4_div_datapath:DATAPATH|r4_div_core:CORE_UNIT|register:REG_WS|q[30] ; r4_div_datapath:DATAPATH|r4_div_core:CORE_UNIT|register:REG_WS|q[30]  ; clk          ; clk         ; 1.000        ; -0.037     ; 4.042      ;
; -3.065 ; r4_div_datapath:DATAPATH|r4_div_core:CORE_UNIT|register:REG_WC|q[30] ; r4_div_datapath:DATAPATH|r4_div_core:CORE_UNIT|otfc_block:OTFC|Q[31]  ; clk          ; clk         ; 1.000        ; -0.061     ; 3.991      ;
; -3.065 ; r4_div_datapath:DATAPATH|r4_div_core:CORE_UNIT|register:REG_WC|q[30] ; r4_div_datapath:DATAPATH|r4_div_core:CORE_UNIT|otfc_block:OTFC|QM[31] ; clk          ; clk         ; 1.000        ; -0.061     ; 3.991      ;
; -3.065 ; r4_div_datapath:DATAPATH|r4_div_core:CORE_UNIT|register:REG_WC|q[30] ; r4_div_datapath:DATAPATH|r4_div_core:CORE_UNIT|otfc_block:OTFC|QM[29] ; clk          ; clk         ; 1.000        ; -0.061     ; 3.991      ;
; -3.065 ; r4_div_datapath:DATAPATH|r4_div_core:CORE_UNIT|register:REG_WC|q[30] ; r4_div_datapath:DATAPATH|r4_div_core:CORE_UNIT|otfc_block:OTFC|Q[29]  ; clk          ; clk         ; 1.000        ; -0.061     ; 3.991      ;
; -3.065 ; r4_div_datapath:DATAPATH|r4_div_core:CORE_UNIT|register:REG_WC|q[30] ; r4_div_datapath:DATAPATH|r4_div_core:CORE_UNIT|otfc_block:OTFC|QM[27] ; clk          ; clk         ; 1.000        ; -0.061     ; 3.991      ;
; -3.065 ; r4_div_datapath:DATAPATH|r4_div_core:CORE_UNIT|register:REG_WC|q[30] ; r4_div_datapath:DATAPATH|r4_div_core:CORE_UNIT|otfc_block:OTFC|Q[25]  ; clk          ; clk         ; 1.000        ; -0.061     ; 3.991      ;
; -3.063 ; r4_div_datapath:DATAPATH|r4_div_core:CORE_UNIT|register:REG_WC|q[30] ; r4_div_datapath:DATAPATH|r4_div_core:CORE_UNIT|otfc_block:OTFC|Q[30]  ; clk          ; clk         ; 1.000        ; -0.056     ; 3.994      ;
; -3.063 ; r4_div_datapath:DATAPATH|r4_div_core:CORE_UNIT|register:REG_WC|q[30] ; r4_div_datapath:DATAPATH|r4_div_core:CORE_UNIT|otfc_block:OTFC|QM[30] ; clk          ; clk         ; 1.000        ; -0.056     ; 3.994      ;
; -3.063 ; r4_div_datapath:DATAPATH|r4_div_core:CORE_UNIT|register:REG_WC|q[30] ; r4_div_datapath:DATAPATH|r4_div_core:CORE_UNIT|otfc_block:OTFC|Q[28]  ; clk          ; clk         ; 1.000        ; -0.056     ; 3.994      ;
; -3.058 ; r4_div_datapath:DATAPATH|r4_div_core:CORE_UNIT|register:REG_WC|q[30] ; r4_div_datapath:DATAPATH|r4_div_core:CORE_UNIT|otfc_block:OTFC|QM[14] ; clk          ; clk         ; 1.000        ; -0.055     ; 3.990      ;
; -3.058 ; r4_div_datapath:DATAPATH|r4_div_core:CORE_UNIT|register:REG_WC|q[30] ; r4_div_datapath:DATAPATH|r4_div_core:CORE_UNIT|otfc_block:OTFC|QM[12] ; clk          ; clk         ; 1.000        ; -0.055     ; 3.990      ;
; -3.058 ; r4_div_datapath:DATAPATH|r4_div_core:CORE_UNIT|register:REG_WC|q[30] ; r4_div_datapath:DATAPATH|r4_div_core:CORE_UNIT|otfc_block:OTFC|QM[10] ; clk          ; clk         ; 1.000        ; -0.055     ; 3.990      ;
; -3.052 ; r4_div_datapath:DATAPATH|r4_div_core:CORE_UNIT|register:REG_WS|q[30] ; r4_div_datapath:DATAPATH|r4_div_core:CORE_UNIT|otfc_block:OTFC|Q[8]   ; clk          ; clk         ; 1.000        ; -0.046     ; 3.993      ;
; -3.045 ; r4_div_datapath:DATAPATH|r4_div_core:CORE_UNIT|register:REG_WC|q[31] ; r4_div_datapath:DATAPATH|r4_div_core:CORE_UNIT|register:REG_WS|q[30]  ; clk          ; clk         ; 1.000        ; -0.037     ; 3.995      ;
; -3.038 ; r4_div_datapath:DATAPATH|r4_div_core:CORE_UNIT|register:REG_WS|q[30] ; r4_div_datapath:DATAPATH|r4_div_core:CORE_UNIT|otfc_block:OTFC|QM[6]  ; clk          ; clk         ; 1.000        ; -0.046     ; 3.979      ;
; -3.035 ; r4_div_datapath:DATAPATH|r4_div_core:CORE_UNIT|register:REG_WS|q[30] ; r4_div_datapath:DATAPATH|r4_div_core:CORE_UNIT|otfc_block:OTFC|QM[8]  ; clk          ; clk         ; 1.000        ; -0.046     ; 3.976      ;
; -3.026 ; r4_div_datapath:DATAPATH|r4_div_core:CORE_UNIT|register:REG_WS|q[30] ; r4_div_datapath:DATAPATH|r4_div_core:CORE_UNIT|register:REG_WC|q[31]  ; clk          ; clk         ; 1.000        ; -0.037     ; 3.976      ;
; -3.019 ; r4_div_datapath:DATAPATH|r4_div_core:CORE_UNIT|register:REG_WS|q[29] ; r4_div_datapath:DATAPATH|r4_div_core:CORE_UNIT|otfc_block:OTFC|Q[31]  ; clk          ; clk         ; 1.000        ; -0.061     ; 3.945      ;
; -3.019 ; r4_div_datapath:DATAPATH|r4_div_core:CORE_UNIT|register:REG_WS|q[29] ; r4_div_datapath:DATAPATH|r4_div_core:CORE_UNIT|otfc_block:OTFC|QM[31] ; clk          ; clk         ; 1.000        ; -0.061     ; 3.945      ;
; -3.019 ; r4_div_datapath:DATAPATH|r4_div_core:CORE_UNIT|register:REG_WS|q[29] ; r4_div_datapath:DATAPATH|r4_div_core:CORE_UNIT|otfc_block:OTFC|QM[29] ; clk          ; clk         ; 1.000        ; -0.061     ; 3.945      ;
; -3.019 ; r4_div_datapath:DATAPATH|r4_div_core:CORE_UNIT|register:REG_WS|q[29] ; r4_div_datapath:DATAPATH|r4_div_core:CORE_UNIT|otfc_block:OTFC|Q[29]  ; clk          ; clk         ; 1.000        ; -0.061     ; 3.945      ;
; -3.019 ; r4_div_datapath:DATAPATH|r4_div_core:CORE_UNIT|register:REG_WS|q[29] ; r4_div_datapath:DATAPATH|r4_div_core:CORE_UNIT|otfc_block:OTFC|QM[27] ; clk          ; clk         ; 1.000        ; -0.061     ; 3.945      ;
; -3.019 ; r4_div_datapath:DATAPATH|r4_div_core:CORE_UNIT|register:REG_WS|q[29] ; r4_div_datapath:DATAPATH|r4_div_core:CORE_UNIT|otfc_block:OTFC|Q[25]  ; clk          ; clk         ; 1.000        ; -0.061     ; 3.945      ;
; -3.017 ; r4_div_datapath:DATAPATH|r4_div_core:CORE_UNIT|register:REG_WS|q[29] ; r4_div_datapath:DATAPATH|r4_div_core:CORE_UNIT|otfc_block:OTFC|Q[30]  ; clk          ; clk         ; 1.000        ; -0.056     ; 3.948      ;
; -3.017 ; r4_div_datapath:DATAPATH|r4_div_core:CORE_UNIT|register:REG_WS|q[29] ; r4_div_datapath:DATAPATH|r4_div_core:CORE_UNIT|otfc_block:OTFC|QM[30] ; clk          ; clk         ; 1.000        ; -0.056     ; 3.948      ;
; -3.017 ; r4_div_datapath:DATAPATH|r4_div_core:CORE_UNIT|register:REG_WS|q[29] ; r4_div_datapath:DATAPATH|r4_div_core:CORE_UNIT|otfc_block:OTFC|Q[28]  ; clk          ; clk         ; 1.000        ; -0.056     ; 3.948      ;
; -3.017 ; r4_div_datapath:DATAPATH|r4_div_core:CORE_UNIT|register:REG_WC|q[29] ; r4_div_datapath:DATAPATH|r4_div_core:CORE_UNIT|otfc_block:OTFC|Q[31]  ; clk          ; clk         ; 1.000        ; -0.061     ; 3.943      ;
; -3.017 ; r4_div_datapath:DATAPATH|r4_div_core:CORE_UNIT|register:REG_WC|q[29] ; r4_div_datapath:DATAPATH|r4_div_core:CORE_UNIT|otfc_block:OTFC|QM[31] ; clk          ; clk         ; 1.000        ; -0.061     ; 3.943      ;
; -3.017 ; r4_div_datapath:DATAPATH|r4_div_core:CORE_UNIT|register:REG_WC|q[29] ; r4_div_datapath:DATAPATH|r4_div_core:CORE_UNIT|otfc_block:OTFC|QM[29] ; clk          ; clk         ; 1.000        ; -0.061     ; 3.943      ;
; -3.017 ; r4_div_datapath:DATAPATH|r4_div_core:CORE_UNIT|register:REG_WC|q[29] ; r4_div_datapath:DATAPATH|r4_div_core:CORE_UNIT|otfc_block:OTFC|Q[29]  ; clk          ; clk         ; 1.000        ; -0.061     ; 3.943      ;
; -3.017 ; r4_div_datapath:DATAPATH|r4_div_core:CORE_UNIT|register:REG_WC|q[29] ; r4_div_datapath:DATAPATH|r4_div_core:CORE_UNIT|otfc_block:OTFC|QM[27] ; clk          ; clk         ; 1.000        ; -0.061     ; 3.943      ;
; -3.017 ; r4_div_datapath:DATAPATH|r4_div_core:CORE_UNIT|register:REG_WC|q[29] ; r4_div_datapath:DATAPATH|r4_div_core:CORE_UNIT|otfc_block:OTFC|Q[25]  ; clk          ; clk         ; 1.000        ; -0.061     ; 3.943      ;
; -3.016 ; r4_div_datapath:DATAPATH|r4_div_core:CORE_UNIT|register:REG_WS|q[30] ; r4_div_datapath:DATAPATH|r4_div_core:CORE_UNIT|otfc_block:OTFC|Q[22]  ; clk          ; clk         ; 1.000        ; -0.041     ; 3.962      ;
; -3.016 ; r4_div_datapath:DATAPATH|r4_div_core:CORE_UNIT|register:REG_WS|q[30] ; r4_div_datapath:DATAPATH|r4_div_core:CORE_UNIT|otfc_block:OTFC|Q[20]  ; clk          ; clk         ; 1.000        ; -0.041     ; 3.962      ;
; -3.016 ; r4_div_datapath:DATAPATH|r4_div_core:CORE_UNIT|register:REG_WS|q[30] ; r4_div_datapath:DATAPATH|r4_div_core:CORE_UNIT|otfc_block:OTFC|Q[18]  ; clk          ; clk         ; 1.000        ; -0.041     ; 3.962      ;
; -3.016 ; r4_div_datapath:DATAPATH|r4_div_core:CORE_UNIT|register:REG_WS|q[30] ; r4_div_datapath:DATAPATH|r4_div_core:CORE_UNIT|otfc_block:OTFC|Q[19]  ; clk          ; clk         ; 1.000        ; -0.041     ; 3.962      ;
; -3.015 ; r4_div_datapath:DATAPATH|r4_div_core:CORE_UNIT|register:REG_WC|q[29] ; r4_div_datapath:DATAPATH|r4_div_core:CORE_UNIT|otfc_block:OTFC|Q[30]  ; clk          ; clk         ; 1.000        ; -0.056     ; 3.946      ;
; -3.015 ; r4_div_datapath:DATAPATH|r4_div_core:CORE_UNIT|register:REG_WC|q[29] ; r4_div_datapath:DATAPATH|r4_div_core:CORE_UNIT|otfc_block:OTFC|QM[30] ; clk          ; clk         ; 1.000        ; -0.056     ; 3.946      ;
; -3.015 ; r4_div_datapath:DATAPATH|r4_div_core:CORE_UNIT|register:REG_WC|q[29] ; r4_div_datapath:DATAPATH|r4_div_core:CORE_UNIT|otfc_block:OTFC|Q[28]  ; clk          ; clk         ; 1.000        ; -0.056     ; 3.946      ;
; -3.012 ; r4_div_datapath:DATAPATH|r4_div_core:CORE_UNIT|register:REG_WS|q[29] ; r4_div_datapath:DATAPATH|r4_div_core:CORE_UNIT|otfc_block:OTFC|QM[14] ; clk          ; clk         ; 1.000        ; -0.055     ; 3.944      ;
; -3.012 ; r4_div_datapath:DATAPATH|r4_div_core:CORE_UNIT|register:REG_WS|q[29] ; r4_div_datapath:DATAPATH|r4_div_core:CORE_UNIT|otfc_block:OTFC|QM[12] ; clk          ; clk         ; 1.000        ; -0.055     ; 3.944      ;
; -3.012 ; r4_div_datapath:DATAPATH|r4_div_core:CORE_UNIT|register:REG_WS|q[29] ; r4_div_datapath:DATAPATH|r4_div_core:CORE_UNIT|otfc_block:OTFC|QM[10] ; clk          ; clk         ; 1.000        ; -0.055     ; 3.944      ;
; -3.010 ; r4_div_datapath:DATAPATH|r4_div_core:CORE_UNIT|register:REG_WC|q[29] ; r4_div_datapath:DATAPATH|r4_div_core:CORE_UNIT|otfc_block:OTFC|QM[14] ; clk          ; clk         ; 1.000        ; -0.055     ; 3.942      ;
; -3.010 ; r4_div_datapath:DATAPATH|r4_div_core:CORE_UNIT|register:REG_WC|q[29] ; r4_div_datapath:DATAPATH|r4_div_core:CORE_UNIT|otfc_block:OTFC|QM[12] ; clk          ; clk         ; 1.000        ; -0.055     ; 3.942      ;
; -3.010 ; r4_div_datapath:DATAPATH|r4_div_core:CORE_UNIT|register:REG_WC|q[29] ; r4_div_datapath:DATAPATH|r4_div_core:CORE_UNIT|otfc_block:OTFC|QM[10] ; clk          ; clk         ; 1.000        ; -0.055     ; 3.942      ;
; -3.005 ; r4_div_datapath:DATAPATH|r4_div_core:CORE_UNIT|register:REG_WC|q[31] ; r4_div_datapath:DATAPATH|r4_div_core:CORE_UNIT|otfc_block:OTFC|Q[8]   ; clk          ; clk         ; 1.000        ; -0.046     ; 3.946      ;
; -3.004 ; r4_div_datapath:DATAPATH|r4_div_core:CORE_UNIT|register:REG_WS|q[32] ; r4_div_datapath:DATAPATH|r4_div_core:CORE_UNIT|otfc_block:OTFC|Q[31]  ; clk          ; clk         ; 1.000        ; -0.060     ; 3.931      ;
; -3.004 ; r4_div_datapath:DATAPATH|r4_div_core:CORE_UNIT|register:REG_WS|q[32] ; r4_div_datapath:DATAPATH|r4_div_core:CORE_UNIT|otfc_block:OTFC|QM[31] ; clk          ; clk         ; 1.000        ; -0.060     ; 3.931      ;
; -3.004 ; r4_div_datapath:DATAPATH|r4_div_core:CORE_UNIT|register:REG_WS|q[32] ; r4_div_datapath:DATAPATH|r4_div_core:CORE_UNIT|otfc_block:OTFC|QM[29] ; clk          ; clk         ; 1.000        ; -0.060     ; 3.931      ;
; -3.004 ; r4_div_datapath:DATAPATH|r4_div_core:CORE_UNIT|register:REG_WS|q[32] ; r4_div_datapath:DATAPATH|r4_div_core:CORE_UNIT|otfc_block:OTFC|Q[29]  ; clk          ; clk         ; 1.000        ; -0.060     ; 3.931      ;
; -3.004 ; r4_div_datapath:DATAPATH|r4_div_core:CORE_UNIT|register:REG_WS|q[32] ; r4_div_datapath:DATAPATH|r4_div_core:CORE_UNIT|otfc_block:OTFC|QM[27] ; clk          ; clk         ; 1.000        ; -0.060     ; 3.931      ;
; -3.004 ; r4_div_datapath:DATAPATH|r4_div_core:CORE_UNIT|register:REG_WS|q[32] ; r4_div_datapath:DATAPATH|r4_div_core:CORE_UNIT|otfc_block:OTFC|Q[25]  ; clk          ; clk         ; 1.000        ; -0.060     ; 3.931      ;
; -3.002 ; r4_div_datapath:DATAPATH|r4_div_core:CORE_UNIT|register:REG_WS|q[32] ; r4_div_datapath:DATAPATH|r4_div_core:CORE_UNIT|otfc_block:OTFC|Q[30]  ; clk          ; clk         ; 1.000        ; -0.055     ; 3.934      ;
; -3.002 ; r4_div_datapath:DATAPATH|r4_div_core:CORE_UNIT|register:REG_WS|q[32] ; r4_div_datapath:DATAPATH|r4_div_core:CORE_UNIT|otfc_block:OTFC|QM[30] ; clk          ; clk         ; 1.000        ; -0.055     ; 3.934      ;
; -3.002 ; r4_div_datapath:DATAPATH|r4_div_core:CORE_UNIT|register:REG_WS|q[32] ; r4_div_datapath:DATAPATH|r4_div_core:CORE_UNIT|otfc_block:OTFC|Q[28]  ; clk          ; clk         ; 1.000        ; -0.055     ; 3.934      ;
; -3.000 ; r4_div_datapath:DATAPATH|r4_div_core:CORE_UNIT|register:REG_WC|q[34] ; r4_div_datapath:DATAPATH|r4_div_core:CORE_UNIT|otfc_block:OTFC|Q[31]  ; clk          ; clk         ; 1.000        ; -0.057     ; 3.930      ;
; -3.000 ; r4_div_datapath:DATAPATH|r4_div_core:CORE_UNIT|register:REG_WC|q[34] ; r4_div_datapath:DATAPATH|r4_div_core:CORE_UNIT|otfc_block:OTFC|QM[31] ; clk          ; clk         ; 1.000        ; -0.057     ; 3.930      ;
; -3.000 ; r4_div_datapath:DATAPATH|r4_div_core:CORE_UNIT|register:REG_WC|q[34] ; r4_div_datapath:DATAPATH|r4_div_core:CORE_UNIT|otfc_block:OTFC|QM[29] ; clk          ; clk         ; 1.000        ; -0.057     ; 3.930      ;
; -3.000 ; r4_div_datapath:DATAPATH|r4_div_core:CORE_UNIT|register:REG_WC|q[34] ; r4_div_datapath:DATAPATH|r4_div_core:CORE_UNIT|otfc_block:OTFC|Q[29]  ; clk          ; clk         ; 1.000        ; -0.057     ; 3.930      ;
; -3.000 ; r4_div_datapath:DATAPATH|r4_div_core:CORE_UNIT|register:REG_WC|q[34] ; r4_div_datapath:DATAPATH|r4_div_core:CORE_UNIT|otfc_block:OTFC|QM[27] ; clk          ; clk         ; 1.000        ; -0.057     ; 3.930      ;
; -3.000 ; r4_div_datapath:DATAPATH|r4_div_core:CORE_UNIT|register:REG_WC|q[34] ; r4_div_datapath:DATAPATH|r4_div_core:CORE_UNIT|otfc_block:OTFC|Q[25]  ; clk          ; clk         ; 1.000        ; -0.057     ; 3.930      ;
; -2.998 ; r4_div_datapath:DATAPATH|r4_div_core:CORE_UNIT|register:REG_WC|q[34] ; r4_div_datapath:DATAPATH|r4_div_core:CORE_UNIT|otfc_block:OTFC|Q[30]  ; clk          ; clk         ; 1.000        ; -0.052     ; 3.933      ;
; -2.998 ; r4_div_datapath:DATAPATH|r4_div_core:CORE_UNIT|register:REG_WC|q[34] ; r4_div_datapath:DATAPATH|r4_div_core:CORE_UNIT|otfc_block:OTFC|QM[30] ; clk          ; clk         ; 1.000        ; -0.052     ; 3.933      ;
; -2.998 ; r4_div_datapath:DATAPATH|r4_div_core:CORE_UNIT|register:REG_WC|q[34] ; r4_div_datapath:DATAPATH|r4_div_core:CORE_UNIT|otfc_block:OTFC|Q[28]  ; clk          ; clk         ; 1.000        ; -0.052     ; 3.933      ;
; -2.997 ; r4_div_datapath:DATAPATH|r4_div_core:CORE_UNIT|register:REG_WS|q[32] ; r4_div_datapath:DATAPATH|r4_div_core:CORE_UNIT|otfc_block:OTFC|QM[14] ; clk          ; clk         ; 1.000        ; -0.054     ; 3.930      ;
; -2.997 ; r4_div_datapath:DATAPATH|r4_div_core:CORE_UNIT|register:REG_WS|q[32] ; r4_div_datapath:DATAPATH|r4_div_core:CORE_UNIT|otfc_block:OTFC|QM[12] ; clk          ; clk         ; 1.000        ; -0.054     ; 3.930      ;
; -2.997 ; r4_div_datapath:DATAPATH|r4_div_core:CORE_UNIT|register:REG_WS|q[32] ; r4_div_datapath:DATAPATH|r4_div_core:CORE_UNIT|otfc_block:OTFC|QM[10] ; clk          ; clk         ; 1.000        ; -0.054     ; 3.930      ;
; -2.996 ; r4_div_datapath:DATAPATH|r4_div_core:CORE_UNIT|register:REG_WS|q[30] ; r4_div_datapath:DATAPATH|r4_div_core:CORE_UNIT|register:REG_WC|q[16]  ; clk          ; clk         ; 1.000        ; 0.140      ; 4.123      ;
; -2.996 ; r4_div_datapath:DATAPATH|r4_div_core:CORE_UNIT|register:REG_WS|q[30] ; r4_div_datapath:DATAPATH|r4_div_core:CORE_UNIT|register:REG_WS|q[16]  ; clk          ; clk         ; 1.000        ; 0.136      ; 4.119      ;
; -2.994 ; r4_div_datapath:DATAPATH|r4_div_core:CORE_UNIT|register:REG_WC|q[32] ; r4_div_datapath:DATAPATH|r4_div_core:CORE_UNIT|otfc_block:OTFC|Q[31]  ; clk          ; clk         ; 1.000        ; -0.061     ; 3.920      ;
; -2.994 ; r4_div_datapath:DATAPATH|r4_div_core:CORE_UNIT|register:REG_WC|q[32] ; r4_div_datapath:DATAPATH|r4_div_core:CORE_UNIT|otfc_block:OTFC|QM[31] ; clk          ; clk         ; 1.000        ; -0.061     ; 3.920      ;
; -2.994 ; r4_div_datapath:DATAPATH|r4_div_core:CORE_UNIT|register:REG_WC|q[32] ; r4_div_datapath:DATAPATH|r4_div_core:CORE_UNIT|otfc_block:OTFC|QM[29] ; clk          ; clk         ; 1.000        ; -0.061     ; 3.920      ;
; -2.994 ; r4_div_datapath:DATAPATH|r4_div_core:CORE_UNIT|register:REG_WC|q[32] ; r4_div_datapath:DATAPATH|r4_div_core:CORE_UNIT|otfc_block:OTFC|Q[29]  ; clk          ; clk         ; 1.000        ; -0.061     ; 3.920      ;
; -2.994 ; r4_div_datapath:DATAPATH|r4_div_core:CORE_UNIT|register:REG_WC|q[32] ; r4_div_datapath:DATAPATH|r4_div_core:CORE_UNIT|otfc_block:OTFC|QM[27] ; clk          ; clk         ; 1.000        ; -0.061     ; 3.920      ;
; -2.994 ; r4_div_datapath:DATAPATH|r4_div_core:CORE_UNIT|register:REG_WC|q[32] ; r4_div_datapath:DATAPATH|r4_div_core:CORE_UNIT|otfc_block:OTFC|Q[25]  ; clk          ; clk         ; 1.000        ; -0.061     ; 3.920      ;
+--------+----------------------------------------------------------------------+-----------------------------------------------------------------------+--------------+-------------+--------------+------------+------------+


+-----------------------------------------------------------------------------------------------------------------------------------------------------------------------------------------------------------------------------------------------------------------------------------------------+
; Fast 1200mV 0C Model Hold: 'clk'                                                                                                                                                                                                                                                              ;
+-------+--------------------------------------------------------------------------------------------------------+--------------------------------------------------------------------------------------------------------+--------------+-------------+--------------+------------+------------+
; Slack ; From Node                                                                                              ; To Node                                                                                                ; Launch Clock ; Latch Clock ; Relationship ; Clock Skew ; Data Delay ;
+-------+--------------------------------------------------------------------------------------------------------+--------------------------------------------------------------------------------------------------------+--------------+-------------+--------------+------------+------------+
; 0.132 ; r4_div_datapath:DATAPATH|r4_div_core:CORE_UNIT|otfc_block:OTFC|Q[25]                                   ; r4_div_datapath:DATAPATH|r4_div_core:CORE_UNIT|otfc_block:OTFC|Q[27]                                   ; clk          ; clk         ; 0.000        ; 0.237      ; 0.453      ;
; 0.175 ; r4_div_datapath:DATAPATH|r4_div_core:CORE_UNIT|otfc_block:OTFC|QM[19]                                  ; r4_div_datapath:DATAPATH|r4_div_core:CORE_UNIT|otfc_block:OTFC|Q[21]                                   ; clk          ; clk         ; 0.000        ; 0.235      ; 0.494      ;
; 0.186 ; r4_div_controller:CONTROLLER|current_state.PREPROCESS                                                  ; r4_div_controller:CONTROLLER|current_state.PREPROCESS                                                  ; clk          ; clk         ; 0.000        ; 0.037      ; 0.307      ;
; 0.186 ; r4_div_datapath:DATAPATH|r4_div_preprocess:PREPROCESS_UNIT|coarse_cycles[0]                            ; r4_div_datapath:DATAPATH|r4_div_preprocess:PREPROCESS_UNIT|coarse_cycles[0]                            ; clk          ; clk         ; 0.000        ; 0.037      ; 0.307      ;
; 0.187 ; r4_div_controller:CONTROLLER|current_state.POST_PROCESS                                                ; r4_div_controller:CONTROLLER|current_state.POST_PROCESS                                                ; clk          ; clk         ; 0.000        ; 0.036      ; 0.307      ;
; 0.187 ; r4_div_controller:CONTROLLER|current_state.DONE                                                        ; r4_div_controller:CONTROLLER|current_state.DONE                                                        ; clk          ; clk         ; 0.000        ; 0.036      ; 0.307      ;
; 0.187 ; r4_div_datapath:DATAPATH|r4_div_preprocess:PREPROCESS_UNIT|coarse_cycles[1]                            ; r4_div_datapath:DATAPATH|r4_div_preprocess:PREPROCESS_UNIT|coarse_cycles[1]                            ; clk          ; clk         ; 0.000        ; 0.036      ; 0.307      ;
; 0.187 ; r4_div_datapath:DATAPATH|r4_div_preprocess:PREPROCESS_UNIT|coarse_cycles[2]                            ; r4_div_datapath:DATAPATH|r4_div_preprocess:PREPROCESS_UNIT|coarse_cycles[2]                            ; clk          ; clk         ; 0.000        ; 0.036      ; 0.307      ;
; 0.191 ; r4_div_datapath:DATAPATH|r4_div_core:CORE_UNIT|otfc_block:OTFC|Q[18]                                   ; r4_div_datapath:DATAPATH|r4_div_core:CORE_UNIT|otfc_block:OTFC|QM[20]                                  ; clk          ; clk         ; 0.000        ; 0.240      ; 0.515      ;
; 0.191 ; r4_div_datapath:DATAPATH|r4_div_core:CORE_UNIT|otfc_block:OTFC|QM[8]                                   ; r4_div_datapath:DATAPATH|r4_div_core:CORE_UNIT|otfc_block:OTFC|Q[10]                                   ; clk          ; clk         ; 0.000        ; 0.236      ; 0.511      ;
; 0.193 ; r4_div_datapath:DATAPATH|r4_div_postprocess:POSTPROCESS_UNIT|down_counter:POST_COUNTER|q[0]            ; r4_div_datapath:DATAPATH|r4_div_postprocess:POSTPROCESS_UNIT|down_counter:POST_COUNTER|q[0]            ; clk          ; clk         ; 0.000        ; 0.037      ; 0.314      ;
; 0.203 ; input_wrapper:INPUT_UNIT|register:REG_Y|q[21]                                                          ; r4_div_datapath:DATAPATH|r4_div_preprocess:PREPROCESS_UNIT|divisor_shift_register:Y_COARSE_REG|q[21]   ; clk          ; clk         ; 0.000        ; 0.037      ; 0.324      ;
; 0.205 ; input_wrapper:INPUT_UNIT|register:REG_Y|q[22]                                                          ; r4_div_datapath:DATAPATH|r4_div_preprocess:PREPROCESS_UNIT|divisor_shift_register:Y_COARSE_REG|q[22]   ; clk          ; clk         ; 0.000        ; 0.036      ; 0.325      ;
; 0.205 ; input_wrapper:INPUT_UNIT|register:REG_Y|q[4]                                                           ; r4_div_datapath:DATAPATH|r4_div_preprocess:PREPROCESS_UNIT|divisor_shift_register:Y_COARSE_REG|q[4]    ; clk          ; clk         ; 0.000        ; 0.037      ; 0.326      ;
; 0.207 ; input_wrapper:INPUT_UNIT|register:REG_Y|q[29]                                                          ; r4_div_datapath:DATAPATH|r4_div_preprocess:PREPROCESS_UNIT|divisor_shift_register:Y_COARSE_REG|q[29]   ; clk          ; clk         ; 0.000        ; 0.037      ; 0.328      ;
; 0.208 ; r4_div_datapath:DATAPATH|r4_div_preprocess:PREPROCESS_UNIT|coarse_cycles[1]                            ; r4_div_datapath:DATAPATH|r4_div_preprocess:PREPROCESS_UNIT|coarse_cycles[2]                            ; clk          ; clk         ; 0.000        ; 0.036      ; 0.328      ;
; 0.212 ; r4_div_controller:CONTROLLER|current_state.LOAD_SIGN                                                   ; r4_div_controller:CONTROLLER|current_state.INIT                                                        ; clk          ; clk         ; 0.000        ; 0.036      ; 0.332      ;
; 0.255 ; r4_div_datapath:DATAPATH|r4_div_core:CORE_UNIT|otfc_block:OTFC|Q[24]                                   ; r4_div_datapath:DATAPATH|r4_div_core:CORE_UNIT|otfc_block:OTFC|QM[26]                                  ; clk          ; clk         ; 0.000        ; 0.044      ; 0.383      ;
; 0.256 ; r4_div_datapath:DATAPATH|r4_div_core:CORE_UNIT|otfc_block:OTFC|Q[19]                                   ; r4_div_datapath:DATAPATH|r4_div_core:CORE_UNIT|otfc_block:OTFC|Q[21]                                   ; clk          ; clk         ; 0.000        ; 0.237      ; 0.577      ;
; 0.261 ; r4_div_datapath:DATAPATH|r4_div_core:CORE_UNIT|otfc_block:OTFC|Q[29]                                   ; r4_div_datapath:DATAPATH|r4_div_core:CORE_UNIT|otfc_block:OTFC|Q[31]                                   ; clk          ; clk         ; 0.000        ; 0.036      ; 0.381      ;
; 0.262 ; r4_div_datapath:DATAPATH|r4_div_core:CORE_UNIT|otfc_block:OTFC|Q[29]                                   ; r4_div_datapath:DATAPATH|r4_div_core:CORE_UNIT|otfc_block:OTFC|QM[31]                                  ; clk          ; clk         ; 0.000        ; 0.036      ; 0.382      ;
; 0.262 ; r4_div_datapath:DATAPATH|r4_div_core:CORE_UNIT|otfc_block:OTFC|QM[27]                                  ; r4_div_datapath:DATAPATH|r4_div_core:CORE_UNIT|otfc_block:OTFC|QM[29]                                  ; clk          ; clk         ; 0.000        ; 0.036      ; 0.382      ;
; 0.263 ; r4_div_datapath:DATAPATH|r4_div_core:CORE_UNIT|otfc_block:OTFC|QM[27]                                  ; r4_div_datapath:DATAPATH|r4_div_core:CORE_UNIT|otfc_block:OTFC|Q[29]                                   ; clk          ; clk         ; 0.000        ; 0.036      ; 0.383      ;
; 0.264 ; r4_div_datapath:DATAPATH|r4_div_core:CORE_UNIT|otfc_block:OTFC|QM[14]                                  ; r4_div_datapath:DATAPATH|r4_div_core:CORE_UNIT|otfc_block:OTFC|Q[16]                                   ; clk          ; clk         ; 0.000        ; 0.243      ; 0.591      ;
; 0.264 ; r4_div_datapath:DATAPATH|r4_div_core:CORE_UNIT|otfc_block:OTFC|QM[19]                                  ; r4_div_datapath:DATAPATH|r4_div_core:CORE_UNIT|otfc_block:OTFC|QM[21]                                  ; clk          ; clk         ; 0.000        ; 0.036      ; 0.384      ;
; 0.265 ; r4_div_datapath:DATAPATH|r4_div_core:CORE_UNIT|otfc_block:OTFC|Q[20]                                   ; r4_div_datapath:DATAPATH|r4_div_core:CORE_UNIT|otfc_block:OTFC|Q[22]                                   ; clk          ; clk         ; 0.000        ; 0.037      ; 0.386      ;
; 0.268 ; r4_div_datapath:DATAPATH|r4_div_core:CORE_UNIT|otfc_block:OTFC|QM[12]                                  ; r4_div_datapath:DATAPATH|r4_div_core:CORE_UNIT|otfc_block:OTFC|QM[14]                                  ; clk          ; clk         ; 0.000        ; 0.036      ; 0.388      ;
; 0.269 ; r4_div_datapath:DATAPATH|r4_div_core:CORE_UNIT|otfc_block:OTFC|Q[13]                                   ; r4_div_datapath:DATAPATH|r4_div_core:CORE_UNIT|otfc_block:OTFC|Q[15]                                   ; clk          ; clk         ; 0.000        ; 0.044      ; 0.397      ;
; 0.274 ; r4_div_datapath:DATAPATH|r4_div_postprocess:POSTPROCESS_UNIT|down_counter:POST_COUNTER|q[3]            ; r4_div_datapath:DATAPATH|r4_div_postprocess:POSTPROCESS_UNIT|down_counter:POST_COUNTER|q[3]            ; clk          ; clk         ; 0.000        ; 0.037      ; 0.395      ;
; 0.277 ; r4_div_datapath:DATAPATH|r4_div_postprocess:POSTPROCESS_UNIT|remainder_shift_register:REM_SH_REG|q[18] ; r4_div_datapath:DATAPATH|r4_div_postprocess:POSTPROCESS_UNIT|remainder_shift_register:REM_SH_REG|q[14] ; clk          ; clk         ; 0.000        ; 0.037      ; 0.398      ;
; 0.277 ; r4_div_datapath:DATAPATH|r4_div_postprocess:POSTPROCESS_UNIT|remainder_shift_register:REM_SH_REG|q[8]  ; r4_div_datapath:DATAPATH|r4_div_postprocess:POSTPROCESS_UNIT|remainder_shift_register:REM_SH_REG|q[4]  ; clk          ; clk         ; 0.000        ; 0.037      ; 0.398      ;
; 0.277 ; r4_div_datapath:DATAPATH|r4_div_postprocess:POSTPROCESS_UNIT|remainder_shift_register:REM_SH_REG|q[33] ; r4_div_datapath:DATAPATH|r4_div_postprocess:POSTPROCESS_UNIT|remainder_shift_register:REM_SH_REG|q[29] ; clk          ; clk         ; 0.000        ; 0.037      ; 0.398      ;
; 0.277 ; r4_div_datapath:DATAPATH|r4_div_preprocess:PREPROCESS_UNIT|divisor_shift_register:Y_COARSE_REG|q[11]   ; r4_div_datapath:DATAPATH|r4_div_preprocess:PREPROCESS_UNIT|divisor_shift_register:Y_COARSE_REG|q[15]   ; clk          ; clk         ; 0.000        ; 0.037      ; 0.398      ;
; 0.277 ; r4_div_datapath:DATAPATH|r4_div_preprocess:PREPROCESS_UNIT|divisor_shift_register:Y_COARSE_REG|q[13]   ; r4_div_datapath:DATAPATH|r4_div_preprocess:PREPROCESS_UNIT|divisor_shift_register:Y_COARSE_REG|q[17]   ; clk          ; clk         ; 0.000        ; 0.037      ; 0.398      ;
; 0.277 ; r4_div_datapath:DATAPATH|r4_div_preprocess:PREPROCESS_UNIT|divisor_shift_register:Y_COARSE_REG|q[9]    ; r4_div_datapath:DATAPATH|r4_div_preprocess:PREPROCESS_UNIT|divisor_shift_register:Y_COARSE_REG|q[13]   ; clk          ; clk         ; 0.000        ; 0.037      ; 0.398      ;
; 0.277 ; r4_div_datapath:DATAPATH|r4_div_preprocess:PREPROCESS_UNIT|divisor_shift_register:Y_COARSE_REG|q[4]    ; r4_div_datapath:DATAPATH|r4_div_preprocess:PREPROCESS_UNIT|divisor_shift_register:Y_COARSE_REG|q[8]    ; clk          ; clk         ; 0.000        ; 0.037      ; 0.398      ;
; 0.278 ; r4_div_datapath:DATAPATH|r4_div_postprocess:POSTPROCESS_UNIT|remainder_shift_register:REM_SH_REG|q[20] ; r4_div_datapath:DATAPATH|r4_div_postprocess:POSTPROCESS_UNIT|remainder_shift_register:REM_SH_REG|q[16] ; clk          ; clk         ; 0.000        ; 0.036      ; 0.398      ;
; 0.278 ; r4_div_datapath:DATAPATH|r4_div_postprocess:POSTPROCESS_UNIT|remainder_shift_register:REM_SH_REG|q[32] ; r4_div_datapath:DATAPATH|r4_div_postprocess:POSTPROCESS_UNIT|remainder_shift_register:REM_SH_REG|q[28] ; clk          ; clk         ; 0.000        ; 0.037      ; 0.399      ;
; 0.278 ; r4_div_datapath:DATAPATH|r4_div_postprocess:POSTPROCESS_UNIT|remainder_shift_register:REM_SH_REG|q[11] ; r4_div_datapath:DATAPATH|r4_div_postprocess:POSTPROCESS_UNIT|remainder_shift_register:REM_SH_REG|q[7]  ; clk          ; clk         ; 0.000        ; 0.036      ; 0.398      ;
; 0.278 ; r4_div_datapath:DATAPATH|r4_div_postprocess:POSTPROCESS_UNIT|down_counter:POST_COUNTER|q[2]            ; r4_div_datapath:DATAPATH|r4_div_postprocess:POSTPROCESS_UNIT|down_counter:POST_COUNTER|q[2]            ; clk          ; clk         ; 0.000        ; 0.037      ; 0.399      ;
; 0.278 ; r4_div_datapath:DATAPATH|r4_div_preprocess:PREPROCESS_UNIT|divisor_shift_register:Y_COARSE_REG|q[1]    ; r4_div_datapath:DATAPATH|r4_div_preprocess:PREPROCESS_UNIT|divisor_shift_register:Y_COARSE_REG|q[5]    ; clk          ; clk         ; 0.000        ; 0.037      ; 0.399      ;
; 0.278 ; r4_div_datapath:DATAPATH|r4_div_preprocess:PREPROCESS_UNIT|divisor_shift_register:Y_COARSE_REG|q[20]   ; r4_div_datapath:DATAPATH|r4_div_preprocess:PREPROCESS_UNIT|divisor_shift_register:Y_COARSE_REG|q[24]   ; clk          ; clk         ; 0.000        ; 0.036      ; 0.398      ;
; 0.279 ; r4_div_datapath:DATAPATH|r4_div_postprocess:POSTPROCESS_UNIT|remainder_shift_register:REM_SH_REG|q[24] ; r4_div_datapath:DATAPATH|r4_div_postprocess:POSTPROCESS_UNIT|remainder_shift_register:REM_SH_REG|q[20] ; clk          ; clk         ; 0.000        ; 0.036      ; 0.399      ;
; 0.279 ; r4_div_datapath:DATAPATH|r4_div_postprocess:POSTPROCESS_UNIT|remainder_shift_register:REM_SH_REG|q[17] ; r4_div_datapath:DATAPATH|r4_div_postprocess:POSTPROCESS_UNIT|remainder_shift_register:REM_SH_REG|q[13] ; clk          ; clk         ; 0.000        ; 0.036      ; 0.399      ;
; 0.279 ; r4_div_datapath:DATAPATH|r4_div_preprocess:PREPROCESS_UNIT|divisor_shift_register:Y_COARSE_REG|q[26]   ; r4_div_datapath:DATAPATH|r4_div_preprocess:PREPROCESS_UNIT|divisor_shift_register:Y_COARSE_REG|q[30]   ; clk          ; clk         ; 0.000        ; 0.036      ; 0.399      ;
; 0.279 ; r4_div_datapath:DATAPATH|r4_div_preprocess:PREPROCESS_UNIT|divisor_shift_register:Y_COARSE_REG|q[21]   ; r4_div_datapath:DATAPATH|r4_div_preprocess:PREPROCESS_UNIT|divisor_shift_register:Y_COARSE_REG|q[25]   ; clk          ; clk         ; 0.000        ; 0.037      ; 0.400      ;
; 0.279 ; r4_div_datapath:DATAPATH|r4_div_preprocess:PREPROCESS_UNIT|divisor_shift_register:Y_COARSE_REG|q[22]   ; r4_div_datapath:DATAPATH|r4_div_preprocess:PREPROCESS_UNIT|divisor_shift_register:Y_COARSE_REG|q[26]   ; clk          ; clk         ; 0.000        ; 0.036      ; 0.399      ;
; 0.279 ; r4_div_datapath:DATAPATH|r4_div_preprocess:PREPROCESS_UNIT|divisor_shift_register:Y_COARSE_REG|q[24]   ; r4_div_datapath:DATAPATH|r4_div_preprocess:PREPROCESS_UNIT|divisor_shift_register:Y_COARSE_REG|q[28]   ; clk          ; clk         ; 0.000        ; 0.036      ; 0.399      ;
; 0.279 ; r4_div_datapath:DATAPATH|r4_div_preprocess:PREPROCESS_UNIT|divisor_shift_register:Y_COARSE_REG|q[0]    ; r4_div_datapath:DATAPATH|r4_div_preprocess:PREPROCESS_UNIT|divisor_shift_register:Y_COARSE_REG|q[4]    ; clk          ; clk         ; 0.000        ; 0.037      ; 0.400      ;
; 0.280 ; r4_div_datapath:DATAPATH|r4_div_preprocess:PREPROCESS_UNIT|divisor_shift_register:Y_COARSE_REG|q[3]    ; r4_div_datapath:DATAPATH|r4_div_preprocess:PREPROCESS_UNIT|divisor_shift_register:Y_COARSE_REG|q[7]    ; clk          ; clk         ; 0.000        ; 0.037      ; 0.401      ;
; 0.280 ; r4_div_datapath:DATAPATH|r4_div_preprocess:PREPROCESS_UNIT|divisor_shift_register:Y_COARSE_REG|q[17]   ; r4_div_datapath:DATAPATH|r4_div_preprocess:PREPROCESS_UNIT|divisor_shift_register:Y_COARSE_REG|q[21]   ; clk          ; clk         ; 0.000        ; 0.037      ; 0.401      ;
; 0.280 ; r4_div_datapath:DATAPATH|r4_div_preprocess:PREPROCESS_UNIT|divisor_shift_register:Y_COARSE_REG|q[18]   ; r4_div_datapath:DATAPATH|r4_div_preprocess:PREPROCESS_UNIT|divisor_shift_register:Y_COARSE_REG|q[22]   ; clk          ; clk         ; 0.000        ; 0.036      ; 0.400      ;
; 0.281 ; r4_div_datapath:DATAPATH|r4_div_postprocess:POSTPROCESS_UNIT|remainder_shift_register:REM_SH_REG|q[21] ; r4_div_datapath:DATAPATH|r4_div_postprocess:POSTPROCESS_UNIT|remainder_shift_register:REM_SH_REG|q[17] ; clk          ; clk         ; 0.000        ; 0.036      ; 0.401      ;
; 0.281 ; r4_div_datapath:DATAPATH|r4_div_preprocess:PREPROCESS_UNIT|divisor_shift_register:Y_COARSE_REG|q[16]   ; r4_div_datapath:DATAPATH|r4_div_preprocess:PREPROCESS_UNIT|divisor_shift_register:Y_COARSE_REG|q[20]   ; clk          ; clk         ; 0.000        ; 0.036      ; 0.401      ;
; 0.281 ; r4_div_datapath:DATAPATH|r4_div_preprocess:PREPROCESS_UNIT|coarse_cycles[0]                            ; r4_div_datapath:DATAPATH|r4_div_preprocess:PREPROCESS_UNIT|coarse_cycles[1]                            ; clk          ; clk         ; 0.000        ; 0.036      ; 0.401      ;
; 0.282 ; r4_div_datapath:DATAPATH|r4_div_postprocess:POSTPROCESS_UNIT|remainder_shift_register:REM_SH_REG|q[25] ; r4_div_datapath:DATAPATH|r4_div_postprocess:POSTPROCESS_UNIT|remainder_shift_register:REM_SH_REG|q[21] ; clk          ; clk         ; 0.000        ; 0.036      ; 0.402      ;
; 0.282 ; r4_div_datapath:DATAPATH|r4_div_postprocess:POSTPROCESS_UNIT|down_counter:POST_COUNTER|q[1]            ; r4_div_datapath:DATAPATH|r4_div_postprocess:POSTPROCESS_UNIT|down_counter:POST_COUNTER|q[1]            ; clk          ; clk         ; 0.000        ; 0.037      ; 0.403      ;
; 0.286 ; r4_div_datapath:DATAPATH|r4_div_postprocess:POSTPROCESS_UNIT|remainder_shift_register:REM_SH_REG|q[26] ; r4_div_datapath:DATAPATH|r4_div_postprocess:POSTPROCESS_UNIT|remainder_shift_register:REM_SH_REG|q[22] ; clk          ; clk         ; 0.000        ; 0.036      ; 0.406      ;
; 0.297 ; r4_div_datapath:DATAPATH|r4_div_core:CORE_UNIT|otfc_block:OTFC|QM[22]                                  ; r4_div_datapath:DATAPATH|r4_div_core:CORE_UNIT|otfc_block:OTFC|Q[24]                                   ; clk          ; clk         ; 0.000        ; 0.044      ; 0.425      ;
; 0.297 ; r4_div_datapath:DATAPATH|r4_div_core:CORE_UNIT|otfc_block:OTFC|QM[2]                                   ; r4_div_datapath:DATAPATH|r4_div_core:CORE_UNIT|otfc_block:OTFC|Q[4]                                    ; clk          ; clk         ; 0.000        ; 0.044      ; 0.425      ;
; 0.298 ; r4_div_datapath:DATAPATH|r4_div_core:CORE_UNIT|otfc_block:OTFC|QM[4]                                   ; r4_div_datapath:DATAPATH|r4_div_core:CORE_UNIT|otfc_block:OTFC|Q[6]                                    ; clk          ; clk         ; 0.000        ; 0.044      ; 0.426      ;
; 0.298 ; r4_div_datapath:DATAPATH|r4_div_core:CORE_UNIT|otfc_block:OTFC|QM[2]                                   ; r4_div_datapath:DATAPATH|r4_div_core:CORE_UNIT|otfc_block:OTFC|QM[4]                                   ; clk          ; clk         ; 0.000        ; 0.044      ; 0.426      ;
; 0.298 ; r4_div_datapath:DATAPATH|r4_div_core:CORE_UNIT|otfc_block:OTFC|QM[21]                                  ; r4_div_datapath:DATAPATH|r4_div_core:CORE_UNIT|otfc_block:OTFC|QM[23]                                  ; clk          ; clk         ; 0.000        ; 0.223      ; 0.605      ;
; 0.298 ; r4_div_datapath:DATAPATH|r4_div_core:CORE_UNIT|otfc_block:OTFC|Q[9]                                    ; r4_div_datapath:DATAPATH|r4_div_core:CORE_UNIT|otfc_block:OTFC|QM[11]                                  ; clk          ; clk         ; 0.000        ; 0.045      ; 0.427      ;
; 0.299 ; r4_div_datapath:DATAPATH|r4_div_core:CORE_UNIT|otfc_block:OTFC|QM[24]                                  ; r4_div_datapath:DATAPATH|r4_div_core:CORE_UNIT|otfc_block:OTFC|Q[26]                                   ; clk          ; clk         ; 0.000        ; 0.044      ; 0.427      ;
; 0.300 ; r4_div_datapath:DATAPATH|r4_div_core:CORE_UNIT|otfc_block:OTFC|Q[2]                                    ; r4_div_datapath:DATAPATH|r4_div_core:CORE_UNIT|otfc_block:OTFC|QM[4]                                   ; clk          ; clk         ; 0.000        ; 0.044      ; 0.428      ;
; 0.301 ; r4_div_datapath:DATAPATH|r4_div_core:CORE_UNIT|otfc_block:OTFC|QM[21]                                  ; r4_div_datapath:DATAPATH|r4_div_core:CORE_UNIT|otfc_block:OTFC|Q[23]                                   ; clk          ; clk         ; 0.000        ; 0.223      ; 0.608      ;
; 0.303 ; r4_div_datapath:DATAPATH|r4_div_core:CORE_UNIT|otfc_block:OTFC|QM[6]                                   ; r4_div_datapath:DATAPATH|r4_div_core:CORE_UNIT|otfc_block:OTFC|Q[8]                                    ; clk          ; clk         ; 0.000        ; 0.037      ; 0.424      ;
; 0.304 ; r4_div_datapath:DATAPATH|r4_div_core:CORE_UNIT|otfc_block:OTFC|QM[29]                                  ; r4_div_datapath:DATAPATH|r4_div_core:CORE_UNIT|otfc_block:OTFC|Q[31]                                   ; clk          ; clk         ; 0.000        ; 0.036      ; 0.424      ;
; 0.305 ; r4_div_datapath:DATAPATH|r4_div_core:CORE_UNIT|otfc_block:OTFC|QM[6]                                   ; r4_div_datapath:DATAPATH|r4_div_core:CORE_UNIT|otfc_block:OTFC|QM[8]                                   ; clk          ; clk         ; 0.000        ; 0.037      ; 0.426      ;
; 0.306 ; input_wrapper:INPUT_UNIT|register:REG_Y|q[1]                                                           ; r4_div_datapath:DATAPATH|r4_div_preprocess:PREPROCESS_UNIT|divisor_shift_register:Y_COARSE_REG|q[1]    ; clk          ; clk         ; 0.000        ; 0.037      ; 0.427      ;
; 0.306 ; input_wrapper:INPUT_UNIT|register:REG_Y|q[0]                                                           ; r4_div_datapath:DATAPATH|r4_div_preprocess:PREPROCESS_UNIT|divisor_shift_register:Y_COARSE_REG|q[0]    ; clk          ; clk         ; 0.000        ; 0.037      ; 0.427      ;
; 0.307 ; r4_div_datapath:DATAPATH|r4_div_core:CORE_UNIT|otfc_block:OTFC|QM[12]                                  ; r4_div_datapath:DATAPATH|r4_div_core:CORE_UNIT|otfc_block:OTFC|Q[14]                                   ; clk          ; clk         ; 0.000        ; 0.243      ; 0.634      ;
; 0.307 ; input_wrapper:INPUT_UNIT|register:REG_Y|q[3]                                                           ; r4_div_datapath:DATAPATH|r4_div_preprocess:PREPROCESS_UNIT|divisor_shift_register:Y_COARSE_REG|q[3]    ; clk          ; clk         ; 0.000        ; 0.037      ; 0.428      ;
; 0.308 ; input_wrapper:INPUT_UNIT|register:REG_Y|q[2]                                                           ; r4_div_datapath:DATAPATH|r4_div_preprocess:PREPROCESS_UNIT|divisor_shift_register:Y_COARSE_REG|q[2]    ; clk          ; clk         ; 0.000        ; 0.037      ; 0.429      ;
; 0.309 ; r4_div_datapath:DATAPATH|r4_div_core:CORE_UNIT|otfc_block:OTFC|QM[10]                                  ; r4_div_datapath:DATAPATH|r4_div_core:CORE_UNIT|otfc_block:OTFC|Q[12]                                   ; clk          ; clk         ; 0.000        ; 0.243      ; 0.636      ;
; 0.309 ; r4_div_datapath:DATAPATH|r4_div_core:CORE_UNIT|otfc_block:OTFC|Q[8]                                    ; r4_div_datapath:DATAPATH|r4_div_core:CORE_UNIT|otfc_block:OTFC|Q[10]                                   ; clk          ; clk         ; 0.000        ; 0.236      ; 0.629      ;
; 0.312 ; input_wrapper:INPUT_UNIT|register:REG_Y|q[25]                                                          ; r4_div_datapath:DATAPATH|r4_div_preprocess:PREPROCESS_UNIT|divisor_shift_register:Y_COARSE_REG|q[25]   ; clk          ; clk         ; 0.000        ; 0.037      ; 0.433      ;
; 0.313 ; r4_div_datapath:DATAPATH|r4_div_core:CORE_UNIT|otfc_block:OTFC|Q[28]                                   ; r4_div_datapath:DATAPATH|r4_div_core:CORE_UNIT|otfc_block:OTFC|QM[30]                                  ; clk          ; clk         ; 0.000        ; 0.036      ; 0.433      ;
; 0.313 ; r4_div_datapath:DATAPATH|r4_div_core:CORE_UNIT|otfc_block:OTFC|Q[25]                                   ; r4_div_datapath:DATAPATH|r4_div_core:CORE_UNIT|otfc_block:OTFC|QM[27]                                  ; clk          ; clk         ; 0.000        ; 0.036      ; 0.433      ;
; 0.314 ; input_wrapper:INPUT_UNIT|register:REG_Y|q[17]                                                          ; r4_div_datapath:DATAPATH|r4_div_preprocess:PREPROCESS_UNIT|divisor_shift_register:Y_COARSE_REG|q[17]   ; clk          ; clk         ; 0.000        ; 0.037      ; 0.435      ;
; 0.317 ; r4_div_datapath:DATAPATH|r4_div_core:CORE_UNIT|otfc_block:OTFC|QM[22]                                  ; r4_div_datapath:DATAPATH|r4_div_core:CORE_UNIT|otfc_block:OTFC|QM[24]                                  ; clk          ; clk         ; 0.000        ; 0.044      ; 0.445      ;
; 0.319 ; r4_div_datapath:DATAPATH|r4_div_core:CORE_UNIT|otfc_block:OTFC|QM[26]                                  ; r4_div_datapath:DATAPATH|r4_div_core:CORE_UNIT|otfc_block:OTFC|QM[28]                                  ; clk          ; clk         ; 0.000        ; 0.044      ; 0.447      ;
; 0.319 ; r4_div_datapath:DATAPATH|r4_div_core:CORE_UNIT|otfc_block:OTFC|Q[2]                                    ; r4_div_datapath:DATAPATH|r4_div_core:CORE_UNIT|otfc_block:OTFC|Q[4]                                    ; clk          ; clk         ; 0.000        ; 0.044      ; 0.447      ;
; 0.319 ; r4_div_datapath:DATAPATH|r4_div_core:CORE_UNIT|otfc_block:OTFC|Q[24]                                   ; r4_div_datapath:DATAPATH|r4_div_core:CORE_UNIT|otfc_block:OTFC|Q[26]                                   ; clk          ; clk         ; 0.000        ; 0.044      ; 0.447      ;
; 0.320 ; r4_div_datapath:DATAPATH|r4_div_core:CORE_UNIT|otfc_block:OTFC|QM[15]                                  ; r4_div_datapath:DATAPATH|r4_div_core:CORE_UNIT|otfc_block:OTFC|QM[17]                                  ; clk          ; clk         ; 0.000        ; 0.045      ; 0.449      ;
; 0.320 ; r4_div_datapath:DATAPATH|r4_div_core:CORE_UNIT|otfc_block:OTFC|QM[13]                                  ; r4_div_datapath:DATAPATH|r4_div_core:CORE_UNIT|otfc_block:OTFC|QM[15]                                  ; clk          ; clk         ; 0.000        ; 0.045      ; 0.449      ;
; 0.320 ; r4_div_datapath:DATAPATH|r4_div_core:CORE_UNIT|otfc_block:OTFC|QM[18]                                  ; r4_div_datapath:DATAPATH|r4_div_core:CORE_UNIT|otfc_block:OTFC|QM[20]                                  ; clk          ; clk         ; 0.000        ; 0.045      ; 0.449      ;
; 0.320 ; r4_div_datapath:DATAPATH|r4_div_core:CORE_UNIT|otfc_block:OTFC|QM[24]                                  ; r4_div_datapath:DATAPATH|r4_div_core:CORE_UNIT|otfc_block:OTFC|QM[26]                                  ; clk          ; clk         ; 0.000        ; 0.044      ; 0.448      ;
; 0.320 ; r4_div_datapath:DATAPATH|r4_div_core:CORE_UNIT|otfc_block:OTFC|Q[12]                                   ; r4_div_datapath:DATAPATH|r4_div_core:CORE_UNIT|otfc_block:OTFC|Q[14]                                   ; clk          ; clk         ; 0.000        ; 0.044      ; 0.448      ;
; 0.321 ; r4_div_datapath:DATAPATH|r4_div_core:CORE_UNIT|otfc_block:OTFC|Q[3]                                    ; r4_div_datapath:DATAPATH|r4_div_core:CORE_UNIT|otfc_block:OTFC|Q[5]                                    ; clk          ; clk         ; 0.000        ; 0.044      ; 0.449      ;
; 0.322 ; r4_div_datapath:DATAPATH|r4_div_core:CORE_UNIT|otfc_block:OTFC|Q[15]                                   ; r4_div_datapath:DATAPATH|r4_div_core:CORE_UNIT|otfc_block:OTFC|Q[17]                                   ; clk          ; clk         ; 0.000        ; 0.044      ; 0.450      ;
; 0.325 ; r4_div_datapath:DATAPATH|r4_div_core:CORE_UNIT|otfc_block:OTFC|QM[14]                                  ; r4_div_datapath:DATAPATH|r4_div_core:CORE_UNIT|otfc_block:OTFC|QM[16]                                  ; clk          ; clk         ; 0.000        ; 0.246      ; 0.655      ;
; 0.326 ; r4_div_datapath:DATAPATH|r4_div_core:CORE_UNIT|otfc_block:OTFC|Q[18]                                   ; r4_div_datapath:DATAPATH|r4_div_core:CORE_UNIT|otfc_block:OTFC|Q[20]                                   ; clk          ; clk         ; 0.000        ; 0.037      ; 0.447      ;
; 0.326 ; r4_div_datapath:DATAPATH|r4_div_core:CORE_UNIT|otfc_block:OTFC|QM[29]                                  ; r4_div_datapath:DATAPATH|r4_div_core:CORE_UNIT|otfc_block:OTFC|QM[31]                                  ; clk          ; clk         ; 0.000        ; 0.036      ; 0.446      ;
; 0.326 ; input_wrapper:INPUT_UNIT|register:REG_Y|q[8]                                                           ; r4_div_datapath:DATAPATH|r4_div_preprocess:PREPROCESS_UNIT|divisor_shift_register:Y_COARSE_REG|q[8]    ; clk          ; clk         ; 0.000        ; 0.037      ; 0.447      ;
; 0.327 ; input_wrapper:INPUT_UNIT|register:REG_Y|q[18]                                                          ; r4_div_datapath:DATAPATH|r4_div_preprocess:PREPROCESS_UNIT|divisor_shift_register:Y_COARSE_REG|q[18]   ; clk          ; clk         ; 0.000        ; 0.036      ; 0.447      ;
; 0.328 ; r4_div_datapath:DATAPATH|r4_div_core:CORE_UNIT|otfc_block:OTFC|Q[4]                                    ; r4_div_datapath:DATAPATH|r4_div_core:CORE_UNIT|otfc_block:OTFC|Q[6]                                    ; clk          ; clk         ; 0.000        ; 0.044      ; 0.456      ;
; 0.328 ; input_wrapper:INPUT_UNIT|register:REG_Y|q[7]                                                           ; r4_div_datapath:DATAPATH|r4_div_preprocess:PREPROCESS_UNIT|divisor_shift_register:Y_COARSE_REG|q[7]    ; clk          ; clk         ; 0.000        ; 0.037      ; 0.449      ;
; 0.328 ; input_wrapper:INPUT_UNIT|register:REG_Y|q[6]                                                           ; r4_div_datapath:DATAPATH|r4_div_preprocess:PREPROCESS_UNIT|divisor_shift_register:Y_COARSE_REG|q[6]    ; clk          ; clk         ; 0.000        ; 0.036      ; 0.448      ;
+-------+--------------------------------------------------------------------------------------------------------+--------------------------------------------------------------------------------------------------------+--------------+-------------+--------------+------------+------------+


----------------------------------------------
; Fast 1200mV 0C Model Metastability Summary ;
----------------------------------------------
No synchronizer chains to report.


+---------------------------------------------------------------------------------+
; Multicorner Timing Analysis Summary                                             ;
+------------------+-----------+-------+----------+---------+---------------------+
; Clock            ; Setup     ; Hold  ; Recovery ; Removal ; Minimum Pulse Width ;
+------------------+-----------+-------+----------+---------+---------------------+
; Worst-case Slack ; -6.421    ; 0.132 ; N/A      ; N/A     ; -3.000              ;
;  clk             ; -6.421    ; 0.132 ; N/A      ; N/A     ; -3.000              ;
; Design-wide TNS  ; -1214.203 ; 0.0   ; 0.0      ; 0.0     ; -350.994            ;
;  clk             ; -1214.203 ; 0.000 ; N/A      ; N/A     ; -350.994            ;
+------------------+-----------+-------+----------+---------+---------------------+


+------------------------------------------------------------------------------------------------------------------------------------------------------------------------------------------------------------------------------------------------------------------------------------------------------------------------------------------------------------------------------------------------------------------+
; Board Trace Model Assignments                                                                                                                                                                                                                                                                                                                                                                                    ;
+---------------+--------------+-------------------+-------------------------+-------------------------+---------------+---------------------+----------------+------------------+--------+------------------+------------------------+------------------------+--------------+---------------+-----------------+-------+---------------------+--------------------+---------------+-----------------+-------------+
; Pin           ; I/O Standard ; Near Tline Length ; Near Tline L per Length ; Near Tline C per Length ; Near Series R ; Near Differential R ; Near Pull-up R ; Near Pull-down R ; Near C ; Far Tline Length ; Far Tline L per Length ; Far Tline C per Length ; Far Series R ; Far Pull-up R ; Far Pull-down R ; Far C ; Termination Voltage ; Far Differential R ; EBD File Name ; EBD Signal Name ; EBD Far-end ;
+---------------+--------------+-------------------+-------------------------+-------------------------+---------------+---------------------+----------------+------------------+--------+------------------+------------------------+------------------------+--------------+---------------+-----------------+-------+---------------------+--------------------+---------------+-----------------+-------------+
; q_out[0]      ; 2.5 V        ; 0 in              ; 0 H/in                  ; 0 F/in                  ; short         ; -                   ; open           ; open             ; open   ; 0 in             ; 0 H/in                 ; 0 F/in                 ; short        ; open          ; open            ; open  ; 0 V                 ; -                  ; n/a           ; n/a             ; n/a         ;
; q_out[1]      ; 2.5 V        ; 0 in              ; 0 H/in                  ; 0 F/in                  ; short         ; -                   ; open           ; open             ; open   ; 0 in             ; 0 H/in                 ; 0 F/in                 ; short        ; open          ; open            ; open  ; 0 V                 ; -                  ; n/a           ; n/a             ; n/a         ;
; q_out[2]      ; 2.5 V        ; 0 in              ; 0 H/in                  ; 0 F/in                  ; short         ; -                   ; open           ; open             ; open   ; 0 in             ; 0 H/in                 ; 0 F/in                 ; short        ; open          ; open            ; open  ; 0 V                 ; -                  ; n/a           ; n/a             ; n/a         ;
; q_out[3]      ; 2.5 V        ; 0 in              ; 0 H/in                  ; 0 F/in                  ; short         ; -                   ; open           ; open             ; open   ; 0 in             ; 0 H/in                 ; 0 F/in                 ; short        ; open          ; open            ; open  ; 0 V                 ; -                  ; n/a           ; n/a             ; n/a         ;
; q_out[4]      ; 2.5 V        ; 0 in              ; 0 H/in                  ; 0 F/in                  ; short         ; -                   ; open           ; open             ; open   ; 0 in             ; 0 H/in                 ; 0 F/in                 ; short        ; open          ; open            ; open  ; 0 V                 ; -                  ; n/a           ; n/a             ; n/a         ;
; q_out[5]      ; 2.5 V        ; 0 in              ; 0 H/in                  ; 0 F/in                  ; short         ; -                   ; open           ; open             ; open   ; 0 in             ; 0 H/in                 ; 0 F/in                 ; short        ; open          ; open            ; open  ; 0 V                 ; -                  ; n/a           ; n/a             ; n/a         ;
; q_out[6]      ; 2.5 V        ; 0 in              ; 0 H/in                  ; 0 F/in                  ; short         ; -                   ; open           ; open             ; open   ; 0 in             ; 0 H/in                 ; 0 F/in                 ; short        ; open          ; open            ; open  ; 0 V                 ; -                  ; n/a           ; n/a             ; n/a         ;
; q_out[7]      ; 2.5 V        ; 0 in              ; 0 H/in                  ; 0 F/in                  ; short         ; -                   ; open           ; open             ; open   ; 0 in             ; 0 H/in                 ; 0 F/in                 ; short        ; open          ; open            ; open  ; 0 V                 ; -                  ; n/a           ; n/a             ; n/a         ;
; q_out[8]      ; 2.5 V        ; 0 in              ; 0 H/in                  ; 0 F/in                  ; short         ; -                   ; open           ; open             ; open   ; 0 in             ; 0 H/in                 ; 0 F/in                 ; short        ; open          ; open            ; open  ; 0 V                 ; -                  ; n/a           ; n/a             ; n/a         ;
; q_out[9]      ; 2.5 V        ; 0 in              ; 0 H/in                  ; 0 F/in                  ; short         ; -                   ; open           ; open             ; open   ; 0 in             ; 0 H/in                 ; 0 F/in                 ; short        ; open          ; open            ; open  ; 0 V                 ; -                  ; n/a           ; n/a             ; n/a         ;
; q_out[10]     ; 2.5 V        ; 0 in              ; 0 H/in                  ; 0 F/in                  ; short         ; -                   ; open           ; open             ; open   ; 0 in             ; 0 H/in                 ; 0 F/in                 ; short        ; open          ; open            ; open  ; 0 V                 ; -                  ; n/a           ; n/a             ; n/a         ;
; q_out[11]     ; 2.5 V        ; 0 in              ; 0 H/in                  ; 0 F/in                  ; short         ; -                   ; open           ; open             ; open   ; 0 in             ; 0 H/in                 ; 0 F/in                 ; short        ; open          ; open            ; open  ; 0 V                 ; -                  ; n/a           ; n/a             ; n/a         ;
; q_out[12]     ; 2.5 V        ; 0 in              ; 0 H/in                  ; 0 F/in                  ; short         ; -                   ; open           ; open             ; open   ; 0 in             ; 0 H/in                 ; 0 F/in                 ; short        ; open          ; open            ; open  ; 0 V                 ; -                  ; n/a           ; n/a             ; n/a         ;
; q_out[13]     ; 2.5 V        ; 0 in              ; 0 H/in                  ; 0 F/in                  ; short         ; -                   ; open           ; open             ; open   ; 0 in             ; 0 H/in                 ; 0 F/in                 ; short        ; open          ; open            ; open  ; 0 V                 ; -                  ; n/a           ; n/a             ; n/a         ;
; q_out[14]     ; 2.5 V        ; 0 in              ; 0 H/in                  ; 0 F/in                  ; short         ; -                   ; open           ; open             ; open   ; 0 in             ; 0 H/in                 ; 0 F/in                 ; short        ; open          ; open            ; open  ; 0 V                 ; -                  ; n/a           ; n/a             ; n/a         ;
; q_out[15]     ; 2.5 V        ; 0 in              ; 0 H/in                  ; 0 F/in                  ; short         ; -                   ; open           ; open             ; open   ; 0 in             ; 0 H/in                 ; 0 F/in                 ; short        ; open          ; open            ; open  ; 0 V                 ; -                  ; n/a           ; n/a             ; n/a         ;
; q_out[16]     ; 2.5 V        ; 0 in              ; 0 H/in                  ; 0 F/in                  ; short         ; -                   ; open           ; open             ; open   ; 0 in             ; 0 H/in                 ; 0 F/in                 ; short        ; open          ; open            ; open  ; 0 V                 ; -                  ; n/a           ; n/a             ; n/a         ;
; q_out[17]     ; 2.5 V        ; 0 in              ; 0 H/in                  ; 0 F/in                  ; short         ; -                   ; open           ; open             ; open   ; 0 in             ; 0 H/in                 ; 0 F/in                 ; short        ; open          ; open            ; open  ; 0 V                 ; -                  ; n/a           ; n/a             ; n/a         ;
; q_out[18]     ; 2.5 V        ; 0 in              ; 0 H/in                  ; 0 F/in                  ; short         ; -                   ; open           ; open             ; open   ; 0 in             ; 0 H/in                 ; 0 F/in                 ; short        ; open          ; open            ; open  ; 0 V                 ; -                  ; n/a           ; n/a             ; n/a         ;
; q_out[19]     ; 2.5 V        ; 0 in              ; 0 H/in                  ; 0 F/in                  ; short         ; -                   ; open           ; open             ; open   ; 0 in             ; 0 H/in                 ; 0 F/in                 ; short        ; open          ; open            ; open  ; 0 V                 ; -                  ; n/a           ; n/a             ; n/a         ;
; q_out[20]     ; 2.5 V        ; 0 in              ; 0 H/in                  ; 0 F/in                  ; short         ; -                   ; open           ; open             ; open   ; 0 in             ; 0 H/in                 ; 0 F/in                 ; short        ; open          ; open            ; open  ; 0 V                 ; -                  ; n/a           ; n/a             ; n/a         ;
; q_out[21]     ; 2.5 V        ; 0 in              ; 0 H/in                  ; 0 F/in                  ; short         ; -                   ; open           ; open             ; open   ; 0 in             ; 0 H/in                 ; 0 F/in                 ; short        ; open          ; open            ; open  ; 0 V                 ; -                  ; n/a           ; n/a             ; n/a         ;
; q_out[22]     ; 2.5 V        ; 0 in              ; 0 H/in                  ; 0 F/in                  ; short         ; -                   ; open           ; open             ; open   ; 0 in             ; 0 H/in                 ; 0 F/in                 ; short        ; open          ; open            ; open  ; 0 V                 ; -                  ; n/a           ; n/a             ; n/a         ;
; q_out[23]     ; 2.5 V        ; 0 in              ; 0 H/in                  ; 0 F/in                  ; short         ; -                   ; open           ; open             ; open   ; 0 in             ; 0 H/in                 ; 0 F/in                 ; short        ; open          ; open            ; open  ; 0 V                 ; -                  ; n/a           ; n/a             ; n/a         ;
; q_out[24]     ; 2.5 V        ; 0 in              ; 0 H/in                  ; 0 F/in                  ; short         ; -                   ; open           ; open             ; open   ; 0 in             ; 0 H/in                 ; 0 F/in                 ; short        ; open          ; open            ; open  ; 0 V                 ; -                  ; n/a           ; n/a             ; n/a         ;
; q_out[25]     ; 2.5 V        ; 0 in              ; 0 H/in                  ; 0 F/in                  ; short         ; -                   ; open           ; open             ; open   ; 0 in             ; 0 H/in                 ; 0 F/in                 ; short        ; open          ; open            ; open  ; 0 V                 ; -                  ; n/a           ; n/a             ; n/a         ;
; q_out[26]     ; 2.5 V        ; 0 in              ; 0 H/in                  ; 0 F/in                  ; short         ; -                   ; open           ; open             ; open   ; 0 in             ; 0 H/in                 ; 0 F/in                 ; short        ; open          ; open            ; open  ; 0 V                 ; -                  ; n/a           ; n/a             ; n/a         ;
; q_out[27]     ; 2.5 V        ; 0 in              ; 0 H/in                  ; 0 F/in                  ; short         ; -                   ; open           ; open             ; open   ; 0 in             ; 0 H/in                 ; 0 F/in                 ; short        ; open          ; open            ; open  ; 0 V                 ; -                  ; n/a           ; n/a             ; n/a         ;
; q_out[28]     ; 2.5 V        ; 0 in              ; 0 H/in                  ; 0 F/in                  ; short         ; -                   ; open           ; open             ; open   ; 0 in             ; 0 H/in                 ; 0 F/in                 ; short        ; open          ; open            ; open  ; 0 V                 ; -                  ; n/a           ; n/a             ; n/a         ;
; q_out[29]     ; 2.5 V        ; 0 in              ; 0 H/in                  ; 0 F/in                  ; short         ; -                   ; open           ; open             ; open   ; 0 in             ; 0 H/in                 ; 0 F/in                 ; short        ; open          ; open            ; open  ; 0 V                 ; -                  ; n/a           ; n/a             ; n/a         ;
; q_out[30]     ; 2.5 V        ; 0 in              ; 0 H/in                  ; 0 F/in                  ; short         ; -                   ; open           ; open             ; open   ; 0 in             ; 0 H/in                 ; 0 F/in                 ; short        ; open          ; open            ; open  ; 0 V                 ; -                  ; n/a           ; n/a             ; n/a         ;
; q_out[31]     ; 2.5 V        ; 0 in              ; 0 H/in                  ; 0 F/in                  ; short         ; -                   ; open           ; open             ; open   ; 0 in             ; 0 H/in                 ; 0 F/in                 ; short        ; open          ; open            ; open  ; 0 V                 ; -                  ; n/a           ; n/a             ; n/a         ;
; rem_out[0]    ; 2.5 V        ; 0 in              ; 0 H/in                  ; 0 F/in                  ; short         ; -                   ; open           ; open             ; open   ; 0 in             ; 0 H/in                 ; 0 F/in                 ; short        ; open          ; open            ; open  ; 0 V                 ; -                  ; n/a           ; n/a             ; n/a         ;
; rem_out[1]    ; 2.5 V        ; 0 in              ; 0 H/in                  ; 0 F/in                  ; short         ; -                   ; open           ; open             ; open   ; 0 in             ; 0 H/in                 ; 0 F/in                 ; short        ; open          ; open            ; open  ; 0 V                 ; -                  ; n/a           ; n/a             ; n/a         ;
; rem_out[2]    ; 2.5 V        ; 0 in              ; 0 H/in                  ; 0 F/in                  ; short         ; -                   ; open           ; open             ; open   ; 0 in             ; 0 H/in                 ; 0 F/in                 ; short        ; open          ; open            ; open  ; 0 V                 ; -                  ; n/a           ; n/a             ; n/a         ;
; rem_out[3]    ; 2.5 V        ; 0 in              ; 0 H/in                  ; 0 F/in                  ; short         ; -                   ; open           ; open             ; open   ; 0 in             ; 0 H/in                 ; 0 F/in                 ; short        ; open          ; open            ; open  ; 0 V                 ; -                  ; n/a           ; n/a             ; n/a         ;
; rem_out[4]    ; 2.5 V        ; 0 in              ; 0 H/in                  ; 0 F/in                  ; short         ; -                   ; open           ; open             ; open   ; 0 in             ; 0 H/in                 ; 0 F/in                 ; short        ; open          ; open            ; open  ; 0 V                 ; -                  ; n/a           ; n/a             ; n/a         ;
; rem_out[5]    ; 2.5 V        ; 0 in              ; 0 H/in                  ; 0 F/in                  ; short         ; -                   ; open           ; open             ; open   ; 0 in             ; 0 H/in                 ; 0 F/in                 ; short        ; open          ; open            ; open  ; 0 V                 ; -                  ; n/a           ; n/a             ; n/a         ;
; rem_out[6]    ; 2.5 V        ; 0 in              ; 0 H/in                  ; 0 F/in                  ; short         ; -                   ; open           ; open             ; open   ; 0 in             ; 0 H/in                 ; 0 F/in                 ; short        ; open          ; open            ; open  ; 0 V                 ; -                  ; n/a           ; n/a             ; n/a         ;
; rem_out[7]    ; 2.5 V        ; 0 in              ; 0 H/in                  ; 0 F/in                  ; short         ; -                   ; open           ; open             ; open   ; 0 in             ; 0 H/in                 ; 0 F/in                 ; short        ; open          ; open            ; open  ; 0 V                 ; -                  ; n/a           ; n/a             ; n/a         ;
; rem_out[8]    ; 2.5 V        ; 0 in              ; 0 H/in                  ; 0 F/in                  ; short         ; -                   ; open           ; open             ; open   ; 0 in             ; 0 H/in                 ; 0 F/in                 ; short        ; open          ; open            ; open  ; 0 V                 ; -                  ; n/a           ; n/a             ; n/a         ;
; rem_out[9]    ; 2.5 V        ; 0 in              ; 0 H/in                  ; 0 F/in                  ; short         ; -                   ; open           ; open             ; open   ; 0 in             ; 0 H/in                 ; 0 F/in                 ; short        ; open          ; open            ; open  ; 0 V                 ; -                  ; n/a           ; n/a             ; n/a         ;
; rem_out[10]   ; 2.5 V        ; 0 in              ; 0 H/in                  ; 0 F/in                  ; short         ; -                   ; open           ; open             ; open   ; 0 in             ; 0 H/in                 ; 0 F/in                 ; short        ; open          ; open            ; open  ; 0 V                 ; -                  ; n/a           ; n/a             ; n/a         ;
; rem_out[11]   ; 2.5 V        ; 0 in              ; 0 H/in                  ; 0 F/in                  ; short         ; -                   ; open           ; open             ; open   ; 0 in             ; 0 H/in                 ; 0 F/in                 ; short        ; open          ; open            ; open  ; 0 V                 ; -                  ; n/a           ; n/a             ; n/a         ;
; rem_out[12]   ; 2.5 V        ; 0 in              ; 0 H/in                  ; 0 F/in                  ; short         ; -                   ; open           ; open             ; open   ; 0 in             ; 0 H/in                 ; 0 F/in                 ; short        ; open          ; open            ; open  ; 0 V                 ; -                  ; n/a           ; n/a             ; n/a         ;
; rem_out[13]   ; 2.5 V        ; 0 in              ; 0 H/in                  ; 0 F/in                  ; short         ; -                   ; open           ; open             ; open   ; 0 in             ; 0 H/in                 ; 0 F/in                 ; short        ; open          ; open            ; open  ; 0 V                 ; -                  ; n/a           ; n/a             ; n/a         ;
; rem_out[14]   ; 2.5 V        ; 0 in              ; 0 H/in                  ; 0 F/in                  ; short         ; -                   ; open           ; open             ; open   ; 0 in             ; 0 H/in                 ; 0 F/in                 ; short        ; open          ; open            ; open  ; 0 V                 ; -                  ; n/a           ; n/a             ; n/a         ;
; rem_out[15]   ; 2.5 V        ; 0 in              ; 0 H/in                  ; 0 F/in                  ; short         ; -                   ; open           ; open             ; open   ; 0 in             ; 0 H/in                 ; 0 F/in                 ; short        ; open          ; open            ; open  ; 0 V                 ; -                  ; n/a           ; n/a             ; n/a         ;
; rem_out[16]   ; 2.5 V        ; 0 in              ; 0 H/in                  ; 0 F/in                  ; short         ; -                   ; open           ; open             ; open   ; 0 in             ; 0 H/in                 ; 0 F/in                 ; short        ; open          ; open            ; open  ; 0 V                 ; -                  ; n/a           ; n/a             ; n/a         ;
; rem_out[17]   ; 2.5 V        ; 0 in              ; 0 H/in                  ; 0 F/in                  ; short         ; -                   ; open           ; open             ; open   ; 0 in             ; 0 H/in                 ; 0 F/in                 ; short        ; open          ; open            ; open  ; 0 V                 ; -                  ; n/a           ; n/a             ; n/a         ;
; rem_out[18]   ; 2.5 V        ; 0 in              ; 0 H/in                  ; 0 F/in                  ; short         ; -                   ; open           ; open             ; open   ; 0 in             ; 0 H/in                 ; 0 F/in                 ; short        ; open          ; open            ; open  ; 0 V                 ; -                  ; n/a           ; n/a             ; n/a         ;
; rem_out[19]   ; 2.5 V        ; 0 in              ; 0 H/in                  ; 0 F/in                  ; short         ; -                   ; open           ; open             ; open   ; 0 in             ; 0 H/in                 ; 0 F/in                 ; short        ; open          ; open            ; open  ; 0 V                 ; -                  ; n/a           ; n/a             ; n/a         ;
; rem_out[20]   ; 2.5 V        ; 0 in              ; 0 H/in                  ; 0 F/in                  ; short         ; -                   ; open           ; open             ; open   ; 0 in             ; 0 H/in                 ; 0 F/in                 ; short        ; open          ; open            ; open  ; 0 V                 ; -                  ; n/a           ; n/a             ; n/a         ;
; rem_out[21]   ; 2.5 V        ; 0 in              ; 0 H/in                  ; 0 F/in                  ; short         ; -                   ; open           ; open             ; open   ; 0 in             ; 0 H/in                 ; 0 F/in                 ; short        ; open          ; open            ; open  ; 0 V                 ; -                  ; n/a           ; n/a             ; n/a         ;
; rem_out[22]   ; 2.5 V        ; 0 in              ; 0 H/in                  ; 0 F/in                  ; short         ; -                   ; open           ; open             ; open   ; 0 in             ; 0 H/in                 ; 0 F/in                 ; short        ; open          ; open            ; open  ; 0 V                 ; -                  ; n/a           ; n/a             ; n/a         ;
; rem_out[23]   ; 2.5 V        ; 0 in              ; 0 H/in                  ; 0 F/in                  ; short         ; -                   ; open           ; open             ; open   ; 0 in             ; 0 H/in                 ; 0 F/in                 ; short        ; open          ; open            ; open  ; 0 V                 ; -                  ; n/a           ; n/a             ; n/a         ;
; rem_out[24]   ; 2.5 V        ; 0 in              ; 0 H/in                  ; 0 F/in                  ; short         ; -                   ; open           ; open             ; open   ; 0 in             ; 0 H/in                 ; 0 F/in                 ; short        ; open          ; open            ; open  ; 0 V                 ; -                  ; n/a           ; n/a             ; n/a         ;
; rem_out[25]   ; 2.5 V        ; 0 in              ; 0 H/in                  ; 0 F/in                  ; short         ; -                   ; open           ; open             ; open   ; 0 in             ; 0 H/in                 ; 0 F/in                 ; short        ; open          ; open            ; open  ; 0 V                 ; -                  ; n/a           ; n/a             ; n/a         ;
; rem_out[26]   ; 2.5 V        ; 0 in              ; 0 H/in                  ; 0 F/in                  ; short         ; -                   ; open           ; open             ; open   ; 0 in             ; 0 H/in                 ; 0 F/in                 ; short        ; open          ; open            ; open  ; 0 V                 ; -                  ; n/a           ; n/a             ; n/a         ;
; rem_out[27]   ; 2.5 V        ; 0 in              ; 0 H/in                  ; 0 F/in                  ; short         ; -                   ; open           ; open             ; open   ; 0 in             ; 0 H/in                 ; 0 F/in                 ; short        ; open          ; open            ; open  ; 0 V                 ; -                  ; n/a           ; n/a             ; n/a         ;
; rem_out[28]   ; 2.5 V        ; 0 in              ; 0 H/in                  ; 0 F/in                  ; short         ; -                   ; open           ; open             ; open   ; 0 in             ; 0 H/in                 ; 0 F/in                 ; short        ; open          ; open            ; open  ; 0 V                 ; -                  ; n/a           ; n/a             ; n/a         ;
; rem_out[29]   ; 2.5 V        ; 0 in              ; 0 H/in                  ; 0 F/in                  ; short         ; -                   ; open           ; open             ; open   ; 0 in             ; 0 H/in                 ; 0 F/in                 ; short        ; open          ; open            ; open  ; 0 V                 ; -                  ; n/a           ; n/a             ; n/a         ;
; rem_out[30]   ; 2.5 V        ; 0 in              ; 0 H/in                  ; 0 F/in                  ; short         ; -                   ; open           ; open             ; open   ; 0 in             ; 0 H/in                 ; 0 F/in                 ; short        ; open          ; open            ; open  ; 0 V                 ; -                  ; n/a           ; n/a             ; n/a         ;
; rem_out[31]   ; 2.5 V        ; 0 in              ; 0 H/in                  ; 0 F/in                  ; short         ; -                   ; open           ; open             ; open   ; 0 in             ; 0 H/in                 ; 0 F/in                 ; short        ; open          ; open            ; open  ; 0 V                 ; -                  ; n/a           ; n/a             ; n/a         ;
; done          ; 2.5 V        ; 0 in              ; 0 H/in                  ; 0 F/in                  ; short         ; -                   ; open           ; open             ; open   ; 0 in             ; 0 H/in                 ; 0 F/in                 ; short        ; open          ; open            ; open  ; 0 V                 ; -                  ; n/a           ; n/a             ; n/a         ;
; ~ALTERA_DCLK~ ; 2.5 V        ; 0 in              ; 0 H/in                  ; 0 F/in                  ; short         ; -                   ; open           ; open             ; open   ; 0 in             ; 0 H/in                 ; 0 F/in                 ; short        ; open          ; open            ; open  ; 0 V                 ; -                  ; n/a           ; n/a             ; n/a         ;
; ~ALTERA_nCEO~ ; 2.5 V        ; 0 in              ; 0 H/in                  ; 0 F/in                  ; short         ; -                   ; open           ; open             ; open   ; 0 in             ; 0 H/in                 ; 0 F/in                 ; short        ; open          ; open            ; open  ; 0 V                 ; -                  ; n/a           ; n/a             ; n/a         ;
+---------------+--------------+-------------------+-------------------------+-------------------------+---------------+---------------------+----------------+------------------+--------+------------------+------------------------+------------------------+--------------+---------------+-----------------+-------+---------------------+--------------------+---------------+-----------------+-------------+


+----------------------------------------------------------------------------+
; Input Transition Times                                                     ;
+-------------------------+--------------+-----------------+-----------------+
; Pin                     ; I/O Standard ; 10-90 Rise Time ; 90-10 Fall Time ;
+-------------------------+--------------+-----------------+-----------------+
; clk                     ; 2.5 V        ; 2000 ps         ; 2000 ps         ;
; x_in[31]                ; 2.5 V        ; 2000 ps         ; 2000 ps         ;
; y_in[31]                ; 2.5 V        ; 2000 ps         ; 2000 ps         ;
; rst                     ; 2.5 V        ; 2000 ps         ; 2000 ps         ;
; start                   ; 2.5 V        ; 2000 ps         ; 2000 ps         ;
; x_in[30]                ; 2.5 V        ; 2000 ps         ; 2000 ps         ;
; x_in[29]                ; 2.5 V        ; 2000 ps         ; 2000 ps         ;
; x_in[28]                ; 2.5 V        ; 2000 ps         ; 2000 ps         ;
; x_in[27]                ; 2.5 V        ; 2000 ps         ; 2000 ps         ;
; x_in[26]                ; 2.5 V        ; 2000 ps         ; 2000 ps         ;
; x_in[25]                ; 2.5 V        ; 2000 ps         ; 2000 ps         ;
; x_in[24]                ; 2.5 V        ; 2000 ps         ; 2000 ps         ;
; x_in[23]                ; 2.5 V        ; 2000 ps         ; 2000 ps         ;
; x_in[22]                ; 2.5 V        ; 2000 ps         ; 2000 ps         ;
; x_in[21]                ; 2.5 V        ; 2000 ps         ; 2000 ps         ;
; x_in[20]                ; 2.5 V        ; 2000 ps         ; 2000 ps         ;
; x_in[19]                ; 2.5 V        ; 2000 ps         ; 2000 ps         ;
; x_in[18]                ; 2.5 V        ; 2000 ps         ; 2000 ps         ;
; x_in[17]                ; 2.5 V        ; 2000 ps         ; 2000 ps         ;
; x_in[16]                ; 2.5 V        ; 2000 ps         ; 2000 ps         ;
; x_in[15]                ; 2.5 V        ; 2000 ps         ; 2000 ps         ;
; x_in[14]                ; 2.5 V        ; 2000 ps         ; 2000 ps         ;
; x_in[13]                ; 2.5 V        ; 2000 ps         ; 2000 ps         ;
; x_in[12]                ; 2.5 V        ; 2000 ps         ; 2000 ps         ;
; x_in[11]                ; 2.5 V        ; 2000 ps         ; 2000 ps         ;
; x_in[10]                ; 2.5 V        ; 2000 ps         ; 2000 ps         ;
; x_in[9]                 ; 2.5 V        ; 2000 ps         ; 2000 ps         ;
; x_in[8]                 ; 2.5 V        ; 2000 ps         ; 2000 ps         ;
; x_in[7]                 ; 2.5 V        ; 2000 ps         ; 2000 ps         ;
; x_in[6]                 ; 2.5 V        ; 2000 ps         ; 2000 ps         ;
; x_in[5]                 ; 2.5 V        ; 2000 ps         ; 2000 ps         ;
; x_in[4]                 ; 2.5 V        ; 2000 ps         ; 2000 ps         ;
; x_in[3]                 ; 2.5 V        ; 2000 ps         ; 2000 ps         ;
; x_in[2]                 ; 2.5 V        ; 2000 ps         ; 2000 ps         ;
; x_in[1]                 ; 2.5 V        ; 2000 ps         ; 2000 ps         ;
; x_in[0]                 ; 2.5 V        ; 2000 ps         ; 2000 ps         ;
; y_in[30]                ; 2.5 V        ; 2000 ps         ; 2000 ps         ;
; y_in[29]                ; 2.5 V        ; 2000 ps         ; 2000 ps         ;
; y_in[28]                ; 2.5 V        ; 2000 ps         ; 2000 ps         ;
; y_in[27]                ; 2.5 V        ; 2000 ps         ; 2000 ps         ;
; y_in[26]                ; 2.5 V        ; 2000 ps         ; 2000 ps         ;
; y_in[25]                ; 2.5 V        ; 2000 ps         ; 2000 ps         ;
; y_in[24]                ; 2.5 V        ; 2000 ps         ; 2000 ps         ;
; y_in[23]                ; 2.5 V        ; 2000 ps         ; 2000 ps         ;
; y_in[22]                ; 2.5 V        ; 2000 ps         ; 2000 ps         ;
; y_in[21]                ; 2.5 V        ; 2000 ps         ; 2000 ps         ;
; y_in[20]                ; 2.5 V        ; 2000 ps         ; 2000 ps         ;
; y_in[19]                ; 2.5 V        ; 2000 ps         ; 2000 ps         ;
; y_in[18]                ; 2.5 V        ; 2000 ps         ; 2000 ps         ;
; y_in[17]                ; 2.5 V        ; 2000 ps         ; 2000 ps         ;
; y_in[16]                ; 2.5 V        ; 2000 ps         ; 2000 ps         ;
; y_in[15]                ; 2.5 V        ; 2000 ps         ; 2000 ps         ;
; y_in[14]                ; 2.5 V        ; 2000 ps         ; 2000 ps         ;
; y_in[13]                ; 2.5 V        ; 2000 ps         ; 2000 ps         ;
; y_in[12]                ; 2.5 V        ; 2000 ps         ; 2000 ps         ;
; y_in[11]                ; 2.5 V        ; 2000 ps         ; 2000 ps         ;
; y_in[10]                ; 2.5 V        ; 2000 ps         ; 2000 ps         ;
; y_in[9]                 ; 2.5 V        ; 2000 ps         ; 2000 ps         ;
; y_in[8]                 ; 2.5 V        ; 2000 ps         ; 2000 ps         ;
; y_in[7]                 ; 2.5 V        ; 2000 ps         ; 2000 ps         ;
; y_in[6]                 ; 2.5 V        ; 2000 ps         ; 2000 ps         ;
; y_in[5]                 ; 2.5 V        ; 2000 ps         ; 2000 ps         ;
; y_in[4]                 ; 2.5 V        ; 2000 ps         ; 2000 ps         ;
; y_in[3]                 ; 2.5 V        ; 2000 ps         ; 2000 ps         ;
; y_in[2]                 ; 2.5 V        ; 2000 ps         ; 2000 ps         ;
; y_in[1]                 ; 2.5 V        ; 2000 ps         ; 2000 ps         ;
; y_in[0]                 ; 2.5 V        ; 2000 ps         ; 2000 ps         ;
; ~ALTERA_ASDO_DATA1~     ; 2.5 V        ; 2000 ps         ; 2000 ps         ;
; ~ALTERA_FLASH_nCE_nCSO~ ; 2.5 V        ; 2000 ps         ; 2000 ps         ;
; ~ALTERA_DATA0~          ; 2.5 V        ; 2000 ps         ; 2000 ps         ;
+-------------------------+--------------+-----------------+-----------------+


+--------------------------------------------------------------------------------------------------------------------------------------------------------------------------------------------------------------------------------------------------------------------------------------------------------------------------------------------------------------------------------------------------------------------------------------------------------------------------------------------------------------------------------------------------------------------------------------------------------------------------------------------------------------------------------------------+
; Signal Integrity Metrics (Slow 1200mv 0c Model)                                                                                                                                                                                                                                                                                                                                                                                                                                                                                                                                                                                                                                            ;
+---------------+--------------+---------------------+---------------------+------------------------------+------------------------------+---------------------+---------------------+--------------------------------------+--------------------------------------+-----------------------------+-----------------------------+----------------------------+----------------------------+-----------------------------+-----------------------------+--------------------+--------------------+-------------------------------------+-------------------------------------+----------------------------+----------------------------+---------------------------+---------------------------+
; Pin           ; I/O Standard ; Board Delay on Rise ; Board Delay on Fall ; Steady State Voh at FPGA Pin ; Steady State Vol at FPGA Pin ; Voh Max at FPGA Pin ; Vol Min at FPGA Pin ; Ringback Voltage on Rise at FPGA Pin ; Ringback Voltage on Fall at FPGA Pin ; 10-90 Rise Time at FPGA Pin ; 90-10 Fall Time at FPGA Pin ; Monotonic Rise at FPGA Pin ; Monotonic Fall at FPGA Pin ; Steady State Voh at Far-end ; Steady State Vol at Far-end ; Voh Max at Far-end ; Vol Min at Far-end ; Ringback Voltage on Rise at Far-end ; Ringback Voltage on Fall at Far-end ; 10-90 Rise Time at Far-end ; 90-10 Fall Time at Far-end ; Monotonic Rise at Far-end ; Monotonic Fall at Far-end ;
+---------------+--------------+---------------------+---------------------+------------------------------+------------------------------+---------------------+---------------------+--------------------------------------+--------------------------------------+-----------------------------+-----------------------------+----------------------------+----------------------------+-----------------------------+-----------------------------+--------------------+--------------------+-------------------------------------+-------------------------------------+----------------------------+----------------------------+---------------------------+---------------------------+
; q_out[0]      ; 2.5 V        ; 0 s                 ; 0 s                 ; 2.32 V                       ; 5.95e-09 V                   ; 2.38 V              ; -0.016 V            ; 0.22 V                               ; 0.025 V                              ; 3.06e-10 s                  ; 3.3e-10 s                   ; Yes                        ; Yes                        ; 2.32 V                      ; 5.95e-09 V                  ; 2.38 V             ; -0.016 V           ; 0.22 V                              ; 0.025 V                             ; 3.06e-10 s                 ; 3.3e-10 s                  ; Yes                       ; Yes                       ;
; q_out[1]      ; 2.5 V        ; 0 s                 ; 0 s                 ; 2.32 V                       ; 4.44e-09 V                   ; 2.33 V              ; -0.00624 V          ; 0.185 V                              ; 0.097 V                              ; 2.82e-09 s                  ; 2.56e-09 s                  ; No                         ; Yes                        ; 2.32 V                      ; 4.44e-09 V                  ; 2.33 V             ; -0.00624 V         ; 0.185 V                             ; 0.097 V                             ; 2.82e-09 s                 ; 2.56e-09 s                 ; No                        ; Yes                       ;
; q_out[2]      ; 2.5 V        ; 0 s                 ; 0 s                 ; 2.32 V                       ; 4.44e-09 V                   ; 2.38 V              ; -0.0145 V           ; 0.169 V                              ; 0.026 V                              ; 4.83e-10 s                  ; 4.71e-10 s                  ; Yes                        ; Yes                        ; 2.32 V                      ; 4.44e-09 V                  ; 2.38 V             ; -0.0145 V          ; 0.169 V                             ; 0.026 V                             ; 4.83e-10 s                 ; 4.71e-10 s                 ; Yes                       ; Yes                       ;
; q_out[3]      ; 2.5 V        ; 0 s                 ; 0 s                 ; 2.32 V                       ; 4.44e-09 V                   ; 2.38 V              ; -0.0145 V           ; 0.169 V                              ; 0.026 V                              ; 4.83e-10 s                  ; 4.71e-10 s                  ; Yes                        ; Yes                        ; 2.32 V                      ; 4.44e-09 V                  ; 2.38 V             ; -0.0145 V          ; 0.169 V                             ; 0.026 V                             ; 4.83e-10 s                 ; 4.71e-10 s                 ; Yes                       ; Yes                       ;
; q_out[4]      ; 2.5 V        ; 0 s                 ; 0 s                 ; 2.32 V                       ; 4.44e-09 V                   ; 2.38 V              ; -0.0145 V           ; 0.169 V                              ; 0.026 V                              ; 4.83e-10 s                  ; 4.71e-10 s                  ; Yes                        ; Yes                        ; 2.32 V                      ; 4.44e-09 V                  ; 2.38 V             ; -0.0145 V          ; 0.169 V                             ; 0.026 V                             ; 4.83e-10 s                 ; 4.71e-10 s                 ; Yes                       ; Yes                       ;
; q_out[5]      ; 2.5 V        ; 0 s                 ; 0 s                 ; 2.32 V                       ; 5.95e-09 V                   ; 2.38 V              ; -0.016 V            ; 0.22 V                               ; 0.025 V                              ; 3.06e-10 s                  ; 3.3e-10 s                   ; Yes                        ; Yes                        ; 2.32 V                      ; 5.95e-09 V                  ; 2.38 V             ; -0.016 V           ; 0.22 V                              ; 0.025 V                             ; 3.06e-10 s                 ; 3.3e-10 s                  ; Yes                       ; Yes                       ;
; q_out[6]      ; 2.5 V        ; 0 s                 ; 0 s                 ; 2.32 V                       ; 5.95e-09 V                   ; 2.38 V              ; -0.016 V            ; 0.22 V                               ; 0.025 V                              ; 3.06e-10 s                  ; 3.3e-10 s                   ; Yes                        ; Yes                        ; 2.32 V                      ; 5.95e-09 V                  ; 2.38 V             ; -0.016 V           ; 0.22 V                              ; 0.025 V                             ; 3.06e-10 s                 ; 3.3e-10 s                  ; Yes                       ; Yes                       ;
; q_out[7]      ; 2.5 V        ; 0 s                 ; 0 s                 ; 2.32 V                       ; 5.95e-09 V                   ; 2.33 V              ; -0.00616 V          ; 0.191 V                              ; 0.099 V                              ; 2.83e-09 s                  ; 2.56e-09 s                  ; No                         ; Yes                        ; 2.32 V                      ; 5.95e-09 V                  ; 2.33 V             ; -0.00616 V         ; 0.191 V                             ; 0.099 V                             ; 2.83e-09 s                 ; 2.56e-09 s                 ; No                        ; Yes                       ;
; q_out[8]      ; 2.5 V        ; 0 s                 ; 0 s                 ; 2.32 V                       ; 5.95e-09 V                   ; 2.38 V              ; -0.016 V            ; 0.22 V                               ; 0.025 V                              ; 3.06e-10 s                  ; 3.3e-10 s                   ; Yes                        ; Yes                        ; 2.32 V                      ; 5.95e-09 V                  ; 2.38 V             ; -0.016 V           ; 0.22 V                              ; 0.025 V                             ; 3.06e-10 s                 ; 3.3e-10 s                  ; Yes                       ; Yes                       ;
; q_out[9]      ; 2.5 V        ; 0 s                 ; 0 s                 ; 2.32 V                       ; 4.44e-09 V                   ; 2.38 V              ; -0.0145 V           ; 0.169 V                              ; 0.026 V                              ; 4.83e-10 s                  ; 4.71e-10 s                  ; Yes                        ; Yes                        ; 2.32 V                      ; 4.44e-09 V                  ; 2.38 V             ; -0.0145 V          ; 0.169 V                             ; 0.026 V                             ; 4.83e-10 s                 ; 4.71e-10 s                 ; Yes                       ; Yes                       ;
; q_out[10]     ; 2.5 V        ; 0 s                 ; 0 s                 ; 2.32 V                       ; 4.44e-09 V                   ; 2.39 V              ; -0.0265 V           ; 0.2 V                                ; 0.033 V                              ; 2.94e-10 s                  ; 3.12e-10 s                  ; Yes                        ; Yes                        ; 2.32 V                      ; 4.44e-09 V                  ; 2.39 V             ; -0.0265 V          ; 0.2 V                               ; 0.033 V                             ; 2.94e-10 s                 ; 3.12e-10 s                 ; Yes                       ; Yes                       ;
; q_out[11]     ; 2.5 V        ; 0 s                 ; 0 s                 ; 2.32 V                       ; 5.95e-09 V                   ; 2.38 V              ; -0.016 V            ; 0.22 V                               ; 0.025 V                              ; 3.06e-10 s                  ; 3.3e-10 s                   ; Yes                        ; Yes                        ; 2.32 V                      ; 5.95e-09 V                  ; 2.38 V             ; -0.016 V           ; 0.22 V                              ; 0.025 V                             ; 3.06e-10 s                 ; 3.3e-10 s                  ; Yes                       ; Yes                       ;
; q_out[12]     ; 2.5 V        ; 0 s                 ; 0 s                 ; 2.32 V                       ; 5.95e-09 V                   ; 2.38 V              ; -0.016 V            ; 0.22 V                               ; 0.025 V                              ; 3.06e-10 s                  ; 3.3e-10 s                   ; Yes                        ; Yes                        ; 2.32 V                      ; 5.95e-09 V                  ; 2.38 V             ; -0.016 V           ; 0.22 V                              ; 0.025 V                             ; 3.06e-10 s                 ; 3.3e-10 s                  ; Yes                       ; Yes                       ;
; q_out[13]     ; 2.5 V        ; 0 s                 ; 0 s                 ; 2.32 V                       ; 5.95e-09 V                   ; 2.33 V              ; -0.00616 V          ; 0.191 V                              ; 0.099 V                              ; 2.83e-09 s                  ; 2.56e-09 s                  ; No                         ; Yes                        ; 2.32 V                      ; 5.95e-09 V                  ; 2.33 V             ; -0.00616 V         ; 0.191 V                             ; 0.099 V                             ; 2.83e-09 s                 ; 2.56e-09 s                 ; No                        ; Yes                       ;
; q_out[14]     ; 2.5 V        ; 0 s                 ; 0 s                 ; 2.32 V                       ; 5.95e-09 V                   ; 2.38 V              ; -0.016 V            ; 0.22 V                               ; 0.025 V                              ; 3.06e-10 s                  ; 3.3e-10 s                   ; Yes                        ; Yes                        ; 2.32 V                      ; 5.95e-09 V                  ; 2.38 V             ; -0.016 V           ; 0.22 V                              ; 0.025 V                             ; 3.06e-10 s                 ; 3.3e-10 s                  ; Yes                       ; Yes                       ;
; q_out[15]     ; 2.5 V        ; 0 s                 ; 0 s                 ; 2.32 V                       ; 5.95e-09 V                   ; 2.38 V              ; -0.016 V            ; 0.22 V                               ; 0.025 V                              ; 3.06e-10 s                  ; 3.3e-10 s                   ; Yes                        ; Yes                        ; 2.32 V                      ; 5.95e-09 V                  ; 2.38 V             ; -0.016 V           ; 0.22 V                              ; 0.025 V                             ; 3.06e-10 s                 ; 3.3e-10 s                  ; Yes                       ; Yes                       ;
; q_out[16]     ; 2.5 V        ; 0 s                 ; 0 s                 ; 2.32 V                       ; 5.95e-09 V                   ; 2.38 V              ; -0.016 V            ; 0.22 V                               ; 0.025 V                              ; 3.06e-10 s                  ; 3.3e-10 s                   ; Yes                        ; Yes                        ; 2.32 V                      ; 5.95e-09 V                  ; 2.38 V             ; -0.016 V           ; 0.22 V                              ; 0.025 V                             ; 3.06e-10 s                 ; 3.3e-10 s                  ; Yes                       ; Yes                       ;
; q_out[17]     ; 2.5 V        ; 0 s                 ; 0 s                 ; 2.32 V                       ; 4.44e-09 V                   ; 2.38 V              ; -0.0145 V           ; 0.169 V                              ; 0.026 V                              ; 4.83e-10 s                  ; 4.71e-10 s                  ; Yes                        ; Yes                        ; 2.32 V                      ; 4.44e-09 V                  ; 2.38 V             ; -0.0145 V          ; 0.169 V                             ; 0.026 V                             ; 4.83e-10 s                 ; 4.71e-10 s                 ; Yes                       ; Yes                       ;
; q_out[18]     ; 2.5 V        ; 0 s                 ; 0 s                 ; 2.32 V                       ; 4.44e-09 V                   ; 2.38 V              ; -0.0145 V           ; 0.169 V                              ; 0.026 V                              ; 4.83e-10 s                  ; 4.71e-10 s                  ; Yes                        ; Yes                        ; 2.32 V                      ; 4.44e-09 V                  ; 2.38 V             ; -0.0145 V          ; 0.169 V                             ; 0.026 V                             ; 4.83e-10 s                 ; 4.71e-10 s                 ; Yes                       ; Yes                       ;
; q_out[19]     ; 2.5 V        ; 0 s                 ; 0 s                 ; 2.32 V                       ; 5.95e-09 V                   ; 2.38 V              ; -0.016 V            ; 0.22 V                               ; 0.025 V                              ; 3.06e-10 s                  ; 3.3e-10 s                   ; Yes                        ; Yes                        ; 2.32 V                      ; 5.95e-09 V                  ; 2.38 V             ; -0.016 V           ; 0.22 V                              ; 0.025 V                             ; 3.06e-10 s                 ; 3.3e-10 s                  ; Yes                       ; Yes                       ;
; q_out[20]     ; 2.5 V        ; 0 s                 ; 0 s                 ; 2.32 V                       ; 5.95e-09 V                   ; 2.38 V              ; -0.016 V            ; 0.22 V                               ; 0.025 V                              ; 3.06e-10 s                  ; 3.3e-10 s                   ; Yes                        ; Yes                        ; 2.32 V                      ; 5.95e-09 V                  ; 2.38 V             ; -0.016 V           ; 0.22 V                              ; 0.025 V                             ; 3.06e-10 s                 ; 3.3e-10 s                  ; Yes                       ; Yes                       ;
; q_out[21]     ; 2.5 V        ; 0 s                 ; 0 s                 ; 2.32 V                       ; 5.95e-09 V                   ; 2.38 V              ; -0.016 V            ; 0.22 V                               ; 0.025 V                              ; 3.06e-10 s                  ; 3.3e-10 s                   ; Yes                        ; Yes                        ; 2.32 V                      ; 5.95e-09 V                  ; 2.38 V             ; -0.016 V           ; 0.22 V                              ; 0.025 V                             ; 3.06e-10 s                 ; 3.3e-10 s                  ; Yes                       ; Yes                       ;
; q_out[22]     ; 2.5 V        ; 0 s                 ; 0 s                 ; 2.32 V                       ; 5.95e-09 V                   ; 2.38 V              ; -0.016 V            ; 0.22 V                               ; 0.025 V                              ; 3.06e-10 s                  ; 3.3e-10 s                   ; Yes                        ; Yes                        ; 2.32 V                      ; 5.95e-09 V                  ; 2.38 V             ; -0.016 V           ; 0.22 V                              ; 0.025 V                             ; 3.06e-10 s                 ; 3.3e-10 s                  ; Yes                       ; Yes                       ;
; q_out[23]     ; 2.5 V        ; 0 s                 ; 0 s                 ; 2.32 V                       ; 5.95e-09 V                   ; 2.38 V              ; -0.016 V            ; 0.22 V                               ; 0.025 V                              ; 3.06e-10 s                  ; 3.3e-10 s                   ; Yes                        ; Yes                        ; 2.32 V                      ; 5.95e-09 V                  ; 2.38 V             ; -0.016 V           ; 0.22 V                              ; 0.025 V                             ; 3.06e-10 s                 ; 3.3e-10 s                  ; Yes                       ; Yes                       ;
; q_out[24]     ; 2.5 V        ; 0 s                 ; 0 s                 ; 2.32 V                       ; 5.95e-09 V                   ; 2.38 V              ; -0.016 V            ; 0.22 V                               ; 0.025 V                              ; 3.06e-10 s                  ; 3.3e-10 s                   ; Yes                        ; Yes                        ; 2.32 V                      ; 5.95e-09 V                  ; 2.38 V             ; -0.016 V           ; 0.22 V                              ; 0.025 V                             ; 3.06e-10 s                 ; 3.3e-10 s                  ; Yes                       ; Yes                       ;
; q_out[25]     ; 2.5 V        ; 0 s                 ; 0 s                 ; 2.32 V                       ; 5.95e-09 V                   ; 2.38 V              ; -0.016 V            ; 0.22 V                               ; 0.025 V                              ; 3.06e-10 s                  ; 3.3e-10 s                   ; Yes                        ; Yes                        ; 2.32 V                      ; 5.95e-09 V                  ; 2.38 V             ; -0.016 V           ; 0.22 V                              ; 0.025 V                             ; 3.06e-10 s                 ; 3.3e-10 s                  ; Yes                       ; Yes                       ;
; q_out[26]     ; 2.5 V        ; 0 s                 ; 0 s                 ; 2.32 V                       ; 5.95e-09 V                   ; 2.38 V              ; -0.016 V            ; 0.22 V                               ; 0.025 V                              ; 3.06e-10 s                  ; 3.3e-10 s                   ; Yes                        ; Yes                        ; 2.32 V                      ; 5.95e-09 V                  ; 2.38 V             ; -0.016 V           ; 0.22 V                              ; 0.025 V                             ; 3.06e-10 s                 ; 3.3e-10 s                  ; Yes                       ; Yes                       ;
; q_out[27]     ; 2.5 V        ; 0 s                 ; 0 s                 ; 2.32 V                       ; 5.95e-09 V                   ; 2.38 V              ; -0.016 V            ; 0.22 V                               ; 0.025 V                              ; 3.06e-10 s                  ; 3.3e-10 s                   ; Yes                        ; Yes                        ; 2.32 V                      ; 5.95e-09 V                  ; 2.38 V             ; -0.016 V           ; 0.22 V                              ; 0.025 V                             ; 3.06e-10 s                 ; 3.3e-10 s                  ; Yes                       ; Yes                       ;
; q_out[28]     ; 2.5 V        ; 0 s                 ; 0 s                 ; 2.32 V                       ; 5.95e-09 V                   ; 2.38 V              ; -0.016 V            ; 0.22 V                               ; 0.025 V                              ; 3.06e-10 s                  ; 3.3e-10 s                   ; Yes                        ; Yes                        ; 2.32 V                      ; 5.95e-09 V                  ; 2.38 V             ; -0.016 V           ; 0.22 V                              ; 0.025 V                             ; 3.06e-10 s                 ; 3.3e-10 s                  ; Yes                       ; Yes                       ;
; q_out[29]     ; 2.5 V        ; 0 s                 ; 0 s                 ; 2.32 V                       ; 5.95e-09 V                   ; 2.38 V              ; -0.016 V            ; 0.22 V                               ; 0.025 V                              ; 3.06e-10 s                  ; 3.3e-10 s                   ; Yes                        ; Yes                        ; 2.32 V                      ; 5.95e-09 V                  ; 2.38 V             ; -0.016 V           ; 0.22 V                              ; 0.025 V                             ; 3.06e-10 s                 ; 3.3e-10 s                  ; Yes                       ; Yes                       ;
; q_out[30]     ; 2.5 V        ; 0 s                 ; 0 s                 ; 2.32 V                       ; 4.44e-09 V                   ; 2.38 V              ; -0.0145 V           ; 0.169 V                              ; 0.026 V                              ; 4.83e-10 s                  ; 4.71e-10 s                  ; Yes                        ; Yes                        ; 2.32 V                      ; 4.44e-09 V                  ; 2.38 V             ; -0.0145 V          ; 0.169 V                             ; 0.026 V                             ; 4.83e-10 s                 ; 4.71e-10 s                 ; Yes                       ; Yes                       ;
; q_out[31]     ; 2.5 V        ; 0 s                 ; 0 s                 ; 2.32 V                       ; 5.95e-09 V                   ; 2.38 V              ; -0.016 V            ; 0.22 V                               ; 0.025 V                              ; 3.06e-10 s                  ; 3.3e-10 s                   ; Yes                        ; Yes                        ; 2.32 V                      ; 5.95e-09 V                  ; 2.38 V             ; -0.016 V           ; 0.22 V                              ; 0.025 V                             ; 3.06e-10 s                 ; 3.3e-10 s                  ; Yes                       ; Yes                       ;
; rem_out[0]    ; 2.5 V        ; 0 s                 ; 0 s                 ; 2.32 V                       ; 4.44e-09 V                   ; 2.38 V              ; -0.0145 V           ; 0.169 V                              ; 0.026 V                              ; 4.83e-10 s                  ; 4.71e-10 s                  ; Yes                        ; Yes                        ; 2.32 V                      ; 4.44e-09 V                  ; 2.38 V             ; -0.0145 V          ; 0.169 V                             ; 0.026 V                             ; 4.83e-10 s                 ; 4.71e-10 s                 ; Yes                       ; Yes                       ;
; rem_out[1]    ; 2.5 V        ; 0 s                 ; 0 s                 ; 2.32 V                       ; 5.95e-09 V                   ; 2.38 V              ; -0.016 V            ; 0.22 V                               ; 0.025 V                              ; 3.06e-10 s                  ; 3.3e-10 s                   ; Yes                        ; Yes                        ; 2.32 V                      ; 5.95e-09 V                  ; 2.38 V             ; -0.016 V           ; 0.22 V                              ; 0.025 V                             ; 3.06e-10 s                 ; 3.3e-10 s                  ; Yes                       ; Yes                       ;
; rem_out[2]    ; 2.5 V        ; 0 s                 ; 0 s                 ; 2.32 V                       ; 5.95e-09 V                   ; 2.38 V              ; -0.016 V            ; 0.22 V                               ; 0.025 V                              ; 3.06e-10 s                  ; 3.3e-10 s                   ; Yes                        ; Yes                        ; 2.32 V                      ; 5.95e-09 V                  ; 2.38 V             ; -0.016 V           ; 0.22 V                              ; 0.025 V                             ; 3.06e-10 s                 ; 3.3e-10 s                  ; Yes                       ; Yes                       ;
; rem_out[3]    ; 2.5 V        ; 0 s                 ; 0 s                 ; 2.32 V                       ; 5.95e-09 V                   ; 2.38 V              ; -0.016 V            ; 0.22 V                               ; 0.025 V                              ; 3.06e-10 s                  ; 3.3e-10 s                   ; Yes                        ; Yes                        ; 2.32 V                      ; 5.95e-09 V                  ; 2.38 V             ; -0.016 V           ; 0.22 V                              ; 0.025 V                             ; 3.06e-10 s                 ; 3.3e-10 s                  ; Yes                       ; Yes                       ;
; rem_out[4]    ; 2.5 V        ; 0 s                 ; 0 s                 ; 2.32 V                       ; 5.95e-09 V                   ; 2.38 V              ; -0.016 V            ; 0.22 V                               ; 0.025 V                              ; 3.06e-10 s                  ; 3.3e-10 s                   ; Yes                        ; Yes                        ; 2.32 V                      ; 5.95e-09 V                  ; 2.38 V             ; -0.016 V           ; 0.22 V                              ; 0.025 V                             ; 3.06e-10 s                 ; 3.3e-10 s                  ; Yes                       ; Yes                       ;
; rem_out[5]    ; 2.5 V        ; 0 s                 ; 0 s                 ; 2.32 V                       ; 5.95e-09 V                   ; 2.38 V              ; -0.016 V            ; 0.22 V                               ; 0.025 V                              ; 3.06e-10 s                  ; 3.3e-10 s                   ; Yes                        ; Yes                        ; 2.32 V                      ; 5.95e-09 V                  ; 2.38 V             ; -0.016 V           ; 0.22 V                              ; 0.025 V                             ; 3.06e-10 s                 ; 3.3e-10 s                  ; Yes                       ; Yes                       ;
; rem_out[6]    ; 2.5 V        ; 0 s                 ; 0 s                 ; 2.32 V                       ; 5.95e-09 V                   ; 2.38 V              ; -0.016 V            ; 0.22 V                               ; 0.025 V                              ; 3.06e-10 s                  ; 3.3e-10 s                   ; Yes                        ; Yes                        ; 2.32 V                      ; 5.95e-09 V                  ; 2.38 V             ; -0.016 V           ; 0.22 V                              ; 0.025 V                             ; 3.06e-10 s                 ; 3.3e-10 s                  ; Yes                       ; Yes                       ;
; rem_out[7]    ; 2.5 V        ; 0 s                 ; 0 s                 ; 2.32 V                       ; 5.95e-09 V                   ; 2.38 V              ; -0.016 V            ; 0.22 V                               ; 0.025 V                              ; 3.06e-10 s                  ; 3.3e-10 s                   ; Yes                        ; Yes                        ; 2.32 V                      ; 5.95e-09 V                  ; 2.38 V             ; -0.016 V           ; 0.22 V                              ; 0.025 V                             ; 3.06e-10 s                 ; 3.3e-10 s                  ; Yes                       ; Yes                       ;
; rem_out[8]    ; 2.5 V        ; 0 s                 ; 0 s                 ; 2.32 V                       ; 5.95e-09 V                   ; 2.38 V              ; -0.016 V            ; 0.22 V                               ; 0.025 V                              ; 3.06e-10 s                  ; 3.3e-10 s                   ; Yes                        ; Yes                        ; 2.32 V                      ; 5.95e-09 V                  ; 2.38 V             ; -0.016 V           ; 0.22 V                              ; 0.025 V                             ; 3.06e-10 s                 ; 3.3e-10 s                  ; Yes                       ; Yes                       ;
; rem_out[9]    ; 2.5 V        ; 0 s                 ; 0 s                 ; 2.32 V                       ; 5.95e-09 V                   ; 2.38 V              ; -0.016 V            ; 0.22 V                               ; 0.025 V                              ; 3.06e-10 s                  ; 3.3e-10 s                   ; Yes                        ; Yes                        ; 2.32 V                      ; 5.95e-09 V                  ; 2.38 V             ; -0.016 V           ; 0.22 V                              ; 0.025 V                             ; 3.06e-10 s                 ; 3.3e-10 s                  ; Yes                       ; Yes                       ;
; rem_out[10]   ; 2.5 V        ; 0 s                 ; 0 s                 ; 2.32 V                       ; 5.95e-09 V                   ; 2.38 V              ; -0.016 V            ; 0.22 V                               ; 0.025 V                              ; 3.06e-10 s                  ; 3.3e-10 s                   ; Yes                        ; Yes                        ; 2.32 V                      ; 5.95e-09 V                  ; 2.38 V             ; -0.016 V           ; 0.22 V                              ; 0.025 V                             ; 3.06e-10 s                 ; 3.3e-10 s                  ; Yes                       ; Yes                       ;
; rem_out[11]   ; 2.5 V        ; 0 s                 ; 0 s                 ; 2.32 V                       ; 5.95e-09 V                   ; 2.38 V              ; -0.016 V            ; 0.22 V                               ; 0.025 V                              ; 3.06e-10 s                  ; 3.3e-10 s                   ; Yes                        ; Yes                        ; 2.32 V                      ; 5.95e-09 V                  ; 2.38 V             ; -0.016 V           ; 0.22 V                              ; 0.025 V                             ; 3.06e-10 s                 ; 3.3e-10 s                  ; Yes                       ; Yes                       ;
; rem_out[12]   ; 2.5 V        ; 0 s                 ; 0 s                 ; 2.32 V                       ; 5.95e-09 V                   ; 2.38 V              ; -0.016 V            ; 0.22 V                               ; 0.025 V                              ; 3.06e-10 s                  ; 3.3e-10 s                   ; Yes                        ; Yes                        ; 2.32 V                      ; 5.95e-09 V                  ; 2.38 V             ; -0.016 V           ; 0.22 V                              ; 0.025 V                             ; 3.06e-10 s                 ; 3.3e-10 s                  ; Yes                       ; Yes                       ;
; rem_out[13]   ; 2.5 V        ; 0 s                 ; 0 s                 ; 2.32 V                       ; 5.95e-09 V                   ; 2.38 V              ; -0.016 V            ; 0.22 V                               ; 0.025 V                              ; 3.06e-10 s                  ; 3.3e-10 s                   ; Yes                        ; Yes                        ; 2.32 V                      ; 5.95e-09 V                  ; 2.38 V             ; -0.016 V           ; 0.22 V                              ; 0.025 V                             ; 3.06e-10 s                 ; 3.3e-10 s                  ; Yes                       ; Yes                       ;
; rem_out[14]   ; 2.5 V        ; 0 s                 ; 0 s                 ; 2.32 V                       ; 5.95e-09 V                   ; 2.38 V              ; -0.016 V            ; 0.22 V                               ; 0.025 V                              ; 3.06e-10 s                  ; 3.3e-10 s                   ; Yes                        ; Yes                        ; 2.32 V                      ; 5.95e-09 V                  ; 2.38 V             ; -0.016 V           ; 0.22 V                              ; 0.025 V                             ; 3.06e-10 s                 ; 3.3e-10 s                  ; Yes                       ; Yes                       ;
; rem_out[15]   ; 2.5 V        ; 0 s                 ; 0 s                 ; 2.32 V                       ; 4.44e-09 V                   ; 2.38 V              ; -0.0145 V           ; 0.169 V                              ; 0.026 V                              ; 4.83e-10 s                  ; 4.71e-10 s                  ; Yes                        ; Yes                        ; 2.32 V                      ; 4.44e-09 V                  ; 2.38 V             ; -0.0145 V          ; 0.169 V                             ; 0.026 V                             ; 4.83e-10 s                 ; 4.71e-10 s                 ; Yes                       ; Yes                       ;
; rem_out[16]   ; 2.5 V        ; 0 s                 ; 0 s                 ; 2.32 V                       ; 5.95e-09 V                   ; 2.38 V              ; -0.016 V            ; 0.22 V                               ; 0.025 V                              ; 3.06e-10 s                  ; 3.3e-10 s                   ; Yes                        ; Yes                        ; 2.32 V                      ; 5.95e-09 V                  ; 2.38 V             ; -0.016 V           ; 0.22 V                              ; 0.025 V                             ; 3.06e-10 s                 ; 3.3e-10 s                  ; Yes                       ; Yes                       ;
; rem_out[17]   ; 2.5 V        ; 0 s                 ; 0 s                 ; 2.32 V                       ; 5.95e-09 V                   ; 2.38 V              ; -0.016 V            ; 0.22 V                               ; 0.025 V                              ; 3.06e-10 s                  ; 3.3e-10 s                   ; Yes                        ; Yes                        ; 2.32 V                      ; 5.95e-09 V                  ; 2.38 V             ; -0.016 V           ; 0.22 V                              ; 0.025 V                             ; 3.06e-10 s                 ; 3.3e-10 s                  ; Yes                       ; Yes                       ;
; rem_out[18]   ; 2.5 V        ; 0 s                 ; 0 s                 ; 2.32 V                       ; 5.95e-09 V                   ; 2.38 V              ; -0.016 V            ; 0.22 V                               ; 0.025 V                              ; 3.06e-10 s                  ; 3.3e-10 s                   ; Yes                        ; Yes                        ; 2.32 V                      ; 5.95e-09 V                  ; 2.38 V             ; -0.016 V           ; 0.22 V                              ; 0.025 V                             ; 3.06e-10 s                 ; 3.3e-10 s                  ; Yes                       ; Yes                       ;
; rem_out[19]   ; 2.5 V        ; 0 s                 ; 0 s                 ; 2.32 V                       ; 5.95e-09 V                   ; 2.38 V              ; -0.016 V            ; 0.22 V                               ; 0.025 V                              ; 3.06e-10 s                  ; 3.3e-10 s                   ; Yes                        ; Yes                        ; 2.32 V                      ; 5.95e-09 V                  ; 2.38 V             ; -0.016 V           ; 0.22 V                              ; 0.025 V                             ; 3.06e-10 s                 ; 3.3e-10 s                  ; Yes                       ; Yes                       ;
; rem_out[20]   ; 2.5 V        ; 0 s                 ; 0 s                 ; 2.32 V                       ; 5.95e-09 V                   ; 2.38 V              ; -0.016 V            ; 0.22 V                               ; 0.025 V                              ; 3.06e-10 s                  ; 3.3e-10 s                   ; Yes                        ; Yes                        ; 2.32 V                      ; 5.95e-09 V                  ; 2.38 V             ; -0.016 V           ; 0.22 V                              ; 0.025 V                             ; 3.06e-10 s                 ; 3.3e-10 s                  ; Yes                       ; Yes                       ;
; rem_out[21]   ; 2.5 V        ; 0 s                 ; 0 s                 ; 2.32 V                       ; 5.95e-09 V                   ; 2.38 V              ; -0.016 V            ; 0.22 V                               ; 0.025 V                              ; 3.06e-10 s                  ; 3.3e-10 s                   ; Yes                        ; Yes                        ; 2.32 V                      ; 5.95e-09 V                  ; 2.38 V             ; -0.016 V           ; 0.22 V                              ; 0.025 V                             ; 3.06e-10 s                 ; 3.3e-10 s                  ; Yes                       ; Yes                       ;
; rem_out[22]   ; 2.5 V        ; 0 s                 ; 0 s                 ; 2.32 V                       ; 5.95e-09 V                   ; 2.38 V              ; -0.016 V            ; 0.22 V                               ; 0.025 V                              ; 3.06e-10 s                  ; 3.3e-10 s                   ; Yes                        ; Yes                        ; 2.32 V                      ; 5.95e-09 V                  ; 2.38 V             ; -0.016 V           ; 0.22 V                              ; 0.025 V                             ; 3.06e-10 s                 ; 3.3e-10 s                  ; Yes                       ; Yes                       ;
; rem_out[23]   ; 2.5 V        ; 0 s                 ; 0 s                 ; 2.32 V                       ; 5.95e-09 V                   ; 2.38 V              ; -0.016 V            ; 0.22 V                               ; 0.025 V                              ; 3.06e-10 s                  ; 3.3e-10 s                   ; Yes                        ; Yes                        ; 2.32 V                      ; 5.95e-09 V                  ; 2.38 V             ; -0.016 V           ; 0.22 V                              ; 0.025 V                             ; 3.06e-10 s                 ; 3.3e-10 s                  ; Yes                       ; Yes                       ;
; rem_out[24]   ; 2.5 V        ; 0 s                 ; 0 s                 ; 2.32 V                       ; 5.95e-09 V                   ; 2.38 V              ; -0.016 V            ; 0.22 V                               ; 0.025 V                              ; 3.06e-10 s                  ; 3.3e-10 s                   ; Yes                        ; Yes                        ; 2.32 V                      ; 5.95e-09 V                  ; 2.38 V             ; -0.016 V           ; 0.22 V                              ; 0.025 V                             ; 3.06e-10 s                 ; 3.3e-10 s                  ; Yes                       ; Yes                       ;
; rem_out[25]   ; 2.5 V        ; 0 s                 ; 0 s                 ; 2.32 V                       ; 5.95e-09 V                   ; 2.38 V              ; -0.016 V            ; 0.22 V                               ; 0.025 V                              ; 3.06e-10 s                  ; 3.3e-10 s                   ; Yes                        ; Yes                        ; 2.32 V                      ; 5.95e-09 V                  ; 2.38 V             ; -0.016 V           ; 0.22 V                              ; 0.025 V                             ; 3.06e-10 s                 ; 3.3e-10 s                  ; Yes                       ; Yes                       ;
; rem_out[26]   ; 2.5 V        ; 0 s                 ; 0 s                 ; 2.32 V                       ; 5.95e-09 V                   ; 2.38 V              ; -0.016 V            ; 0.22 V                               ; 0.025 V                              ; 3.06e-10 s                  ; 3.3e-10 s                   ; Yes                        ; Yes                        ; 2.32 V                      ; 5.95e-09 V                  ; 2.38 V             ; -0.016 V           ; 0.22 V                              ; 0.025 V                             ; 3.06e-10 s                 ; 3.3e-10 s                  ; Yes                       ; Yes                       ;
; rem_out[27]   ; 2.5 V        ; 0 s                 ; 0 s                 ; 2.32 V                       ; 5.95e-09 V                   ; 2.38 V              ; -0.016 V            ; 0.22 V                               ; 0.025 V                              ; 3.06e-10 s                  ; 3.3e-10 s                   ; Yes                        ; Yes                        ; 2.32 V                      ; 5.95e-09 V                  ; 2.38 V             ; -0.016 V           ; 0.22 V                              ; 0.025 V                             ; 3.06e-10 s                 ; 3.3e-10 s                  ; Yes                       ; Yes                       ;
; rem_out[28]   ; 2.5 V        ; 0 s                 ; 0 s                 ; 2.32 V                       ; 5.95e-09 V                   ; 2.38 V              ; -0.016 V            ; 0.22 V                               ; 0.025 V                              ; 3.06e-10 s                  ; 3.3e-10 s                   ; Yes                        ; Yes                        ; 2.32 V                      ; 5.95e-09 V                  ; 2.38 V             ; -0.016 V           ; 0.22 V                              ; 0.025 V                             ; 3.06e-10 s                 ; 3.3e-10 s                  ; Yes                       ; Yes                       ;
; rem_out[29]   ; 2.5 V        ; 0 s                 ; 0 s                 ; 2.32 V                       ; 5.95e-09 V                   ; 2.38 V              ; -0.016 V            ; 0.22 V                               ; 0.025 V                              ; 3.06e-10 s                  ; 3.3e-10 s                   ; Yes                        ; Yes                        ; 2.32 V                      ; 5.95e-09 V                  ; 2.38 V             ; -0.016 V           ; 0.22 V                              ; 0.025 V                             ; 3.06e-10 s                 ; 3.3e-10 s                  ; Yes                       ; Yes                       ;
; rem_out[30]   ; 2.5 V        ; 0 s                 ; 0 s                 ; 2.32 V                       ; 5.95e-09 V                   ; 2.38 V              ; -0.016 V            ; 0.22 V                               ; 0.025 V                              ; 3.06e-10 s                  ; 3.3e-10 s                   ; Yes                        ; Yes                        ; 2.32 V                      ; 5.95e-09 V                  ; 2.38 V             ; -0.016 V           ; 0.22 V                              ; 0.025 V                             ; 3.06e-10 s                 ; 3.3e-10 s                  ; Yes                       ; Yes                       ;
; rem_out[31]   ; 2.5 V        ; 0 s                 ; 0 s                 ; 2.32 V                       ; 5.95e-09 V                   ; 2.38 V              ; -0.016 V            ; 0.22 V                               ; 0.025 V                              ; 3.06e-10 s                  ; 3.3e-10 s                   ; Yes                        ; Yes                        ; 2.32 V                      ; 5.95e-09 V                  ; 2.38 V             ; -0.016 V           ; 0.22 V                              ; 0.025 V                             ; 3.06e-10 s                 ; 3.3e-10 s                  ; Yes                       ; Yes                       ;
; done          ; 2.5 V        ; 0 s                 ; 0 s                 ; 2.32 V                       ; 5.95e-09 V                   ; 2.38 V              ; -0.016 V            ; 0.22 V                               ; 0.025 V                              ; 3.06e-10 s                  ; 3.3e-10 s                   ; Yes                        ; Yes                        ; 2.32 V                      ; 5.95e-09 V                  ; 2.38 V             ; -0.016 V           ; 0.22 V                              ; 0.025 V                             ; 3.06e-10 s                 ; 3.3e-10 s                  ; Yes                       ; Yes                       ;
; ~ALTERA_DCLK~ ; 2.5 V        ; 0 s                 ; 0 s                 ; 2.32 V                       ; 3.45e-09 V                   ; 2.38 V              ; -0.0609 V           ; 0.148 V                              ; 0.095 V                              ; 2.82e-10 s                  ; 2.59e-10 s                  ; Yes                        ; Yes                        ; 2.32 V                      ; 3.45e-09 V                  ; 2.38 V             ; -0.0609 V          ; 0.148 V                             ; 0.095 V                             ; 2.82e-10 s                 ; 2.59e-10 s                 ; Yes                       ; Yes                       ;
; ~ALTERA_nCEO~ ; 2.5 V        ; 0 s                 ; 0 s                 ; 2.32 V                       ; 5.61e-09 V                   ; 2.38 V              ; -0.00274 V          ; 0.141 V                              ; 0.006 V                              ; 4.7e-10 s                   ; 6.02e-10 s                  ; Yes                        ; Yes                        ; 2.32 V                      ; 5.61e-09 V                  ; 2.38 V             ; -0.00274 V         ; 0.141 V                             ; 0.006 V                             ; 4.7e-10 s                  ; 6.02e-10 s                 ; Yes                       ; Yes                       ;
+---------------+--------------+---------------------+---------------------+------------------------------+------------------------------+---------------------+---------------------+--------------------------------------+--------------------------------------+-----------------------------+-----------------------------+----------------------------+----------------------------+-----------------------------+-----------------------------+--------------------+--------------------+-------------------------------------+-------------------------------------+----------------------------+----------------------------+---------------------------+---------------------------+


+--------------------------------------------------------------------------------------------------------------------------------------------------------------------------------------------------------------------------------------------------------------------------------------------------------------------------------------------------------------------------------------------------------------------------------------------------------------------------------------------------------------------------------------------------------------------------------------------------------------------------------------------------------------------------------------------+
; Signal Integrity Metrics (Slow 1200mv 85c Model)                                                                                                                                                                                                                                                                                                                                                                                                                                                                                                                                                                                                                                           ;
+---------------+--------------+---------------------+---------------------+------------------------------+------------------------------+---------------------+---------------------+--------------------------------------+--------------------------------------+-----------------------------+-----------------------------+----------------------------+----------------------------+-----------------------------+-----------------------------+--------------------+--------------------+-------------------------------------+-------------------------------------+----------------------------+----------------------------+---------------------------+---------------------------+
; Pin           ; I/O Standard ; Board Delay on Rise ; Board Delay on Fall ; Steady State Voh at FPGA Pin ; Steady State Vol at FPGA Pin ; Voh Max at FPGA Pin ; Vol Min at FPGA Pin ; Ringback Voltage on Rise at FPGA Pin ; Ringback Voltage on Fall at FPGA Pin ; 10-90 Rise Time at FPGA Pin ; 90-10 Fall Time at FPGA Pin ; Monotonic Rise at FPGA Pin ; Monotonic Fall at FPGA Pin ; Steady State Voh at Far-end ; Steady State Vol at Far-end ; Voh Max at Far-end ; Vol Min at Far-end ; Ringback Voltage on Rise at Far-end ; Ringback Voltage on Fall at Far-end ; 10-90 Rise Time at Far-end ; 90-10 Fall Time at Far-end ; Monotonic Rise at Far-end ; Monotonic Fall at Far-end ;
+---------------+--------------+---------------------+---------------------+------------------------------+------------------------------+---------------------+---------------------+--------------------------------------+--------------------------------------+-----------------------------+-----------------------------+----------------------------+----------------------------+-----------------------------+-----------------------------+--------------------+--------------------+-------------------------------------+-------------------------------------+----------------------------+----------------------------+---------------------------+---------------------------+
; q_out[0]      ; 2.5 V        ; 0 s                 ; 0 s                 ; 2.32 V                       ; 1.06e-06 V                   ; 2.36 V              ; -0.00724 V          ; 0.107 V                              ; 0.02 V                               ; 4.5e-10 s                   ; 4.25e-10 s                  ; Yes                        ; Yes                        ; 2.32 V                      ; 1.06e-06 V                  ; 2.36 V             ; -0.00724 V         ; 0.107 V                             ; 0.02 V                              ; 4.5e-10 s                  ; 4.25e-10 s                 ; Yes                       ; Yes                       ;
; q_out[1]      ; 2.5 V        ; 0 s                 ; 0 s                 ; 2.32 V                       ; 7.16e-07 V                   ; 2.33 V              ; -0.00349 V          ; 0.163 V                              ; 0.074 V                              ; 3.33e-09 s                  ; 3.14e-09 s                  ; Yes                        ; Yes                        ; 2.32 V                      ; 7.16e-07 V                  ; 2.33 V             ; -0.00349 V         ; 0.163 V                             ; 0.074 V                             ; 3.33e-09 s                 ; 3.14e-09 s                 ; Yes                       ; Yes                       ;
; q_out[2]      ; 2.5 V        ; 0 s                 ; 0 s                 ; 2.32 V                       ; 7.16e-07 V                   ; 2.35 V              ; -0.00832 V          ; 0.101 V                              ; 0.024 V                              ; 6.39e-10 s                  ; 6e-10 s                     ; Yes                        ; Yes                        ; 2.32 V                      ; 7.16e-07 V                  ; 2.35 V             ; -0.00832 V         ; 0.101 V                             ; 0.024 V                             ; 6.39e-10 s                 ; 6e-10 s                    ; Yes                       ; Yes                       ;
; q_out[3]      ; 2.5 V        ; 0 s                 ; 0 s                 ; 2.32 V                       ; 7.16e-07 V                   ; 2.35 V              ; -0.00832 V          ; 0.101 V                              ; 0.024 V                              ; 6.39e-10 s                  ; 6e-10 s                     ; Yes                        ; Yes                        ; 2.32 V                      ; 7.16e-07 V                  ; 2.35 V             ; -0.00832 V         ; 0.101 V                             ; 0.024 V                             ; 6.39e-10 s                 ; 6e-10 s                    ; Yes                       ; Yes                       ;
; q_out[4]      ; 2.5 V        ; 0 s                 ; 0 s                 ; 2.32 V                       ; 7.16e-07 V                   ; 2.35 V              ; -0.00832 V          ; 0.101 V                              ; 0.024 V                              ; 6.39e-10 s                  ; 6e-10 s                     ; Yes                        ; Yes                        ; 2.32 V                      ; 7.16e-07 V                  ; 2.35 V             ; -0.00832 V         ; 0.101 V                             ; 0.024 V                             ; 6.39e-10 s                 ; 6e-10 s                    ; Yes                       ; Yes                       ;
; q_out[5]      ; 2.5 V        ; 0 s                 ; 0 s                 ; 2.32 V                       ; 1.06e-06 V                   ; 2.36 V              ; -0.00724 V          ; 0.107 V                              ; 0.02 V                               ; 4.5e-10 s                   ; 4.25e-10 s                  ; Yes                        ; Yes                        ; 2.32 V                      ; 1.06e-06 V                  ; 2.36 V             ; -0.00724 V         ; 0.107 V                             ; 0.02 V                              ; 4.5e-10 s                  ; 4.25e-10 s                 ; Yes                       ; Yes                       ;
; q_out[6]      ; 2.5 V        ; 0 s                 ; 0 s                 ; 2.32 V                       ; 1.06e-06 V                   ; 2.36 V              ; -0.00724 V          ; 0.107 V                              ; 0.02 V                               ; 4.5e-10 s                   ; 4.25e-10 s                  ; Yes                        ; Yes                        ; 2.32 V                      ; 1.06e-06 V                  ; 2.36 V             ; -0.00724 V         ; 0.107 V                             ; 0.02 V                              ; 4.5e-10 s                  ; 4.25e-10 s                 ; Yes                       ; Yes                       ;
; q_out[7]      ; 2.5 V        ; 0 s                 ; 0 s                 ; 2.32 V                       ; 1.06e-06 V                   ; 2.33 V              ; -0.00344 V          ; 0.134 V                              ; 0.075 V                              ; 3.33e-09 s                  ; 3.16e-09 s                  ; Yes                        ; Yes                        ; 2.32 V                      ; 1.06e-06 V                  ; 2.33 V             ; -0.00344 V         ; 0.134 V                             ; 0.075 V                             ; 3.33e-09 s                 ; 3.16e-09 s                 ; Yes                       ; Yes                       ;
; q_out[8]      ; 2.5 V        ; 0 s                 ; 0 s                 ; 2.32 V                       ; 1.06e-06 V                   ; 2.36 V              ; -0.00724 V          ; 0.107 V                              ; 0.02 V                               ; 4.5e-10 s                   ; 4.25e-10 s                  ; Yes                        ; Yes                        ; 2.32 V                      ; 1.06e-06 V                  ; 2.36 V             ; -0.00724 V         ; 0.107 V                             ; 0.02 V                              ; 4.5e-10 s                  ; 4.25e-10 s                 ; Yes                       ; Yes                       ;
; q_out[9]      ; 2.5 V        ; 0 s                 ; 0 s                 ; 2.32 V                       ; 7.16e-07 V                   ; 2.35 V              ; -0.00832 V          ; 0.101 V                              ; 0.024 V                              ; 6.39e-10 s                  ; 6e-10 s                     ; Yes                        ; Yes                        ; 2.32 V                      ; 7.16e-07 V                  ; 2.35 V             ; -0.00832 V         ; 0.101 V                             ; 0.024 V                             ; 6.39e-10 s                 ; 6e-10 s                    ; Yes                       ; Yes                       ;
; q_out[10]     ; 2.5 V        ; 0 s                 ; 0 s                 ; 2.32 V                       ; 7.16e-07 V                   ; 2.36 V              ; -0.00476 V          ; 0.096 V                              ; 0.013 V                              ; 4.39e-10 s                  ; 4.15e-10 s                  ; Yes                        ; Yes                        ; 2.32 V                      ; 7.16e-07 V                  ; 2.36 V             ; -0.00476 V         ; 0.096 V                             ; 0.013 V                             ; 4.39e-10 s                 ; 4.15e-10 s                 ; Yes                       ; Yes                       ;
; q_out[11]     ; 2.5 V        ; 0 s                 ; 0 s                 ; 2.32 V                       ; 1.06e-06 V                   ; 2.36 V              ; -0.00724 V          ; 0.107 V                              ; 0.02 V                               ; 4.5e-10 s                   ; 4.25e-10 s                  ; Yes                        ; Yes                        ; 2.32 V                      ; 1.06e-06 V                  ; 2.36 V             ; -0.00724 V         ; 0.107 V                             ; 0.02 V                              ; 4.5e-10 s                  ; 4.25e-10 s                 ; Yes                       ; Yes                       ;
; q_out[12]     ; 2.5 V        ; 0 s                 ; 0 s                 ; 2.32 V                       ; 1.06e-06 V                   ; 2.36 V              ; -0.00724 V          ; 0.107 V                              ; 0.02 V                               ; 4.5e-10 s                   ; 4.25e-10 s                  ; Yes                        ; Yes                        ; 2.32 V                      ; 1.06e-06 V                  ; 2.36 V             ; -0.00724 V         ; 0.107 V                             ; 0.02 V                              ; 4.5e-10 s                  ; 4.25e-10 s                 ; Yes                       ; Yes                       ;
; q_out[13]     ; 2.5 V        ; 0 s                 ; 0 s                 ; 2.32 V                       ; 1.06e-06 V                   ; 2.33 V              ; -0.00344 V          ; 0.134 V                              ; 0.075 V                              ; 3.33e-09 s                  ; 3.16e-09 s                  ; Yes                        ; Yes                        ; 2.32 V                      ; 1.06e-06 V                  ; 2.33 V             ; -0.00344 V         ; 0.134 V                             ; 0.075 V                             ; 3.33e-09 s                 ; 3.16e-09 s                 ; Yes                       ; Yes                       ;
; q_out[14]     ; 2.5 V        ; 0 s                 ; 0 s                 ; 2.32 V                       ; 1.06e-06 V                   ; 2.36 V              ; -0.00724 V          ; 0.107 V                              ; 0.02 V                               ; 4.5e-10 s                   ; 4.25e-10 s                  ; Yes                        ; Yes                        ; 2.32 V                      ; 1.06e-06 V                  ; 2.36 V             ; -0.00724 V         ; 0.107 V                             ; 0.02 V                              ; 4.5e-10 s                  ; 4.25e-10 s                 ; Yes                       ; Yes                       ;
; q_out[15]     ; 2.5 V        ; 0 s                 ; 0 s                 ; 2.32 V                       ; 1.06e-06 V                   ; 2.36 V              ; -0.00724 V          ; 0.107 V                              ; 0.02 V                               ; 4.5e-10 s                   ; 4.25e-10 s                  ; Yes                        ; Yes                        ; 2.32 V                      ; 1.06e-06 V                  ; 2.36 V             ; -0.00724 V         ; 0.107 V                             ; 0.02 V                              ; 4.5e-10 s                  ; 4.25e-10 s                 ; Yes                       ; Yes                       ;
; q_out[16]     ; 2.5 V        ; 0 s                 ; 0 s                 ; 2.32 V                       ; 1.06e-06 V                   ; 2.36 V              ; -0.00724 V          ; 0.107 V                              ; 0.02 V                               ; 4.5e-10 s                   ; 4.25e-10 s                  ; Yes                        ; Yes                        ; 2.32 V                      ; 1.06e-06 V                  ; 2.36 V             ; -0.00724 V         ; 0.107 V                             ; 0.02 V                              ; 4.5e-10 s                  ; 4.25e-10 s                 ; Yes                       ; Yes                       ;
; q_out[17]     ; 2.5 V        ; 0 s                 ; 0 s                 ; 2.32 V                       ; 7.16e-07 V                   ; 2.35 V              ; -0.00832 V          ; 0.101 V                              ; 0.024 V                              ; 6.39e-10 s                  ; 6e-10 s                     ; Yes                        ; Yes                        ; 2.32 V                      ; 7.16e-07 V                  ; 2.35 V             ; -0.00832 V         ; 0.101 V                             ; 0.024 V                             ; 6.39e-10 s                 ; 6e-10 s                    ; Yes                       ; Yes                       ;
; q_out[18]     ; 2.5 V        ; 0 s                 ; 0 s                 ; 2.32 V                       ; 7.16e-07 V                   ; 2.35 V              ; -0.00832 V          ; 0.101 V                              ; 0.024 V                              ; 6.39e-10 s                  ; 6e-10 s                     ; Yes                        ; Yes                        ; 2.32 V                      ; 7.16e-07 V                  ; 2.35 V             ; -0.00832 V         ; 0.101 V                             ; 0.024 V                             ; 6.39e-10 s                 ; 6e-10 s                    ; Yes                       ; Yes                       ;
; q_out[19]     ; 2.5 V        ; 0 s                 ; 0 s                 ; 2.32 V                       ; 1.06e-06 V                   ; 2.36 V              ; -0.00724 V          ; 0.107 V                              ; 0.02 V                               ; 4.5e-10 s                   ; 4.25e-10 s                  ; Yes                        ; Yes                        ; 2.32 V                      ; 1.06e-06 V                  ; 2.36 V             ; -0.00724 V         ; 0.107 V                             ; 0.02 V                              ; 4.5e-10 s                  ; 4.25e-10 s                 ; Yes                       ; Yes                       ;
; q_out[20]     ; 2.5 V        ; 0 s                 ; 0 s                 ; 2.32 V                       ; 1.06e-06 V                   ; 2.36 V              ; -0.00724 V          ; 0.107 V                              ; 0.02 V                               ; 4.5e-10 s                   ; 4.25e-10 s                  ; Yes                        ; Yes                        ; 2.32 V                      ; 1.06e-06 V                  ; 2.36 V             ; -0.00724 V         ; 0.107 V                             ; 0.02 V                              ; 4.5e-10 s                  ; 4.25e-10 s                 ; Yes                       ; Yes                       ;
; q_out[21]     ; 2.5 V        ; 0 s                 ; 0 s                 ; 2.32 V                       ; 1.06e-06 V                   ; 2.36 V              ; -0.00724 V          ; 0.107 V                              ; 0.02 V                               ; 4.5e-10 s                   ; 4.25e-10 s                  ; Yes                        ; Yes                        ; 2.32 V                      ; 1.06e-06 V                  ; 2.36 V             ; -0.00724 V         ; 0.107 V                             ; 0.02 V                              ; 4.5e-10 s                  ; 4.25e-10 s                 ; Yes                       ; Yes                       ;
; q_out[22]     ; 2.5 V        ; 0 s                 ; 0 s                 ; 2.32 V                       ; 1.06e-06 V                   ; 2.36 V              ; -0.00724 V          ; 0.107 V                              ; 0.02 V                               ; 4.5e-10 s                   ; 4.25e-10 s                  ; Yes                        ; Yes                        ; 2.32 V                      ; 1.06e-06 V                  ; 2.36 V             ; -0.00724 V         ; 0.107 V                             ; 0.02 V                              ; 4.5e-10 s                  ; 4.25e-10 s                 ; Yes                       ; Yes                       ;
; q_out[23]     ; 2.5 V        ; 0 s                 ; 0 s                 ; 2.32 V                       ; 1.06e-06 V                   ; 2.36 V              ; -0.00724 V          ; 0.107 V                              ; 0.02 V                               ; 4.5e-10 s                   ; 4.25e-10 s                  ; Yes                        ; Yes                        ; 2.32 V                      ; 1.06e-06 V                  ; 2.36 V             ; -0.00724 V         ; 0.107 V                             ; 0.02 V                              ; 4.5e-10 s                  ; 4.25e-10 s                 ; Yes                       ; Yes                       ;
; q_out[24]     ; 2.5 V        ; 0 s                 ; 0 s                 ; 2.32 V                       ; 1.06e-06 V                   ; 2.36 V              ; -0.00724 V          ; 0.107 V                              ; 0.02 V                               ; 4.5e-10 s                   ; 4.25e-10 s                  ; Yes                        ; Yes                        ; 2.32 V                      ; 1.06e-06 V                  ; 2.36 V             ; -0.00724 V         ; 0.107 V                             ; 0.02 V                              ; 4.5e-10 s                  ; 4.25e-10 s                 ; Yes                       ; Yes                       ;
; q_out[25]     ; 2.5 V        ; 0 s                 ; 0 s                 ; 2.32 V                       ; 1.06e-06 V                   ; 2.36 V              ; -0.00724 V          ; 0.107 V                              ; 0.02 V                               ; 4.5e-10 s                   ; 4.25e-10 s                  ; Yes                        ; Yes                        ; 2.32 V                      ; 1.06e-06 V                  ; 2.36 V             ; -0.00724 V         ; 0.107 V                             ; 0.02 V                              ; 4.5e-10 s                  ; 4.25e-10 s                 ; Yes                       ; Yes                       ;
; q_out[26]     ; 2.5 V        ; 0 s                 ; 0 s                 ; 2.32 V                       ; 1.06e-06 V                   ; 2.36 V              ; -0.00724 V          ; 0.107 V                              ; 0.02 V                               ; 4.5e-10 s                   ; 4.25e-10 s                  ; Yes                        ; Yes                        ; 2.32 V                      ; 1.06e-06 V                  ; 2.36 V             ; -0.00724 V         ; 0.107 V                             ; 0.02 V                              ; 4.5e-10 s                  ; 4.25e-10 s                 ; Yes                       ; Yes                       ;
; q_out[27]     ; 2.5 V        ; 0 s                 ; 0 s                 ; 2.32 V                       ; 1.06e-06 V                   ; 2.36 V              ; -0.00724 V          ; 0.107 V                              ; 0.02 V                               ; 4.5e-10 s                   ; 4.25e-10 s                  ; Yes                        ; Yes                        ; 2.32 V                      ; 1.06e-06 V                  ; 2.36 V             ; -0.00724 V         ; 0.107 V                             ; 0.02 V                              ; 4.5e-10 s                  ; 4.25e-10 s                 ; Yes                       ; Yes                       ;
; q_out[28]     ; 2.5 V        ; 0 s                 ; 0 s                 ; 2.32 V                       ; 1.06e-06 V                   ; 2.36 V              ; -0.00724 V          ; 0.107 V                              ; 0.02 V                               ; 4.5e-10 s                   ; 4.25e-10 s                  ; Yes                        ; Yes                        ; 2.32 V                      ; 1.06e-06 V                  ; 2.36 V             ; -0.00724 V         ; 0.107 V                             ; 0.02 V                              ; 4.5e-10 s                  ; 4.25e-10 s                 ; Yes                       ; Yes                       ;
; q_out[29]     ; 2.5 V        ; 0 s                 ; 0 s                 ; 2.32 V                       ; 1.06e-06 V                   ; 2.36 V              ; -0.00724 V          ; 0.107 V                              ; 0.02 V                               ; 4.5e-10 s                   ; 4.25e-10 s                  ; Yes                        ; Yes                        ; 2.32 V                      ; 1.06e-06 V                  ; 2.36 V             ; -0.00724 V         ; 0.107 V                             ; 0.02 V                              ; 4.5e-10 s                  ; 4.25e-10 s                 ; Yes                       ; Yes                       ;
; q_out[30]     ; 2.5 V        ; 0 s                 ; 0 s                 ; 2.32 V                       ; 7.16e-07 V                   ; 2.35 V              ; -0.00832 V          ; 0.101 V                              ; 0.024 V                              ; 6.39e-10 s                  ; 6e-10 s                     ; Yes                        ; Yes                        ; 2.32 V                      ; 7.16e-07 V                  ; 2.35 V             ; -0.00832 V         ; 0.101 V                             ; 0.024 V                             ; 6.39e-10 s                 ; 6e-10 s                    ; Yes                       ; Yes                       ;
; q_out[31]     ; 2.5 V        ; 0 s                 ; 0 s                 ; 2.32 V                       ; 1.06e-06 V                   ; 2.36 V              ; -0.00724 V          ; 0.107 V                              ; 0.02 V                               ; 4.5e-10 s                   ; 4.25e-10 s                  ; Yes                        ; Yes                        ; 2.32 V                      ; 1.06e-06 V                  ; 2.36 V             ; -0.00724 V         ; 0.107 V                             ; 0.02 V                              ; 4.5e-10 s                  ; 4.25e-10 s                 ; Yes                       ; Yes                       ;
; rem_out[0]    ; 2.5 V        ; 0 s                 ; 0 s                 ; 2.32 V                       ; 7.16e-07 V                   ; 2.35 V              ; -0.00832 V          ; 0.101 V                              ; 0.024 V                              ; 6.39e-10 s                  ; 6e-10 s                     ; Yes                        ; Yes                        ; 2.32 V                      ; 7.16e-07 V                  ; 2.35 V             ; -0.00832 V         ; 0.101 V                             ; 0.024 V                             ; 6.39e-10 s                 ; 6e-10 s                    ; Yes                       ; Yes                       ;
; rem_out[1]    ; 2.5 V        ; 0 s                 ; 0 s                 ; 2.32 V                       ; 1.06e-06 V                   ; 2.36 V              ; -0.00724 V          ; 0.107 V                              ; 0.02 V                               ; 4.5e-10 s                   ; 4.25e-10 s                  ; Yes                        ; Yes                        ; 2.32 V                      ; 1.06e-06 V                  ; 2.36 V             ; -0.00724 V         ; 0.107 V                             ; 0.02 V                              ; 4.5e-10 s                  ; 4.25e-10 s                 ; Yes                       ; Yes                       ;
; rem_out[2]    ; 2.5 V        ; 0 s                 ; 0 s                 ; 2.32 V                       ; 1.06e-06 V                   ; 2.36 V              ; -0.00724 V          ; 0.107 V                              ; 0.02 V                               ; 4.5e-10 s                   ; 4.25e-10 s                  ; Yes                        ; Yes                        ; 2.32 V                      ; 1.06e-06 V                  ; 2.36 V             ; -0.00724 V         ; 0.107 V                             ; 0.02 V                              ; 4.5e-10 s                  ; 4.25e-10 s                 ; Yes                       ; Yes                       ;
; rem_out[3]    ; 2.5 V        ; 0 s                 ; 0 s                 ; 2.32 V                       ; 1.06e-06 V                   ; 2.36 V              ; -0.00724 V          ; 0.107 V                              ; 0.02 V                               ; 4.5e-10 s                   ; 4.25e-10 s                  ; Yes                        ; Yes                        ; 2.32 V                      ; 1.06e-06 V                  ; 2.36 V             ; -0.00724 V         ; 0.107 V                             ; 0.02 V                              ; 4.5e-10 s                  ; 4.25e-10 s                 ; Yes                       ; Yes                       ;
; rem_out[4]    ; 2.5 V        ; 0 s                 ; 0 s                 ; 2.32 V                       ; 1.06e-06 V                   ; 2.36 V              ; -0.00724 V          ; 0.107 V                              ; 0.02 V                               ; 4.5e-10 s                   ; 4.25e-10 s                  ; Yes                        ; Yes                        ; 2.32 V                      ; 1.06e-06 V                  ; 2.36 V             ; -0.00724 V         ; 0.107 V                             ; 0.02 V                              ; 4.5e-10 s                  ; 4.25e-10 s                 ; Yes                       ; Yes                       ;
; rem_out[5]    ; 2.5 V        ; 0 s                 ; 0 s                 ; 2.32 V                       ; 1.06e-06 V                   ; 2.36 V              ; -0.00724 V          ; 0.107 V                              ; 0.02 V                               ; 4.5e-10 s                   ; 4.25e-10 s                  ; Yes                        ; Yes                        ; 2.32 V                      ; 1.06e-06 V                  ; 2.36 V             ; -0.00724 V         ; 0.107 V                             ; 0.02 V                              ; 4.5e-10 s                  ; 4.25e-10 s                 ; Yes                       ; Yes                       ;
; rem_out[6]    ; 2.5 V        ; 0 s                 ; 0 s                 ; 2.32 V                       ; 1.06e-06 V                   ; 2.36 V              ; -0.00724 V          ; 0.107 V                              ; 0.02 V                               ; 4.5e-10 s                   ; 4.25e-10 s                  ; Yes                        ; Yes                        ; 2.32 V                      ; 1.06e-06 V                  ; 2.36 V             ; -0.00724 V         ; 0.107 V                             ; 0.02 V                              ; 4.5e-10 s                  ; 4.25e-10 s                 ; Yes                       ; Yes                       ;
; rem_out[7]    ; 2.5 V        ; 0 s                 ; 0 s                 ; 2.32 V                       ; 1.06e-06 V                   ; 2.36 V              ; -0.00724 V          ; 0.107 V                              ; 0.02 V                               ; 4.5e-10 s                   ; 4.25e-10 s                  ; Yes                        ; Yes                        ; 2.32 V                      ; 1.06e-06 V                  ; 2.36 V             ; -0.00724 V         ; 0.107 V                             ; 0.02 V                              ; 4.5e-10 s                  ; 4.25e-10 s                 ; Yes                       ; Yes                       ;
; rem_out[8]    ; 2.5 V        ; 0 s                 ; 0 s                 ; 2.32 V                       ; 1.06e-06 V                   ; 2.36 V              ; -0.00724 V          ; 0.107 V                              ; 0.02 V                               ; 4.5e-10 s                   ; 4.25e-10 s                  ; Yes                        ; Yes                        ; 2.32 V                      ; 1.06e-06 V                  ; 2.36 V             ; -0.00724 V         ; 0.107 V                             ; 0.02 V                              ; 4.5e-10 s                  ; 4.25e-10 s                 ; Yes                       ; Yes                       ;
; rem_out[9]    ; 2.5 V        ; 0 s                 ; 0 s                 ; 2.32 V                       ; 1.06e-06 V                   ; 2.36 V              ; -0.00724 V          ; 0.107 V                              ; 0.02 V                               ; 4.5e-10 s                   ; 4.25e-10 s                  ; Yes                        ; Yes                        ; 2.32 V                      ; 1.06e-06 V                  ; 2.36 V             ; -0.00724 V         ; 0.107 V                             ; 0.02 V                              ; 4.5e-10 s                  ; 4.25e-10 s                 ; Yes                       ; Yes                       ;
; rem_out[10]   ; 2.5 V        ; 0 s                 ; 0 s                 ; 2.32 V                       ; 1.06e-06 V                   ; 2.36 V              ; -0.00724 V          ; 0.107 V                              ; 0.02 V                               ; 4.5e-10 s                   ; 4.25e-10 s                  ; Yes                        ; Yes                        ; 2.32 V                      ; 1.06e-06 V                  ; 2.36 V             ; -0.00724 V         ; 0.107 V                             ; 0.02 V                              ; 4.5e-10 s                  ; 4.25e-10 s                 ; Yes                       ; Yes                       ;
; rem_out[11]   ; 2.5 V        ; 0 s                 ; 0 s                 ; 2.32 V                       ; 1.06e-06 V                   ; 2.36 V              ; -0.00724 V          ; 0.107 V                              ; 0.02 V                               ; 4.5e-10 s                   ; 4.25e-10 s                  ; Yes                        ; Yes                        ; 2.32 V                      ; 1.06e-06 V                  ; 2.36 V             ; -0.00724 V         ; 0.107 V                             ; 0.02 V                              ; 4.5e-10 s                  ; 4.25e-10 s                 ; Yes                       ; Yes                       ;
; rem_out[12]   ; 2.5 V        ; 0 s                 ; 0 s                 ; 2.32 V                       ; 1.06e-06 V                   ; 2.36 V              ; -0.00724 V          ; 0.107 V                              ; 0.02 V                               ; 4.5e-10 s                   ; 4.25e-10 s                  ; Yes                        ; Yes                        ; 2.32 V                      ; 1.06e-06 V                  ; 2.36 V             ; -0.00724 V         ; 0.107 V                             ; 0.02 V                              ; 4.5e-10 s                  ; 4.25e-10 s                 ; Yes                       ; Yes                       ;
; rem_out[13]   ; 2.5 V        ; 0 s                 ; 0 s                 ; 2.32 V                       ; 1.06e-06 V                   ; 2.36 V              ; -0.00724 V          ; 0.107 V                              ; 0.02 V                               ; 4.5e-10 s                   ; 4.25e-10 s                  ; Yes                        ; Yes                        ; 2.32 V                      ; 1.06e-06 V                  ; 2.36 V             ; -0.00724 V         ; 0.107 V                             ; 0.02 V                              ; 4.5e-10 s                  ; 4.25e-10 s                 ; Yes                       ; Yes                       ;
; rem_out[14]   ; 2.5 V        ; 0 s                 ; 0 s                 ; 2.32 V                       ; 1.06e-06 V                   ; 2.36 V              ; -0.00724 V          ; 0.107 V                              ; 0.02 V                               ; 4.5e-10 s                   ; 4.25e-10 s                  ; Yes                        ; Yes                        ; 2.32 V                      ; 1.06e-06 V                  ; 2.36 V             ; -0.00724 V         ; 0.107 V                             ; 0.02 V                              ; 4.5e-10 s                  ; 4.25e-10 s                 ; Yes                       ; Yes                       ;
; rem_out[15]   ; 2.5 V        ; 0 s                 ; 0 s                 ; 2.32 V                       ; 7.16e-07 V                   ; 2.35 V              ; -0.00832 V          ; 0.101 V                              ; 0.024 V                              ; 6.39e-10 s                  ; 6e-10 s                     ; Yes                        ; Yes                        ; 2.32 V                      ; 7.16e-07 V                  ; 2.35 V             ; -0.00832 V         ; 0.101 V                             ; 0.024 V                             ; 6.39e-10 s                 ; 6e-10 s                    ; Yes                       ; Yes                       ;
; rem_out[16]   ; 2.5 V        ; 0 s                 ; 0 s                 ; 2.32 V                       ; 1.06e-06 V                   ; 2.36 V              ; -0.00724 V          ; 0.107 V                              ; 0.02 V                               ; 4.5e-10 s                   ; 4.25e-10 s                  ; Yes                        ; Yes                        ; 2.32 V                      ; 1.06e-06 V                  ; 2.36 V             ; -0.00724 V         ; 0.107 V                             ; 0.02 V                              ; 4.5e-10 s                  ; 4.25e-10 s                 ; Yes                       ; Yes                       ;
; rem_out[17]   ; 2.5 V        ; 0 s                 ; 0 s                 ; 2.32 V                       ; 1.06e-06 V                   ; 2.36 V              ; -0.00724 V          ; 0.107 V                              ; 0.02 V                               ; 4.5e-10 s                   ; 4.25e-10 s                  ; Yes                        ; Yes                        ; 2.32 V                      ; 1.06e-06 V                  ; 2.36 V             ; -0.00724 V         ; 0.107 V                             ; 0.02 V                              ; 4.5e-10 s                  ; 4.25e-10 s                 ; Yes                       ; Yes                       ;
; rem_out[18]   ; 2.5 V        ; 0 s                 ; 0 s                 ; 2.32 V                       ; 1.06e-06 V                   ; 2.36 V              ; -0.00724 V          ; 0.107 V                              ; 0.02 V                               ; 4.5e-10 s                   ; 4.25e-10 s                  ; Yes                        ; Yes                        ; 2.32 V                      ; 1.06e-06 V                  ; 2.36 V             ; -0.00724 V         ; 0.107 V                             ; 0.02 V                              ; 4.5e-10 s                  ; 4.25e-10 s                 ; Yes                       ; Yes                       ;
; rem_out[19]   ; 2.5 V        ; 0 s                 ; 0 s                 ; 2.32 V                       ; 1.06e-06 V                   ; 2.36 V              ; -0.00724 V          ; 0.107 V                              ; 0.02 V                               ; 4.5e-10 s                   ; 4.25e-10 s                  ; Yes                        ; Yes                        ; 2.32 V                      ; 1.06e-06 V                  ; 2.36 V             ; -0.00724 V         ; 0.107 V                             ; 0.02 V                              ; 4.5e-10 s                  ; 4.25e-10 s                 ; Yes                       ; Yes                       ;
; rem_out[20]   ; 2.5 V        ; 0 s                 ; 0 s                 ; 2.32 V                       ; 1.06e-06 V                   ; 2.36 V              ; -0.00724 V          ; 0.107 V                              ; 0.02 V                               ; 4.5e-10 s                   ; 4.25e-10 s                  ; Yes                        ; Yes                        ; 2.32 V                      ; 1.06e-06 V                  ; 2.36 V             ; -0.00724 V         ; 0.107 V                             ; 0.02 V                              ; 4.5e-10 s                  ; 4.25e-10 s                 ; Yes                       ; Yes                       ;
; rem_out[21]   ; 2.5 V        ; 0 s                 ; 0 s                 ; 2.32 V                       ; 1.06e-06 V                   ; 2.36 V              ; -0.00724 V          ; 0.107 V                              ; 0.02 V                               ; 4.5e-10 s                   ; 4.25e-10 s                  ; Yes                        ; Yes                        ; 2.32 V                      ; 1.06e-06 V                  ; 2.36 V             ; -0.00724 V         ; 0.107 V                             ; 0.02 V                              ; 4.5e-10 s                  ; 4.25e-10 s                 ; Yes                       ; Yes                       ;
; rem_out[22]   ; 2.5 V        ; 0 s                 ; 0 s                 ; 2.32 V                       ; 1.06e-06 V                   ; 2.36 V              ; -0.00724 V          ; 0.107 V                              ; 0.02 V                               ; 4.5e-10 s                   ; 4.25e-10 s                  ; Yes                        ; Yes                        ; 2.32 V                      ; 1.06e-06 V                  ; 2.36 V             ; -0.00724 V         ; 0.107 V                             ; 0.02 V                              ; 4.5e-10 s                  ; 4.25e-10 s                 ; Yes                       ; Yes                       ;
; rem_out[23]   ; 2.5 V        ; 0 s                 ; 0 s                 ; 2.32 V                       ; 1.06e-06 V                   ; 2.36 V              ; -0.00724 V          ; 0.107 V                              ; 0.02 V                               ; 4.5e-10 s                   ; 4.25e-10 s                  ; Yes                        ; Yes                        ; 2.32 V                      ; 1.06e-06 V                  ; 2.36 V             ; -0.00724 V         ; 0.107 V                             ; 0.02 V                              ; 4.5e-10 s                  ; 4.25e-10 s                 ; Yes                       ; Yes                       ;
; rem_out[24]   ; 2.5 V        ; 0 s                 ; 0 s                 ; 2.32 V                       ; 1.06e-06 V                   ; 2.36 V              ; -0.00724 V          ; 0.107 V                              ; 0.02 V                               ; 4.5e-10 s                   ; 4.25e-10 s                  ; Yes                        ; Yes                        ; 2.32 V                      ; 1.06e-06 V                  ; 2.36 V             ; -0.00724 V         ; 0.107 V                             ; 0.02 V                              ; 4.5e-10 s                  ; 4.25e-10 s                 ; Yes                       ; Yes                       ;
; rem_out[25]   ; 2.5 V        ; 0 s                 ; 0 s                 ; 2.32 V                       ; 1.06e-06 V                   ; 2.36 V              ; -0.00724 V          ; 0.107 V                              ; 0.02 V                               ; 4.5e-10 s                   ; 4.25e-10 s                  ; Yes                        ; Yes                        ; 2.32 V                      ; 1.06e-06 V                  ; 2.36 V             ; -0.00724 V         ; 0.107 V                             ; 0.02 V                              ; 4.5e-10 s                  ; 4.25e-10 s                 ; Yes                       ; Yes                       ;
; rem_out[26]   ; 2.5 V        ; 0 s                 ; 0 s                 ; 2.32 V                       ; 1.06e-06 V                   ; 2.36 V              ; -0.00724 V          ; 0.107 V                              ; 0.02 V                               ; 4.5e-10 s                   ; 4.25e-10 s                  ; Yes                        ; Yes                        ; 2.32 V                      ; 1.06e-06 V                  ; 2.36 V             ; -0.00724 V         ; 0.107 V                             ; 0.02 V                              ; 4.5e-10 s                  ; 4.25e-10 s                 ; Yes                       ; Yes                       ;
; rem_out[27]   ; 2.5 V        ; 0 s                 ; 0 s                 ; 2.32 V                       ; 1.06e-06 V                   ; 2.36 V              ; -0.00724 V          ; 0.107 V                              ; 0.02 V                               ; 4.5e-10 s                   ; 4.25e-10 s                  ; Yes                        ; Yes                        ; 2.32 V                      ; 1.06e-06 V                  ; 2.36 V             ; -0.00724 V         ; 0.107 V                             ; 0.02 V                              ; 4.5e-10 s                  ; 4.25e-10 s                 ; Yes                       ; Yes                       ;
; rem_out[28]   ; 2.5 V        ; 0 s                 ; 0 s                 ; 2.32 V                       ; 1.06e-06 V                   ; 2.36 V              ; -0.00724 V          ; 0.107 V                              ; 0.02 V                               ; 4.5e-10 s                   ; 4.25e-10 s                  ; Yes                        ; Yes                        ; 2.32 V                      ; 1.06e-06 V                  ; 2.36 V             ; -0.00724 V         ; 0.107 V                             ; 0.02 V                              ; 4.5e-10 s                  ; 4.25e-10 s                 ; Yes                       ; Yes                       ;
; rem_out[29]   ; 2.5 V        ; 0 s                 ; 0 s                 ; 2.32 V                       ; 1.06e-06 V                   ; 2.36 V              ; -0.00724 V          ; 0.107 V                              ; 0.02 V                               ; 4.5e-10 s                   ; 4.25e-10 s                  ; Yes                        ; Yes                        ; 2.32 V                      ; 1.06e-06 V                  ; 2.36 V             ; -0.00724 V         ; 0.107 V                             ; 0.02 V                              ; 4.5e-10 s                  ; 4.25e-10 s                 ; Yes                       ; Yes                       ;
; rem_out[30]   ; 2.5 V        ; 0 s                 ; 0 s                 ; 2.32 V                       ; 1.06e-06 V                   ; 2.36 V              ; -0.00724 V          ; 0.107 V                              ; 0.02 V                               ; 4.5e-10 s                   ; 4.25e-10 s                  ; Yes                        ; Yes                        ; 2.32 V                      ; 1.06e-06 V                  ; 2.36 V             ; -0.00724 V         ; 0.107 V                             ; 0.02 V                              ; 4.5e-10 s                  ; 4.25e-10 s                 ; Yes                       ; Yes                       ;
; rem_out[31]   ; 2.5 V        ; 0 s                 ; 0 s                 ; 2.32 V                       ; 1.06e-06 V                   ; 2.36 V              ; -0.00724 V          ; 0.107 V                              ; 0.02 V                               ; 4.5e-10 s                   ; 4.25e-10 s                  ; Yes                        ; Yes                        ; 2.32 V                      ; 1.06e-06 V                  ; 2.36 V             ; -0.00724 V         ; 0.107 V                             ; 0.02 V                              ; 4.5e-10 s                  ; 4.25e-10 s                 ; Yes                       ; Yes                       ;
; done          ; 2.5 V        ; 0 s                 ; 0 s                 ; 2.32 V                       ; 1.06e-06 V                   ; 2.36 V              ; -0.00724 V          ; 0.107 V                              ; 0.02 V                               ; 4.5e-10 s                   ; 4.25e-10 s                  ; Yes                        ; Yes                        ; 2.32 V                      ; 1.06e-06 V                  ; 2.36 V             ; -0.00724 V         ; 0.107 V                             ; 0.02 V                              ; 4.5e-10 s                  ; 4.25e-10 s                 ; Yes                       ; Yes                       ;
; ~ALTERA_DCLK~ ; 2.5 V        ; 0 s                 ; 0 s                 ; 2.32 V                       ; 5.74e-07 V                   ; 2.36 V              ; -0.0201 V           ; 0.072 V                              ; 0.033 V                              ; 4.04e-10 s                  ; 3.29e-10 s                  ; Yes                        ; Yes                        ; 2.32 V                      ; 5.74e-07 V                  ; 2.36 V             ; -0.0201 V          ; 0.072 V                             ; 0.033 V                             ; 4.04e-10 s                 ; 3.29e-10 s                 ; Yes                       ; Yes                       ;
; ~ALTERA_nCEO~ ; 2.5 V        ; 0 s                 ; 0 s                 ; 2.32 V                       ; 9.45e-07 V                   ; 2.35 V              ; -0.00643 V          ; 0.081 V                              ; 0.031 V                              ; 5.31e-10 s                  ; 7.59e-10 s                  ; Yes                        ; Yes                        ; 2.32 V                      ; 9.45e-07 V                  ; 2.35 V             ; -0.00643 V         ; 0.081 V                             ; 0.031 V                             ; 5.31e-10 s                 ; 7.59e-10 s                 ; Yes                       ; Yes                       ;
+---------------+--------------+---------------------+---------------------+------------------------------+------------------------------+---------------------+---------------------+--------------------------------------+--------------------------------------+-----------------------------+-----------------------------+----------------------------+----------------------------+-----------------------------+-----------------------------+--------------------+--------------------+-------------------------------------+-------------------------------------+----------------------------+----------------------------+---------------------------+---------------------------+


+--------------------------------------------------------------------------------------------------------------------------------------------------------------------------------------------------------------------------------------------------------------------------------------------------------------------------------------------------------------------------------------------------------------------------------------------------------------------------------------------------------------------------------------------------------------------------------------------------------------------------------------------------------------------------------------------+
; Signal Integrity Metrics (Fast 1200mv 0c Model)                                                                                                                                                                                                                                                                                                                                                                                                                                                                                                                                                                                                                                            ;
+---------------+--------------+---------------------+---------------------+------------------------------+------------------------------+---------------------+---------------------+--------------------------------------+--------------------------------------+-----------------------------+-----------------------------+----------------------------+----------------------------+-----------------------------+-----------------------------+--------------------+--------------------+-------------------------------------+-------------------------------------+----------------------------+----------------------------+---------------------------+---------------------------+
; Pin           ; I/O Standard ; Board Delay on Rise ; Board Delay on Fall ; Steady State Voh at FPGA Pin ; Steady State Vol at FPGA Pin ; Voh Max at FPGA Pin ; Vol Min at FPGA Pin ; Ringback Voltage on Rise at FPGA Pin ; Ringback Voltage on Fall at FPGA Pin ; 10-90 Rise Time at FPGA Pin ; 90-10 Fall Time at FPGA Pin ; Monotonic Rise at FPGA Pin ; Monotonic Fall at FPGA Pin ; Steady State Voh at Far-end ; Steady State Vol at Far-end ; Voh Max at Far-end ; Vol Min at Far-end ; Ringback Voltage on Rise at Far-end ; Ringback Voltage on Fall at Far-end ; 10-90 Rise Time at Far-end ; 90-10 Fall Time at Far-end ; Monotonic Rise at Far-end ; Monotonic Fall at Far-end ;
+---------------+--------------+---------------------+---------------------+------------------------------+------------------------------+---------------------+---------------------+--------------------------------------+--------------------------------------+-----------------------------+-----------------------------+----------------------------+----------------------------+-----------------------------+-----------------------------+--------------------+--------------------+-------------------------------------+-------------------------------------+----------------------------+----------------------------+---------------------------+---------------------------+
; q_out[0]      ; 2.5 V        ; 0 s                 ; 0 s                 ; 2.62 V                       ; 4.05e-08 V                   ; 2.72 V              ; -0.0349 V           ; 0.173 V                              ; 0.1 V                                ; 2.72e-10 s                  ; 2.69e-10 s                  ; Yes                        ; Yes                        ; 2.62 V                      ; 4.05e-08 V                  ; 2.72 V             ; -0.0349 V          ; 0.173 V                             ; 0.1 V                               ; 2.72e-10 s                 ; 2.69e-10 s                 ; Yes                       ; Yes                       ;
; q_out[1]      ; 2.5 V        ; 0 s                 ; 0 s                 ; 2.62 V                       ; 2.74e-08 V                   ; 2.64 V              ; -0.0117 V           ; 0.202 V                              ; 0.176 V                              ; 2.38e-09 s                  ; 2.22e-09 s                  ; No                         ; Yes                        ; 2.62 V                      ; 2.74e-08 V                  ; 2.64 V             ; -0.0117 V          ; 0.202 V                             ; 0.176 V                             ; 2.38e-09 s                 ; 2.22e-09 s                 ; No                        ; Yes                       ;
; q_out[2]      ; 2.5 V        ; 0 s                 ; 0 s                 ; 2.62 V                       ; 2.74e-08 V                   ; 2.71 V              ; -0.0317 V           ; 0.148 V                              ; 0.064 V                              ; 4.51e-10 s                  ; 4.15e-10 s                  ; No                         ; Yes                        ; 2.62 V                      ; 2.74e-08 V                  ; 2.71 V             ; -0.0317 V          ; 0.148 V                             ; 0.064 V                             ; 4.51e-10 s                 ; 4.15e-10 s                 ; No                        ; Yes                       ;
; q_out[3]      ; 2.5 V        ; 0 s                 ; 0 s                 ; 2.62 V                       ; 2.74e-08 V                   ; 2.71 V              ; -0.0317 V           ; 0.148 V                              ; 0.064 V                              ; 4.51e-10 s                  ; 4.15e-10 s                  ; No                         ; Yes                        ; 2.62 V                      ; 2.74e-08 V                  ; 2.71 V             ; -0.0317 V          ; 0.148 V                             ; 0.064 V                             ; 4.51e-10 s                 ; 4.15e-10 s                 ; No                        ; Yes                       ;
; q_out[4]      ; 2.5 V        ; 0 s                 ; 0 s                 ; 2.62 V                       ; 2.74e-08 V                   ; 2.71 V              ; -0.0317 V           ; 0.148 V                              ; 0.064 V                              ; 4.51e-10 s                  ; 4.15e-10 s                  ; No                         ; Yes                        ; 2.62 V                      ; 2.74e-08 V                  ; 2.71 V             ; -0.0317 V          ; 0.148 V                             ; 0.064 V                             ; 4.51e-10 s                 ; 4.15e-10 s                 ; No                        ; Yes                       ;
; q_out[5]      ; 2.5 V        ; 0 s                 ; 0 s                 ; 2.62 V                       ; 4.05e-08 V                   ; 2.72 V              ; -0.0349 V           ; 0.173 V                              ; 0.1 V                                ; 2.72e-10 s                  ; 2.69e-10 s                  ; Yes                        ; Yes                        ; 2.62 V                      ; 4.05e-08 V                  ; 2.72 V             ; -0.0349 V          ; 0.173 V                             ; 0.1 V                               ; 2.72e-10 s                 ; 2.69e-10 s                 ; Yes                       ; Yes                       ;
; q_out[6]      ; 2.5 V        ; 0 s                 ; 0 s                 ; 2.62 V                       ; 4.05e-08 V                   ; 2.72 V              ; -0.0349 V           ; 0.173 V                              ; 0.1 V                                ; 2.72e-10 s                  ; 2.69e-10 s                  ; Yes                        ; Yes                        ; 2.62 V                      ; 4.05e-08 V                  ; 2.72 V             ; -0.0349 V          ; 0.173 V                             ; 0.1 V                               ; 2.72e-10 s                 ; 2.69e-10 s                 ; Yes                       ; Yes                       ;
; q_out[7]      ; 2.5 V        ; 0 s                 ; 0 s                 ; 2.62 V                       ; 4.05e-08 V                   ; 2.64 V              ; -0.0113 V           ; 0.208 V                              ; 0.179 V                              ; 2.38e-09 s                  ; 2.23e-09 s                  ; No                         ; Yes                        ; 2.62 V                      ; 4.05e-08 V                  ; 2.64 V             ; -0.0113 V          ; 0.208 V                             ; 0.179 V                             ; 2.38e-09 s                 ; 2.23e-09 s                 ; No                        ; Yes                       ;
; q_out[8]      ; 2.5 V        ; 0 s                 ; 0 s                 ; 2.62 V                       ; 4.05e-08 V                   ; 2.72 V              ; -0.0349 V           ; 0.173 V                              ; 0.1 V                                ; 2.72e-10 s                  ; 2.69e-10 s                  ; Yes                        ; Yes                        ; 2.62 V                      ; 4.05e-08 V                  ; 2.72 V             ; -0.0349 V          ; 0.173 V                             ; 0.1 V                               ; 2.72e-10 s                 ; 2.69e-10 s                 ; Yes                       ; Yes                       ;
; q_out[9]      ; 2.5 V        ; 0 s                 ; 0 s                 ; 2.62 V                       ; 2.74e-08 V                   ; 2.71 V              ; -0.0317 V           ; 0.148 V                              ; 0.064 V                              ; 4.51e-10 s                  ; 4.15e-10 s                  ; No                         ; Yes                        ; 2.62 V                      ; 2.74e-08 V                  ; 2.71 V             ; -0.0317 V          ; 0.148 V                             ; 0.064 V                             ; 4.51e-10 s                 ; 4.15e-10 s                 ; No                        ; Yes                       ;
; q_out[10]     ; 2.5 V        ; 0 s                 ; 0 s                 ; 2.62 V                       ; 2.74e-08 V                   ; 2.73 V              ; -0.0384 V           ; 0.169 V                              ; 0.089 V                              ; 2.7e-10 s                   ; 2.62e-10 s                  ; Yes                        ; Yes                        ; 2.62 V                      ; 2.74e-08 V                  ; 2.73 V             ; -0.0384 V          ; 0.169 V                             ; 0.089 V                             ; 2.7e-10 s                  ; 2.62e-10 s                 ; Yes                       ; Yes                       ;
; q_out[11]     ; 2.5 V        ; 0 s                 ; 0 s                 ; 2.62 V                       ; 4.05e-08 V                   ; 2.72 V              ; -0.0349 V           ; 0.173 V                              ; 0.1 V                                ; 2.72e-10 s                  ; 2.69e-10 s                  ; Yes                        ; Yes                        ; 2.62 V                      ; 4.05e-08 V                  ; 2.72 V             ; -0.0349 V          ; 0.173 V                             ; 0.1 V                               ; 2.72e-10 s                 ; 2.69e-10 s                 ; Yes                       ; Yes                       ;
; q_out[12]     ; 2.5 V        ; 0 s                 ; 0 s                 ; 2.62 V                       ; 4.05e-08 V                   ; 2.72 V              ; -0.0349 V           ; 0.173 V                              ; 0.1 V                                ; 2.72e-10 s                  ; 2.69e-10 s                  ; Yes                        ; Yes                        ; 2.62 V                      ; 4.05e-08 V                  ; 2.72 V             ; -0.0349 V          ; 0.173 V                             ; 0.1 V                               ; 2.72e-10 s                 ; 2.69e-10 s                 ; Yes                       ; Yes                       ;
; q_out[13]     ; 2.5 V        ; 0 s                 ; 0 s                 ; 2.62 V                       ; 4.05e-08 V                   ; 2.64 V              ; -0.0113 V           ; 0.208 V                              ; 0.179 V                              ; 2.38e-09 s                  ; 2.23e-09 s                  ; No                         ; Yes                        ; 2.62 V                      ; 4.05e-08 V                  ; 2.64 V             ; -0.0113 V          ; 0.208 V                             ; 0.179 V                             ; 2.38e-09 s                 ; 2.23e-09 s                 ; No                        ; Yes                       ;
; q_out[14]     ; 2.5 V        ; 0 s                 ; 0 s                 ; 2.62 V                       ; 4.05e-08 V                   ; 2.72 V              ; -0.0349 V           ; 0.173 V                              ; 0.1 V                                ; 2.72e-10 s                  ; 2.69e-10 s                  ; Yes                        ; Yes                        ; 2.62 V                      ; 4.05e-08 V                  ; 2.72 V             ; -0.0349 V          ; 0.173 V                             ; 0.1 V                               ; 2.72e-10 s                 ; 2.69e-10 s                 ; Yes                       ; Yes                       ;
; q_out[15]     ; 2.5 V        ; 0 s                 ; 0 s                 ; 2.62 V                       ; 4.05e-08 V                   ; 2.72 V              ; -0.0349 V           ; 0.173 V                              ; 0.1 V                                ; 2.72e-10 s                  ; 2.69e-10 s                  ; Yes                        ; Yes                        ; 2.62 V                      ; 4.05e-08 V                  ; 2.72 V             ; -0.0349 V          ; 0.173 V                             ; 0.1 V                               ; 2.72e-10 s                 ; 2.69e-10 s                 ; Yes                       ; Yes                       ;
; q_out[16]     ; 2.5 V        ; 0 s                 ; 0 s                 ; 2.62 V                       ; 4.05e-08 V                   ; 2.72 V              ; -0.0349 V           ; 0.173 V                              ; 0.1 V                                ; 2.72e-10 s                  ; 2.69e-10 s                  ; Yes                        ; Yes                        ; 2.62 V                      ; 4.05e-08 V                  ; 2.72 V             ; -0.0349 V          ; 0.173 V                             ; 0.1 V                               ; 2.72e-10 s                 ; 2.69e-10 s                 ; Yes                       ; Yes                       ;
; q_out[17]     ; 2.5 V        ; 0 s                 ; 0 s                 ; 2.62 V                       ; 2.74e-08 V                   ; 2.71 V              ; -0.0317 V           ; 0.148 V                              ; 0.064 V                              ; 4.51e-10 s                  ; 4.15e-10 s                  ; No                         ; Yes                        ; 2.62 V                      ; 2.74e-08 V                  ; 2.71 V             ; -0.0317 V          ; 0.148 V                             ; 0.064 V                             ; 4.51e-10 s                 ; 4.15e-10 s                 ; No                        ; Yes                       ;
; q_out[18]     ; 2.5 V        ; 0 s                 ; 0 s                 ; 2.62 V                       ; 2.74e-08 V                   ; 2.71 V              ; -0.0317 V           ; 0.148 V                              ; 0.064 V                              ; 4.51e-10 s                  ; 4.15e-10 s                  ; No                         ; Yes                        ; 2.62 V                      ; 2.74e-08 V                  ; 2.71 V             ; -0.0317 V          ; 0.148 V                             ; 0.064 V                             ; 4.51e-10 s                 ; 4.15e-10 s                 ; No                        ; Yes                       ;
; q_out[19]     ; 2.5 V        ; 0 s                 ; 0 s                 ; 2.62 V                       ; 4.05e-08 V                   ; 2.72 V              ; -0.0349 V           ; 0.173 V                              ; 0.1 V                                ; 2.72e-10 s                  ; 2.69e-10 s                  ; Yes                        ; Yes                        ; 2.62 V                      ; 4.05e-08 V                  ; 2.72 V             ; -0.0349 V          ; 0.173 V                             ; 0.1 V                               ; 2.72e-10 s                 ; 2.69e-10 s                 ; Yes                       ; Yes                       ;
; q_out[20]     ; 2.5 V        ; 0 s                 ; 0 s                 ; 2.62 V                       ; 4.05e-08 V                   ; 2.72 V              ; -0.0349 V           ; 0.173 V                              ; 0.1 V                                ; 2.72e-10 s                  ; 2.69e-10 s                  ; Yes                        ; Yes                        ; 2.62 V                      ; 4.05e-08 V                  ; 2.72 V             ; -0.0349 V          ; 0.173 V                             ; 0.1 V                               ; 2.72e-10 s                 ; 2.69e-10 s                 ; Yes                       ; Yes                       ;
; q_out[21]     ; 2.5 V        ; 0 s                 ; 0 s                 ; 2.62 V                       ; 4.05e-08 V                   ; 2.72 V              ; -0.0349 V           ; 0.173 V                              ; 0.1 V                                ; 2.72e-10 s                  ; 2.69e-10 s                  ; Yes                        ; Yes                        ; 2.62 V                      ; 4.05e-08 V                  ; 2.72 V             ; -0.0349 V          ; 0.173 V                             ; 0.1 V                               ; 2.72e-10 s                 ; 2.69e-10 s                 ; Yes                       ; Yes                       ;
; q_out[22]     ; 2.5 V        ; 0 s                 ; 0 s                 ; 2.62 V                       ; 4.05e-08 V                   ; 2.72 V              ; -0.0349 V           ; 0.173 V                              ; 0.1 V                                ; 2.72e-10 s                  ; 2.69e-10 s                  ; Yes                        ; Yes                        ; 2.62 V                      ; 4.05e-08 V                  ; 2.72 V             ; -0.0349 V          ; 0.173 V                             ; 0.1 V                               ; 2.72e-10 s                 ; 2.69e-10 s                 ; Yes                       ; Yes                       ;
; q_out[23]     ; 2.5 V        ; 0 s                 ; 0 s                 ; 2.62 V                       ; 4.05e-08 V                   ; 2.72 V              ; -0.0349 V           ; 0.173 V                              ; 0.1 V                                ; 2.72e-10 s                  ; 2.69e-10 s                  ; Yes                        ; Yes                        ; 2.62 V                      ; 4.05e-08 V                  ; 2.72 V             ; -0.0349 V          ; 0.173 V                             ; 0.1 V                               ; 2.72e-10 s                 ; 2.69e-10 s                 ; Yes                       ; Yes                       ;
; q_out[24]     ; 2.5 V        ; 0 s                 ; 0 s                 ; 2.62 V                       ; 4.05e-08 V                   ; 2.72 V              ; -0.0349 V           ; 0.173 V                              ; 0.1 V                                ; 2.72e-10 s                  ; 2.69e-10 s                  ; Yes                        ; Yes                        ; 2.62 V                      ; 4.05e-08 V                  ; 2.72 V             ; -0.0349 V          ; 0.173 V                             ; 0.1 V                               ; 2.72e-10 s                 ; 2.69e-10 s                 ; Yes                       ; Yes                       ;
; q_out[25]     ; 2.5 V        ; 0 s                 ; 0 s                 ; 2.62 V                       ; 4.05e-08 V                   ; 2.72 V              ; -0.0349 V           ; 0.173 V                              ; 0.1 V                                ; 2.72e-10 s                  ; 2.69e-10 s                  ; Yes                        ; Yes                        ; 2.62 V                      ; 4.05e-08 V                  ; 2.72 V             ; -0.0349 V          ; 0.173 V                             ; 0.1 V                               ; 2.72e-10 s                 ; 2.69e-10 s                 ; Yes                       ; Yes                       ;
; q_out[26]     ; 2.5 V        ; 0 s                 ; 0 s                 ; 2.62 V                       ; 4.05e-08 V                   ; 2.72 V              ; -0.0349 V           ; 0.173 V                              ; 0.1 V                                ; 2.72e-10 s                  ; 2.69e-10 s                  ; Yes                        ; Yes                        ; 2.62 V                      ; 4.05e-08 V                  ; 2.72 V             ; -0.0349 V          ; 0.173 V                             ; 0.1 V                               ; 2.72e-10 s                 ; 2.69e-10 s                 ; Yes                       ; Yes                       ;
; q_out[27]     ; 2.5 V        ; 0 s                 ; 0 s                 ; 2.62 V                       ; 4.05e-08 V                   ; 2.72 V              ; -0.0349 V           ; 0.173 V                              ; 0.1 V                                ; 2.72e-10 s                  ; 2.69e-10 s                  ; Yes                        ; Yes                        ; 2.62 V                      ; 4.05e-08 V                  ; 2.72 V             ; -0.0349 V          ; 0.173 V                             ; 0.1 V                               ; 2.72e-10 s                 ; 2.69e-10 s                 ; Yes                       ; Yes                       ;
; q_out[28]     ; 2.5 V        ; 0 s                 ; 0 s                 ; 2.62 V                       ; 4.05e-08 V                   ; 2.72 V              ; -0.0349 V           ; 0.173 V                              ; 0.1 V                                ; 2.72e-10 s                  ; 2.69e-10 s                  ; Yes                        ; Yes                        ; 2.62 V                      ; 4.05e-08 V                  ; 2.72 V             ; -0.0349 V          ; 0.173 V                             ; 0.1 V                               ; 2.72e-10 s                 ; 2.69e-10 s                 ; Yes                       ; Yes                       ;
; q_out[29]     ; 2.5 V        ; 0 s                 ; 0 s                 ; 2.62 V                       ; 4.05e-08 V                   ; 2.72 V              ; -0.0349 V           ; 0.173 V                              ; 0.1 V                                ; 2.72e-10 s                  ; 2.69e-10 s                  ; Yes                        ; Yes                        ; 2.62 V                      ; 4.05e-08 V                  ; 2.72 V             ; -0.0349 V          ; 0.173 V                             ; 0.1 V                               ; 2.72e-10 s                 ; 2.69e-10 s                 ; Yes                       ; Yes                       ;
; q_out[30]     ; 2.5 V        ; 0 s                 ; 0 s                 ; 2.62 V                       ; 2.74e-08 V                   ; 2.71 V              ; -0.0317 V           ; 0.148 V                              ; 0.064 V                              ; 4.51e-10 s                  ; 4.15e-10 s                  ; No                         ; Yes                        ; 2.62 V                      ; 2.74e-08 V                  ; 2.71 V             ; -0.0317 V          ; 0.148 V                             ; 0.064 V                             ; 4.51e-10 s                 ; 4.15e-10 s                 ; No                        ; Yes                       ;
; q_out[31]     ; 2.5 V        ; 0 s                 ; 0 s                 ; 2.62 V                       ; 4.05e-08 V                   ; 2.72 V              ; -0.0349 V           ; 0.173 V                              ; 0.1 V                                ; 2.72e-10 s                  ; 2.69e-10 s                  ; Yes                        ; Yes                        ; 2.62 V                      ; 4.05e-08 V                  ; 2.72 V             ; -0.0349 V          ; 0.173 V                             ; 0.1 V                               ; 2.72e-10 s                 ; 2.69e-10 s                 ; Yes                       ; Yes                       ;
; rem_out[0]    ; 2.5 V        ; 0 s                 ; 0 s                 ; 2.62 V                       ; 2.74e-08 V                   ; 2.71 V              ; -0.0317 V           ; 0.148 V                              ; 0.064 V                              ; 4.51e-10 s                  ; 4.15e-10 s                  ; No                         ; Yes                        ; 2.62 V                      ; 2.74e-08 V                  ; 2.71 V             ; -0.0317 V          ; 0.148 V                             ; 0.064 V                             ; 4.51e-10 s                 ; 4.15e-10 s                 ; No                        ; Yes                       ;
; rem_out[1]    ; 2.5 V        ; 0 s                 ; 0 s                 ; 2.62 V                       ; 4.05e-08 V                   ; 2.72 V              ; -0.0349 V           ; 0.173 V                              ; 0.1 V                                ; 2.72e-10 s                  ; 2.69e-10 s                  ; Yes                        ; Yes                        ; 2.62 V                      ; 4.05e-08 V                  ; 2.72 V             ; -0.0349 V          ; 0.173 V                             ; 0.1 V                               ; 2.72e-10 s                 ; 2.69e-10 s                 ; Yes                       ; Yes                       ;
; rem_out[2]    ; 2.5 V        ; 0 s                 ; 0 s                 ; 2.62 V                       ; 4.05e-08 V                   ; 2.72 V              ; -0.0349 V           ; 0.173 V                              ; 0.1 V                                ; 2.72e-10 s                  ; 2.69e-10 s                  ; Yes                        ; Yes                        ; 2.62 V                      ; 4.05e-08 V                  ; 2.72 V             ; -0.0349 V          ; 0.173 V                             ; 0.1 V                               ; 2.72e-10 s                 ; 2.69e-10 s                 ; Yes                       ; Yes                       ;
; rem_out[3]    ; 2.5 V        ; 0 s                 ; 0 s                 ; 2.62 V                       ; 4.05e-08 V                   ; 2.72 V              ; -0.0349 V           ; 0.173 V                              ; 0.1 V                                ; 2.72e-10 s                  ; 2.69e-10 s                  ; Yes                        ; Yes                        ; 2.62 V                      ; 4.05e-08 V                  ; 2.72 V             ; -0.0349 V          ; 0.173 V                             ; 0.1 V                               ; 2.72e-10 s                 ; 2.69e-10 s                 ; Yes                       ; Yes                       ;
; rem_out[4]    ; 2.5 V        ; 0 s                 ; 0 s                 ; 2.62 V                       ; 4.05e-08 V                   ; 2.72 V              ; -0.0349 V           ; 0.173 V                              ; 0.1 V                                ; 2.72e-10 s                  ; 2.69e-10 s                  ; Yes                        ; Yes                        ; 2.62 V                      ; 4.05e-08 V                  ; 2.72 V             ; -0.0349 V          ; 0.173 V                             ; 0.1 V                               ; 2.72e-10 s                 ; 2.69e-10 s                 ; Yes                       ; Yes                       ;
; rem_out[5]    ; 2.5 V        ; 0 s                 ; 0 s                 ; 2.62 V                       ; 4.05e-08 V                   ; 2.72 V              ; -0.0349 V           ; 0.173 V                              ; 0.1 V                                ; 2.72e-10 s                  ; 2.69e-10 s                  ; Yes                        ; Yes                        ; 2.62 V                      ; 4.05e-08 V                  ; 2.72 V             ; -0.0349 V          ; 0.173 V                             ; 0.1 V                               ; 2.72e-10 s                 ; 2.69e-10 s                 ; Yes                       ; Yes                       ;
; rem_out[6]    ; 2.5 V        ; 0 s                 ; 0 s                 ; 2.62 V                       ; 4.05e-08 V                   ; 2.72 V              ; -0.0349 V           ; 0.173 V                              ; 0.1 V                                ; 2.72e-10 s                  ; 2.69e-10 s                  ; Yes                        ; Yes                        ; 2.62 V                      ; 4.05e-08 V                  ; 2.72 V             ; -0.0349 V          ; 0.173 V                             ; 0.1 V                               ; 2.72e-10 s                 ; 2.69e-10 s                 ; Yes                       ; Yes                       ;
; rem_out[7]    ; 2.5 V        ; 0 s                 ; 0 s                 ; 2.62 V                       ; 4.05e-08 V                   ; 2.72 V              ; -0.0349 V           ; 0.173 V                              ; 0.1 V                                ; 2.72e-10 s                  ; 2.69e-10 s                  ; Yes                        ; Yes                        ; 2.62 V                      ; 4.05e-08 V                  ; 2.72 V             ; -0.0349 V          ; 0.173 V                             ; 0.1 V                               ; 2.72e-10 s                 ; 2.69e-10 s                 ; Yes                       ; Yes                       ;
; rem_out[8]    ; 2.5 V        ; 0 s                 ; 0 s                 ; 2.62 V                       ; 4.05e-08 V                   ; 2.72 V              ; -0.0349 V           ; 0.173 V                              ; 0.1 V                                ; 2.72e-10 s                  ; 2.69e-10 s                  ; Yes                        ; Yes                        ; 2.62 V                      ; 4.05e-08 V                  ; 2.72 V             ; -0.0349 V          ; 0.173 V                             ; 0.1 V                               ; 2.72e-10 s                 ; 2.69e-10 s                 ; Yes                       ; Yes                       ;
; rem_out[9]    ; 2.5 V        ; 0 s                 ; 0 s                 ; 2.62 V                       ; 4.05e-08 V                   ; 2.72 V              ; -0.0349 V           ; 0.173 V                              ; 0.1 V                                ; 2.72e-10 s                  ; 2.69e-10 s                  ; Yes                        ; Yes                        ; 2.62 V                      ; 4.05e-08 V                  ; 2.72 V             ; -0.0349 V          ; 0.173 V                             ; 0.1 V                               ; 2.72e-10 s                 ; 2.69e-10 s                 ; Yes                       ; Yes                       ;
; rem_out[10]   ; 2.5 V        ; 0 s                 ; 0 s                 ; 2.62 V                       ; 4.05e-08 V                   ; 2.72 V              ; -0.0349 V           ; 0.173 V                              ; 0.1 V                                ; 2.72e-10 s                  ; 2.69e-10 s                  ; Yes                        ; Yes                        ; 2.62 V                      ; 4.05e-08 V                  ; 2.72 V             ; -0.0349 V          ; 0.173 V                             ; 0.1 V                               ; 2.72e-10 s                 ; 2.69e-10 s                 ; Yes                       ; Yes                       ;
; rem_out[11]   ; 2.5 V        ; 0 s                 ; 0 s                 ; 2.62 V                       ; 4.05e-08 V                   ; 2.72 V              ; -0.0349 V           ; 0.173 V                              ; 0.1 V                                ; 2.72e-10 s                  ; 2.69e-10 s                  ; Yes                        ; Yes                        ; 2.62 V                      ; 4.05e-08 V                  ; 2.72 V             ; -0.0349 V          ; 0.173 V                             ; 0.1 V                               ; 2.72e-10 s                 ; 2.69e-10 s                 ; Yes                       ; Yes                       ;
; rem_out[12]   ; 2.5 V        ; 0 s                 ; 0 s                 ; 2.62 V                       ; 4.05e-08 V                   ; 2.72 V              ; -0.0349 V           ; 0.173 V                              ; 0.1 V                                ; 2.72e-10 s                  ; 2.69e-10 s                  ; Yes                        ; Yes                        ; 2.62 V                      ; 4.05e-08 V                  ; 2.72 V             ; -0.0349 V          ; 0.173 V                             ; 0.1 V                               ; 2.72e-10 s                 ; 2.69e-10 s                 ; Yes                       ; Yes                       ;
; rem_out[13]   ; 2.5 V        ; 0 s                 ; 0 s                 ; 2.62 V                       ; 4.05e-08 V                   ; 2.72 V              ; -0.0349 V           ; 0.173 V                              ; 0.1 V                                ; 2.72e-10 s                  ; 2.69e-10 s                  ; Yes                        ; Yes                        ; 2.62 V                      ; 4.05e-08 V                  ; 2.72 V             ; -0.0349 V          ; 0.173 V                             ; 0.1 V                               ; 2.72e-10 s                 ; 2.69e-10 s                 ; Yes                       ; Yes                       ;
; rem_out[14]   ; 2.5 V        ; 0 s                 ; 0 s                 ; 2.62 V                       ; 4.05e-08 V                   ; 2.72 V              ; -0.0349 V           ; 0.173 V                              ; 0.1 V                                ; 2.72e-10 s                  ; 2.69e-10 s                  ; Yes                        ; Yes                        ; 2.62 V                      ; 4.05e-08 V                  ; 2.72 V             ; -0.0349 V          ; 0.173 V                             ; 0.1 V                               ; 2.72e-10 s                 ; 2.69e-10 s                 ; Yes                       ; Yes                       ;
; rem_out[15]   ; 2.5 V        ; 0 s                 ; 0 s                 ; 2.62 V                       ; 2.74e-08 V                   ; 2.71 V              ; -0.0317 V           ; 0.148 V                              ; 0.064 V                              ; 4.51e-10 s                  ; 4.15e-10 s                  ; No                         ; Yes                        ; 2.62 V                      ; 2.74e-08 V                  ; 2.71 V             ; -0.0317 V          ; 0.148 V                             ; 0.064 V                             ; 4.51e-10 s                 ; 4.15e-10 s                 ; No                        ; Yes                       ;
; rem_out[16]   ; 2.5 V        ; 0 s                 ; 0 s                 ; 2.62 V                       ; 4.05e-08 V                   ; 2.72 V              ; -0.0349 V           ; 0.173 V                              ; 0.1 V                                ; 2.72e-10 s                  ; 2.69e-10 s                  ; Yes                        ; Yes                        ; 2.62 V                      ; 4.05e-08 V                  ; 2.72 V             ; -0.0349 V          ; 0.173 V                             ; 0.1 V                               ; 2.72e-10 s                 ; 2.69e-10 s                 ; Yes                       ; Yes                       ;
; rem_out[17]   ; 2.5 V        ; 0 s                 ; 0 s                 ; 2.62 V                       ; 4.05e-08 V                   ; 2.72 V              ; -0.0349 V           ; 0.173 V                              ; 0.1 V                                ; 2.72e-10 s                  ; 2.69e-10 s                  ; Yes                        ; Yes                        ; 2.62 V                      ; 4.05e-08 V                  ; 2.72 V             ; -0.0349 V          ; 0.173 V                             ; 0.1 V                               ; 2.72e-10 s                 ; 2.69e-10 s                 ; Yes                       ; Yes                       ;
; rem_out[18]   ; 2.5 V        ; 0 s                 ; 0 s                 ; 2.62 V                       ; 4.05e-08 V                   ; 2.72 V              ; -0.0349 V           ; 0.173 V                              ; 0.1 V                                ; 2.72e-10 s                  ; 2.69e-10 s                  ; Yes                        ; Yes                        ; 2.62 V                      ; 4.05e-08 V                  ; 2.72 V             ; -0.0349 V          ; 0.173 V                             ; 0.1 V                               ; 2.72e-10 s                 ; 2.69e-10 s                 ; Yes                       ; Yes                       ;
; rem_out[19]   ; 2.5 V        ; 0 s                 ; 0 s                 ; 2.62 V                       ; 4.05e-08 V                   ; 2.72 V              ; -0.0349 V           ; 0.173 V                              ; 0.1 V                                ; 2.72e-10 s                  ; 2.69e-10 s                  ; Yes                        ; Yes                        ; 2.62 V                      ; 4.05e-08 V                  ; 2.72 V             ; -0.0349 V          ; 0.173 V                             ; 0.1 V                               ; 2.72e-10 s                 ; 2.69e-10 s                 ; Yes                       ; Yes                       ;
; rem_out[20]   ; 2.5 V        ; 0 s                 ; 0 s                 ; 2.62 V                       ; 4.05e-08 V                   ; 2.72 V              ; -0.0349 V           ; 0.173 V                              ; 0.1 V                                ; 2.72e-10 s                  ; 2.69e-10 s                  ; Yes                        ; Yes                        ; 2.62 V                      ; 4.05e-08 V                  ; 2.72 V             ; -0.0349 V          ; 0.173 V                             ; 0.1 V                               ; 2.72e-10 s                 ; 2.69e-10 s                 ; Yes                       ; Yes                       ;
; rem_out[21]   ; 2.5 V        ; 0 s                 ; 0 s                 ; 2.62 V                       ; 4.05e-08 V                   ; 2.72 V              ; -0.0349 V           ; 0.173 V                              ; 0.1 V                                ; 2.72e-10 s                  ; 2.69e-10 s                  ; Yes                        ; Yes                        ; 2.62 V                      ; 4.05e-08 V                  ; 2.72 V             ; -0.0349 V          ; 0.173 V                             ; 0.1 V                               ; 2.72e-10 s                 ; 2.69e-10 s                 ; Yes                       ; Yes                       ;
; rem_out[22]   ; 2.5 V        ; 0 s                 ; 0 s                 ; 2.62 V                       ; 4.05e-08 V                   ; 2.72 V              ; -0.0349 V           ; 0.173 V                              ; 0.1 V                                ; 2.72e-10 s                  ; 2.69e-10 s                  ; Yes                        ; Yes                        ; 2.62 V                      ; 4.05e-08 V                  ; 2.72 V             ; -0.0349 V          ; 0.173 V                             ; 0.1 V                               ; 2.72e-10 s                 ; 2.69e-10 s                 ; Yes                       ; Yes                       ;
; rem_out[23]   ; 2.5 V        ; 0 s                 ; 0 s                 ; 2.62 V                       ; 4.05e-08 V                   ; 2.72 V              ; -0.0349 V           ; 0.173 V                              ; 0.1 V                                ; 2.72e-10 s                  ; 2.69e-10 s                  ; Yes                        ; Yes                        ; 2.62 V                      ; 4.05e-08 V                  ; 2.72 V             ; -0.0349 V          ; 0.173 V                             ; 0.1 V                               ; 2.72e-10 s                 ; 2.69e-10 s                 ; Yes                       ; Yes                       ;
; rem_out[24]   ; 2.5 V        ; 0 s                 ; 0 s                 ; 2.62 V                       ; 4.05e-08 V                   ; 2.72 V              ; -0.0349 V           ; 0.173 V                              ; 0.1 V                                ; 2.72e-10 s                  ; 2.69e-10 s                  ; Yes                        ; Yes                        ; 2.62 V                      ; 4.05e-08 V                  ; 2.72 V             ; -0.0349 V          ; 0.173 V                             ; 0.1 V                               ; 2.72e-10 s                 ; 2.69e-10 s                 ; Yes                       ; Yes                       ;
; rem_out[25]   ; 2.5 V        ; 0 s                 ; 0 s                 ; 2.62 V                       ; 4.05e-08 V                   ; 2.72 V              ; -0.0349 V           ; 0.173 V                              ; 0.1 V                                ; 2.72e-10 s                  ; 2.69e-10 s                  ; Yes                        ; Yes                        ; 2.62 V                      ; 4.05e-08 V                  ; 2.72 V             ; -0.0349 V          ; 0.173 V                             ; 0.1 V                               ; 2.72e-10 s                 ; 2.69e-10 s                 ; Yes                       ; Yes                       ;
; rem_out[26]   ; 2.5 V        ; 0 s                 ; 0 s                 ; 2.62 V                       ; 4.05e-08 V                   ; 2.72 V              ; -0.0349 V           ; 0.173 V                              ; 0.1 V                                ; 2.72e-10 s                  ; 2.69e-10 s                  ; Yes                        ; Yes                        ; 2.62 V                      ; 4.05e-08 V                  ; 2.72 V             ; -0.0349 V          ; 0.173 V                             ; 0.1 V                               ; 2.72e-10 s                 ; 2.69e-10 s                 ; Yes                       ; Yes                       ;
; rem_out[27]   ; 2.5 V        ; 0 s                 ; 0 s                 ; 2.62 V                       ; 4.05e-08 V                   ; 2.72 V              ; -0.0349 V           ; 0.173 V                              ; 0.1 V                                ; 2.72e-10 s                  ; 2.69e-10 s                  ; Yes                        ; Yes                        ; 2.62 V                      ; 4.05e-08 V                  ; 2.72 V             ; -0.0349 V          ; 0.173 V                             ; 0.1 V                               ; 2.72e-10 s                 ; 2.69e-10 s                 ; Yes                       ; Yes                       ;
; rem_out[28]   ; 2.5 V        ; 0 s                 ; 0 s                 ; 2.62 V                       ; 4.05e-08 V                   ; 2.72 V              ; -0.0349 V           ; 0.173 V                              ; 0.1 V                                ; 2.72e-10 s                  ; 2.69e-10 s                  ; Yes                        ; Yes                        ; 2.62 V                      ; 4.05e-08 V                  ; 2.72 V             ; -0.0349 V          ; 0.173 V                             ; 0.1 V                               ; 2.72e-10 s                 ; 2.69e-10 s                 ; Yes                       ; Yes                       ;
; rem_out[29]   ; 2.5 V        ; 0 s                 ; 0 s                 ; 2.62 V                       ; 4.05e-08 V                   ; 2.72 V              ; -0.0349 V           ; 0.173 V                              ; 0.1 V                                ; 2.72e-10 s                  ; 2.69e-10 s                  ; Yes                        ; Yes                        ; 2.62 V                      ; 4.05e-08 V                  ; 2.72 V             ; -0.0349 V          ; 0.173 V                             ; 0.1 V                               ; 2.72e-10 s                 ; 2.69e-10 s                 ; Yes                       ; Yes                       ;
; rem_out[30]   ; 2.5 V        ; 0 s                 ; 0 s                 ; 2.62 V                       ; 4.05e-08 V                   ; 2.72 V              ; -0.0349 V           ; 0.173 V                              ; 0.1 V                                ; 2.72e-10 s                  ; 2.69e-10 s                  ; Yes                        ; Yes                        ; 2.62 V                      ; 4.05e-08 V                  ; 2.72 V             ; -0.0349 V          ; 0.173 V                             ; 0.1 V                               ; 2.72e-10 s                 ; 2.69e-10 s                 ; Yes                       ; Yes                       ;
; rem_out[31]   ; 2.5 V        ; 0 s                 ; 0 s                 ; 2.62 V                       ; 4.05e-08 V                   ; 2.72 V              ; -0.0349 V           ; 0.173 V                              ; 0.1 V                                ; 2.72e-10 s                  ; 2.69e-10 s                  ; Yes                        ; Yes                        ; 2.62 V                      ; 4.05e-08 V                  ; 2.72 V             ; -0.0349 V          ; 0.173 V                             ; 0.1 V                               ; 2.72e-10 s                 ; 2.69e-10 s                 ; Yes                       ; Yes                       ;
; done          ; 2.5 V        ; 0 s                 ; 0 s                 ; 2.62 V                       ; 4.05e-08 V                   ; 2.72 V              ; -0.0349 V           ; 0.173 V                              ; 0.1 V                                ; 2.72e-10 s                  ; 2.69e-10 s                  ; Yes                        ; Yes                        ; 2.62 V                      ; 4.05e-08 V                  ; 2.72 V             ; -0.0349 V          ; 0.173 V                             ; 0.1 V                               ; 2.72e-10 s                 ; 2.69e-10 s                 ; Yes                       ; Yes                       ;
; ~ALTERA_DCLK~ ; 2.5 V        ; 0 s                 ; 0 s                 ; 2.62 V                       ; 2.22e-08 V                   ; 2.74 V              ; -0.06 V             ; 0.158 V                              ; 0.08 V                               ; 2.68e-10 s                  ; 2.19e-10 s                  ; Yes                        ; Yes                        ; 2.62 V                      ; 2.22e-08 V                  ; 2.74 V             ; -0.06 V            ; 0.158 V                             ; 0.08 V                              ; 2.68e-10 s                 ; 2.19e-10 s                 ; Yes                       ; Yes                       ;
; ~ALTERA_nCEO~ ; 2.5 V        ; 0 s                 ; 0 s                 ; 2.62 V                       ; 3.54e-08 V                   ; 2.7 V               ; -0.00943 V          ; 0.276 V                              ; 0.035 V                              ; 3.19e-10 s                  ; 4.99e-10 s                  ; No                         ; Yes                        ; 2.62 V                      ; 3.54e-08 V                  ; 2.7 V              ; -0.00943 V         ; 0.276 V                             ; 0.035 V                             ; 3.19e-10 s                 ; 4.99e-10 s                 ; No                        ; Yes                       ;
+---------------+--------------+---------------------+---------------------+------------------------------+------------------------------+---------------------+---------------------+--------------------------------------+--------------------------------------+-----------------------------+-----------------------------+----------------------------+----------------------------+-----------------------------+-----------------------------+--------------------+--------------------+-------------------------------------+-------------------------------------+----------------------------+----------------------------+---------------------------+---------------------------+


+-------------------------------------------------------------------+
; Setup Transfers                                                   ;
+------------+----------+----------+----------+----------+----------+
; From Clock ; To Clock ; RR Paths ; FR Paths ; RF Paths ; FF Paths ;
+------------+----------+----------+----------+----------+----------+
; clk        ; clk      ; 385141   ; 0        ; 0        ; 0        ;
+------------+----------+----------+----------+----------+----------+
Entries labeled "false path" only account for clock-to-clock false paths and not path-based false paths. As a result, actual path counts may be lower than reported.


+-------------------------------------------------------------------+
; Hold Transfers                                                    ;
+------------+----------+----------+----------+----------+----------+
; From Clock ; To Clock ; RR Paths ; FR Paths ; RF Paths ; FF Paths ;
+------------+----------+----------+----------+----------+----------+
; clk        ; clk      ; 385141   ; 0        ; 0        ; 0        ;
+------------+----------+----------+----------+----------+----------+
Entries labeled "false path" only account for clock-to-clock false paths and not path-based false paths. As a result, actual path counts may be lower than reported.


---------------
; Report TCCS ;
---------------
No dedicated SERDES Transmitter circuitry present in device or used in design


---------------
; Report RSKM ;
---------------
No non-DPA dedicated SERDES Receiver circuitry present in device or used in design


+------------------------------------------------+
; Unconstrained Paths Summary                    ;
+---------------------------------+-------+------+
; Property                        ; Setup ; Hold ;
+---------------------------------+-------+------+
; Illegal Clocks                  ; 0     ; 0    ;
; Unconstrained Clocks            ; 0     ; 0    ;
; Unconstrained Input Ports       ; 66    ; 66   ;
; Unconstrained Input Port Paths  ; 213   ; 213  ;
; Unconstrained Output Ports      ; 65    ; 65   ;
; Unconstrained Output Port Paths ; 5697  ; 5697 ;
+---------------------------------+-------+------+


+-------------------------------------+
; Clock Status Summary                ;
+--------+-------+------+-------------+
; Target ; Clock ; Type ; Status      ;
+--------+-------+------+-------------+
; clk    ; clk   ; Base ; Constrained ;
+--------+-------+------+-------------+


+---------------------------------------------------------------------------------------------------+
; Unconstrained Input Ports                                                                         ;
+------------+--------------------------------------------------------------------------------------+
; Input Port ; Comment                                                                              ;
+------------+--------------------------------------------------------------------------------------+
; rst        ; No input delay, min/max delays, false-path exceptions, or max skew assignments found ;
; start      ; No input delay, min/max delays, false-path exceptions, or max skew assignments found ;
; x_in[0]    ; No input delay, min/max delays, false-path exceptions, or max skew assignments found ;
; x_in[1]    ; No input delay, min/max delays, false-path exceptions, or max skew assignments found ;
; x_in[2]    ; No input delay, min/max delays, false-path exceptions, or max skew assignments found ;
; x_in[3]    ; No input delay, min/max delays, false-path exceptions, or max skew assignments found ;
; x_in[4]    ; No input delay, min/max delays, false-path exceptions, or max skew assignments found ;
; x_in[5]    ; No input delay, min/max delays, false-path exceptions, or max skew assignments found ;
; x_in[6]    ; No input delay, min/max delays, false-path exceptions, or max skew assignments found ;
; x_in[7]    ; No input delay, min/max delays, false-path exceptions, or max skew assignments found ;
; x_in[8]    ; No input delay, min/max delays, false-path exceptions, or max skew assignments found ;
; x_in[9]    ; No input delay, min/max delays, false-path exceptions, or max skew assignments found ;
; x_in[10]   ; No input delay, min/max delays, false-path exceptions, or max skew assignments found ;
; x_in[11]   ; No input delay, min/max delays, false-path exceptions, or max skew assignments found ;
; x_in[12]   ; No input delay, min/max delays, false-path exceptions, or max skew assignments found ;
; x_in[13]   ; No input delay, min/max delays, false-path exceptions, or max skew assignments found ;
; x_in[14]   ; No input delay, min/max delays, false-path exceptions, or max skew assignments found ;
; x_in[15]   ; No input delay, min/max delays, false-path exceptions, or max skew assignments found ;
; x_in[16]   ; No input delay, min/max delays, false-path exceptions, or max skew assignments found ;
; x_in[17]   ; No input delay, min/max delays, false-path exceptions, or max skew assignments found ;
; x_in[18]   ; No input delay, min/max delays, false-path exceptions, or max skew assignments found ;
; x_in[19]   ; No input delay, min/max delays, false-path exceptions, or max skew assignments found ;
; x_in[20]   ; No input delay, min/max delays, false-path exceptions, or max skew assignments found ;
; x_in[21]   ; No input delay, min/max delays, false-path exceptions, or max skew assignments found ;
; x_in[22]   ; No input delay, min/max delays, false-path exceptions, or max skew assignments found ;
; x_in[23]   ; No input delay, min/max delays, false-path exceptions, or max skew assignments found ;
; x_in[24]   ; No input delay, min/max delays, false-path exceptions, or max skew assignments found ;
; x_in[25]   ; No input delay, min/max delays, false-path exceptions, or max skew assignments found ;
; x_in[26]   ; No input delay, min/max delays, false-path exceptions, or max skew assignments found ;
; x_in[27]   ; No input delay, min/max delays, false-path exceptions, or max skew assignments found ;
; x_in[28]   ; No input delay, min/max delays, false-path exceptions, or max skew assignments found ;
; x_in[29]   ; No input delay, min/max delays, false-path exceptions, or max skew assignments found ;
; x_in[30]   ; No input delay, min/max delays, false-path exceptions, or max skew assignments found ;
; x_in[31]   ; No input delay, min/max delays, false-path exceptions, or max skew assignments found ;
; y_in[0]    ; No input delay, min/max delays, false-path exceptions, or max skew assignments found ;
; y_in[1]    ; No input delay, min/max delays, false-path exceptions, or max skew assignments found ;
; y_in[2]    ; No input delay, min/max delays, false-path exceptions, or max skew assignments found ;
; y_in[3]    ; No input delay, min/max delays, false-path exceptions, or max skew assignments found ;
; y_in[4]    ; No input delay, min/max delays, false-path exceptions, or max skew assignments found ;
; y_in[5]    ; No input delay, min/max delays, false-path exceptions, or max skew assignments found ;
; y_in[6]    ; No input delay, min/max delays, false-path exceptions, or max skew assignments found ;
; y_in[7]    ; No input delay, min/max delays, false-path exceptions, or max skew assignments found ;
; y_in[8]    ; No input delay, min/max delays, false-path exceptions, or max skew assignments found ;
; y_in[9]    ; No input delay, min/max delays, false-path exceptions, or max skew assignments found ;
; y_in[10]   ; No input delay, min/max delays, false-path exceptions, or max skew assignments found ;
; y_in[11]   ; No input delay, min/max delays, false-path exceptions, or max skew assignments found ;
; y_in[12]   ; No input delay, min/max delays, false-path exceptions, or max skew assignments found ;
; y_in[13]   ; No input delay, min/max delays, false-path exceptions, or max skew assignments found ;
; y_in[14]   ; No input delay, min/max delays, false-path exceptions, or max skew assignments found ;
; y_in[15]   ; No input delay, min/max delays, false-path exceptions, or max skew assignments found ;
; y_in[16]   ; No input delay, min/max delays, false-path exceptions, or max skew assignments found ;
; y_in[17]   ; No input delay, min/max delays, false-path exceptions, or max skew assignments found ;
; y_in[18]   ; No input delay, min/max delays, false-path exceptions, or max skew assignments found ;
; y_in[19]   ; No input delay, min/max delays, false-path exceptions, or max skew assignments found ;
; y_in[20]   ; No input delay, min/max delays, false-path exceptions, or max skew assignments found ;
; y_in[21]   ; No input delay, min/max delays, false-path exceptions, or max skew assignments found ;
; y_in[22]   ; No input delay, min/max delays, false-path exceptions, or max skew assignments found ;
; y_in[23]   ; No input delay, min/max delays, false-path exceptions, or max skew assignments found ;
; y_in[24]   ; No input delay, min/max delays, false-path exceptions, or max skew assignments found ;
; y_in[25]   ; No input delay, min/max delays, false-path exceptions, or max skew assignments found ;
; y_in[26]   ; No input delay, min/max delays, false-path exceptions, or max skew assignments found ;
; y_in[27]   ; No input delay, min/max delays, false-path exceptions, or max skew assignments found ;
; y_in[28]   ; No input delay, min/max delays, false-path exceptions, or max skew assignments found ;
; y_in[29]   ; No input delay, min/max delays, false-path exceptions, or max skew assignments found ;
; y_in[30]   ; No input delay, min/max delays, false-path exceptions, or max skew assignments found ;
; y_in[31]   ; No input delay, min/max delays, false-path exceptions, or max skew assignments found ;
+------------+--------------------------------------------------------------------------------------+


+-----------------------------------------------------------------------------------------------------+
; Unconstrained Output Ports                                                                          ;
+-------------+---------------------------------------------------------------------------------------+
; Output Port ; Comment                                                                               ;
+-------------+---------------------------------------------------------------------------------------+
; done        ; No output delay, min/max delays, false-path exceptions, or max skew assignments found ;
; q_out[0]    ; No output delay, min/max delays, false-path exceptions, or max skew assignments found ;
; q_out[1]    ; No output delay, min/max delays, false-path exceptions, or max skew assignments found ;
; q_out[2]    ; No output delay, min/max delays, false-path exceptions, or max skew assignments found ;
; q_out[3]    ; No output delay, min/max delays, false-path exceptions, or max skew assignments found ;
; q_out[4]    ; No output delay, min/max delays, false-path exceptions, or max skew assignments found ;
; q_out[5]    ; No output delay, min/max delays, false-path exceptions, or max skew assignments found ;
; q_out[6]    ; No output delay, min/max delays, false-path exceptions, or max skew assignments found ;
; q_out[7]    ; No output delay, min/max delays, false-path exceptions, or max skew assignments found ;
; q_out[8]    ; No output delay, min/max delays, false-path exceptions, or max skew assignments found ;
; q_out[9]    ; No output delay, min/max delays, false-path exceptions, or max skew assignments found ;
; q_out[10]   ; No output delay, min/max delays, false-path exceptions, or max skew assignments found ;
; q_out[11]   ; No output delay, min/max delays, false-path exceptions, or max skew assignments found ;
; q_out[12]   ; No output delay, min/max delays, false-path exceptions, or max skew assignments found ;
; q_out[13]   ; No output delay, min/max delays, false-path exceptions, or max skew assignments found ;
; q_out[14]   ; No output delay, min/max delays, false-path exceptions, or max skew assignments found ;
; q_out[15]   ; No output delay, min/max delays, false-path exceptions, or max skew assignments found ;
; q_out[16]   ; No output delay, min/max delays, false-path exceptions, or max skew assignments found ;
; q_out[17]   ; No output delay, min/max delays, false-path exceptions, or max skew assignments found ;
; q_out[18]   ; No output delay, min/max delays, false-path exceptions, or max skew assignments found ;
; q_out[19]   ; No output delay, min/max delays, false-path exceptions, or max skew assignments found ;
; q_out[20]   ; No output delay, min/max delays, false-path exceptions, or max skew assignments found ;
; q_out[21]   ; No output delay, min/max delays, false-path exceptions, or max skew assignments found ;
; q_out[22]   ; No output delay, min/max delays, false-path exceptions, or max skew assignments found ;
; q_out[23]   ; No output delay, min/max delays, false-path exceptions, or max skew assignments found ;
; q_out[24]   ; No output delay, min/max delays, false-path exceptions, or max skew assignments found ;
; q_out[25]   ; No output delay, min/max delays, false-path exceptions, or max skew assignments found ;
; q_out[26]   ; No output delay, min/max delays, false-path exceptions, or max skew assignments found ;
; q_out[27]   ; No output delay, min/max delays, false-path exceptions, or max skew assignments found ;
; q_out[28]   ; No output delay, min/max delays, false-path exceptions, or max skew assignments found ;
; q_out[29]   ; No output delay, min/max delays, false-path exceptions, or max skew assignments found ;
; q_out[30]   ; No output delay, min/max delays, false-path exceptions, or max skew assignments found ;
; q_out[31]   ; No output delay, min/max delays, false-path exceptions, or max skew assignments found ;
; rem_out[0]  ; No output delay, min/max delays, false-path exceptions, or max skew assignments found ;
; rem_out[1]  ; No output delay, min/max delays, false-path exceptions, or max skew assignments found ;
; rem_out[2]  ; No output delay, min/max delays, false-path exceptions, or max skew assignments found ;
; rem_out[3]  ; No output delay, min/max delays, false-path exceptions, or max skew assignments found ;
; rem_out[4]  ; No output delay, min/max delays, false-path exceptions, or max skew assignments found ;
; rem_out[5]  ; No output delay, min/max delays, false-path exceptions, or max skew assignments found ;
; rem_out[6]  ; No output delay, min/max delays, false-path exceptions, or max skew assignments found ;
; rem_out[7]  ; No output delay, min/max delays, false-path exceptions, or max skew assignments found ;
; rem_out[8]  ; No output delay, min/max delays, false-path exceptions, or max skew assignments found ;
; rem_out[9]  ; No output delay, min/max delays, false-path exceptions, or max skew assignments found ;
; rem_out[10] ; No output delay, min/max delays, false-path exceptions, or max skew assignments found ;
; rem_out[11] ; No output delay, min/max delays, false-path exceptions, or max skew assignments found ;
; rem_out[12] ; No output delay, min/max delays, false-path exceptions, or max skew assignments found ;
; rem_out[13] ; No output delay, min/max delays, false-path exceptions, or max skew assignments found ;
; rem_out[14] ; No output delay, min/max delays, false-path exceptions, or max skew assignments found ;
; rem_out[15] ; No output delay, min/max delays, false-path exceptions, or max skew assignments found ;
; rem_out[16] ; No output delay, min/max delays, false-path exceptions, or max skew assignments found ;
; rem_out[17] ; No output delay, min/max delays, false-path exceptions, or max skew assignments found ;
; rem_out[18] ; No output delay, min/max delays, false-path exceptions, or max skew assignments found ;
; rem_out[19] ; No output delay, min/max delays, false-path exceptions, or max skew assignments found ;
; rem_out[20] ; No output delay, min/max delays, false-path exceptions, or max skew assignments found ;
; rem_out[21] ; No output delay, min/max delays, false-path exceptions, or max skew assignments found ;
; rem_out[22] ; No output delay, min/max delays, false-path exceptions, or max skew assignments found ;
; rem_out[23] ; No output delay, min/max delays, false-path exceptions, or max skew assignments found ;
; rem_out[24] ; No output delay, min/max delays, false-path exceptions, or max skew assignments found ;
; rem_out[25] ; No output delay, min/max delays, false-path exceptions, or max skew assignments found ;
; rem_out[26] ; No output delay, min/max delays, false-path exceptions, or max skew assignments found ;
; rem_out[27] ; No output delay, min/max delays, false-path exceptions, or max skew assignments found ;
; rem_out[28] ; No output delay, min/max delays, false-path exceptions, or max skew assignments found ;
; rem_out[29] ; No output delay, min/max delays, false-path exceptions, or max skew assignments found ;
; rem_out[30] ; No output delay, min/max delays, false-path exceptions, or max skew assignments found ;
; rem_out[31] ; No output delay, min/max delays, false-path exceptions, or max skew assignments found ;
+-------------+---------------------------------------------------------------------------------------+


+---------------------------------------------------------------------------------------------------+
; Unconstrained Input Ports                                                                         ;
+------------+--------------------------------------------------------------------------------------+
; Input Port ; Comment                                                                              ;
+------------+--------------------------------------------------------------------------------------+
; rst        ; No input delay, min/max delays, false-path exceptions, or max skew assignments found ;
; start      ; No input delay, min/max delays, false-path exceptions, or max skew assignments found ;
; x_in[0]    ; No input delay, min/max delays, false-path exceptions, or max skew assignments found ;
; x_in[1]    ; No input delay, min/max delays, false-path exceptions, or max skew assignments found ;
; x_in[2]    ; No input delay, min/max delays, false-path exceptions, or max skew assignments found ;
; x_in[3]    ; No input delay, min/max delays, false-path exceptions, or max skew assignments found ;
; x_in[4]    ; No input delay, min/max delays, false-path exceptions, or max skew assignments found ;
; x_in[5]    ; No input delay, min/max delays, false-path exceptions, or max skew assignments found ;
; x_in[6]    ; No input delay, min/max delays, false-path exceptions, or max skew assignments found ;
; x_in[7]    ; No input delay, min/max delays, false-path exceptions, or max skew assignments found ;
; x_in[8]    ; No input delay, min/max delays, false-path exceptions, or max skew assignments found ;
; x_in[9]    ; No input delay, min/max delays, false-path exceptions, or max skew assignments found ;
; x_in[10]   ; No input delay, min/max delays, false-path exceptions, or max skew assignments found ;
; x_in[11]   ; No input delay, min/max delays, false-path exceptions, or max skew assignments found ;
; x_in[12]   ; No input delay, min/max delays, false-path exceptions, or max skew assignments found ;
; x_in[13]   ; No input delay, min/max delays, false-path exceptions, or max skew assignments found ;
; x_in[14]   ; No input delay, min/max delays, false-path exceptions, or max skew assignments found ;
; x_in[15]   ; No input delay, min/max delays, false-path exceptions, or max skew assignments found ;
; x_in[16]   ; No input delay, min/max delays, false-path exceptions, or max skew assignments found ;
; x_in[17]   ; No input delay, min/max delays, false-path exceptions, or max skew assignments found ;
; x_in[18]   ; No input delay, min/max delays, false-path exceptions, or max skew assignments found ;
; x_in[19]   ; No input delay, min/max delays, false-path exceptions, or max skew assignments found ;
; x_in[20]   ; No input delay, min/max delays, false-path exceptions, or max skew assignments found ;
; x_in[21]   ; No input delay, min/max delays, false-path exceptions, or max skew assignments found ;
; x_in[22]   ; No input delay, min/max delays, false-path exceptions, or max skew assignments found ;
; x_in[23]   ; No input delay, min/max delays, false-path exceptions, or max skew assignments found ;
; x_in[24]   ; No input delay, min/max delays, false-path exceptions, or max skew assignments found ;
; x_in[25]   ; No input delay, min/max delays, false-path exceptions, or max skew assignments found ;
; x_in[26]   ; No input delay, min/max delays, false-path exceptions, or max skew assignments found ;
; x_in[27]   ; No input delay, min/max delays, false-path exceptions, or max skew assignments found ;
; x_in[28]   ; No input delay, min/max delays, false-path exceptions, or max skew assignments found ;
; x_in[29]   ; No input delay, min/max delays, false-path exceptions, or max skew assignments found ;
; x_in[30]   ; No input delay, min/max delays, false-path exceptions, or max skew assignments found ;
; x_in[31]   ; No input delay, min/max delays, false-path exceptions, or max skew assignments found ;
; y_in[0]    ; No input delay, min/max delays, false-path exceptions, or max skew assignments found ;
; y_in[1]    ; No input delay, min/max delays, false-path exceptions, or max skew assignments found ;
; y_in[2]    ; No input delay, min/max delays, false-path exceptions, or max skew assignments found ;
; y_in[3]    ; No input delay, min/max delays, false-path exceptions, or max skew assignments found ;
; y_in[4]    ; No input delay, min/max delays, false-path exceptions, or max skew assignments found ;
; y_in[5]    ; No input delay, min/max delays, false-path exceptions, or max skew assignments found ;
; y_in[6]    ; No input delay, min/max delays, false-path exceptions, or max skew assignments found ;
; y_in[7]    ; No input delay, min/max delays, false-path exceptions, or max skew assignments found ;
; y_in[8]    ; No input delay, min/max delays, false-path exceptions, or max skew assignments found ;
; y_in[9]    ; No input delay, min/max delays, false-path exceptions, or max skew assignments found ;
; y_in[10]   ; No input delay, min/max delays, false-path exceptions, or max skew assignments found ;
; y_in[11]   ; No input delay, min/max delays, false-path exceptions, or max skew assignments found ;
; y_in[12]   ; No input delay, min/max delays, false-path exceptions, or max skew assignments found ;
; y_in[13]   ; No input delay, min/max delays, false-path exceptions, or max skew assignments found ;
; y_in[14]   ; No input delay, min/max delays, false-path exceptions, or max skew assignments found ;
; y_in[15]   ; No input delay, min/max delays, false-path exceptions, or max skew assignments found ;
; y_in[16]   ; No input delay, min/max delays, false-path exceptions, or max skew assignments found ;
; y_in[17]   ; No input delay, min/max delays, false-path exceptions, or max skew assignments found ;
; y_in[18]   ; No input delay, min/max delays, false-path exceptions, or max skew assignments found ;
; y_in[19]   ; No input delay, min/max delays, false-path exceptions, or max skew assignments found ;
; y_in[20]   ; No input delay, min/max delays, false-path exceptions, or max skew assignments found ;
; y_in[21]   ; No input delay, min/max delays, false-path exceptions, or max skew assignments found ;
; y_in[22]   ; No input delay, min/max delays, false-path exceptions, or max skew assignments found ;
; y_in[23]   ; No input delay, min/max delays, false-path exceptions, or max skew assignments found ;
; y_in[24]   ; No input delay, min/max delays, false-path exceptions, or max skew assignments found ;
; y_in[25]   ; No input delay, min/max delays, false-path exceptions, or max skew assignments found ;
; y_in[26]   ; No input delay, min/max delays, false-path exceptions, or max skew assignments found ;
; y_in[27]   ; No input delay, min/max delays, false-path exceptions, or max skew assignments found ;
; y_in[28]   ; No input delay, min/max delays, false-path exceptions, or max skew assignments found ;
; y_in[29]   ; No input delay, min/max delays, false-path exceptions, or max skew assignments found ;
; y_in[30]   ; No input delay, min/max delays, false-path exceptions, or max skew assignments found ;
; y_in[31]   ; No input delay, min/max delays, false-path exceptions, or max skew assignments found ;
+------------+--------------------------------------------------------------------------------------+


+-----------------------------------------------------------------------------------------------------+
; Unconstrained Output Ports                                                                          ;
+-------------+---------------------------------------------------------------------------------------+
; Output Port ; Comment                                                                               ;
+-------------+---------------------------------------------------------------------------------------+
; done        ; No output delay, min/max delays, false-path exceptions, or max skew assignments found ;
; q_out[0]    ; No output delay, min/max delays, false-path exceptions, or max skew assignments found ;
; q_out[1]    ; No output delay, min/max delays, false-path exceptions, or max skew assignments found ;
; q_out[2]    ; No output delay, min/max delays, false-path exceptions, or max skew assignments found ;
; q_out[3]    ; No output delay, min/max delays, false-path exceptions, or max skew assignments found ;
; q_out[4]    ; No output delay, min/max delays, false-path exceptions, or max skew assignments found ;
; q_out[5]    ; No output delay, min/max delays, false-path exceptions, or max skew assignments found ;
; q_out[6]    ; No output delay, min/max delays, false-path exceptions, or max skew assignments found ;
; q_out[7]    ; No output delay, min/max delays, false-path exceptions, or max skew assignments found ;
; q_out[8]    ; No output delay, min/max delays, false-path exceptions, or max skew assignments found ;
; q_out[9]    ; No output delay, min/max delays, false-path exceptions, or max skew assignments found ;
; q_out[10]   ; No output delay, min/max delays, false-path exceptions, or max skew assignments found ;
; q_out[11]   ; No output delay, min/max delays, false-path exceptions, or max skew assignments found ;
; q_out[12]   ; No output delay, min/max delays, false-path exceptions, or max skew assignments found ;
; q_out[13]   ; No output delay, min/max delays, false-path exceptions, or max skew assignments found ;
; q_out[14]   ; No output delay, min/max delays, false-path exceptions, or max skew assignments found ;
; q_out[15]   ; No output delay, min/max delays, false-path exceptions, or max skew assignments found ;
; q_out[16]   ; No output delay, min/max delays, false-path exceptions, or max skew assignments found ;
; q_out[17]   ; No output delay, min/max delays, false-path exceptions, or max skew assignments found ;
; q_out[18]   ; No output delay, min/max delays, false-path exceptions, or max skew assignments found ;
; q_out[19]   ; No output delay, min/max delays, false-path exceptions, or max skew assignments found ;
; q_out[20]   ; No output delay, min/max delays, false-path exceptions, or max skew assignments found ;
; q_out[21]   ; No output delay, min/max delays, false-path exceptions, or max skew assignments found ;
; q_out[22]   ; No output delay, min/max delays, false-path exceptions, or max skew assignments found ;
; q_out[23]   ; No output delay, min/max delays, false-path exceptions, or max skew assignments found ;
; q_out[24]   ; No output delay, min/max delays, false-path exceptions, or max skew assignments found ;
; q_out[25]   ; No output delay, min/max delays, false-path exceptions, or max skew assignments found ;
; q_out[26]   ; No output delay, min/max delays, false-path exceptions, or max skew assignments found ;
; q_out[27]   ; No output delay, min/max delays, false-path exceptions, or max skew assignments found ;
; q_out[28]   ; No output delay, min/max delays, false-path exceptions, or max skew assignments found ;
; q_out[29]   ; No output delay, min/max delays, false-path exceptions, or max skew assignments found ;
; q_out[30]   ; No output delay, min/max delays, false-path exceptions, or max skew assignments found ;
; q_out[31]   ; No output delay, min/max delays, false-path exceptions, or max skew assignments found ;
; rem_out[0]  ; No output delay, min/max delays, false-path exceptions, or max skew assignments found ;
; rem_out[1]  ; No output delay, min/max delays, false-path exceptions, or max skew assignments found ;
; rem_out[2]  ; No output delay, min/max delays, false-path exceptions, or max skew assignments found ;
; rem_out[3]  ; No output delay, min/max delays, false-path exceptions, or max skew assignments found ;
; rem_out[4]  ; No output delay, min/max delays, false-path exceptions, or max skew assignments found ;
; rem_out[5]  ; No output delay, min/max delays, false-path exceptions, or max skew assignments found ;
; rem_out[6]  ; No output delay, min/max delays, false-path exceptions, or max skew assignments found ;
; rem_out[7]  ; No output delay, min/max delays, false-path exceptions, or max skew assignments found ;
; rem_out[8]  ; No output delay, min/max delays, false-path exceptions, or max skew assignments found ;
; rem_out[9]  ; No output delay, min/max delays, false-path exceptions, or max skew assignments found ;
; rem_out[10] ; No output delay, min/max delays, false-path exceptions, or max skew assignments found ;
; rem_out[11] ; No output delay, min/max delays, false-path exceptions, or max skew assignments found ;
; rem_out[12] ; No output delay, min/max delays, false-path exceptions, or max skew assignments found ;
; rem_out[13] ; No output delay, min/max delays, false-path exceptions, or max skew assignments found ;
; rem_out[14] ; No output delay, min/max delays, false-path exceptions, or max skew assignments found ;
; rem_out[15] ; No output delay, min/max delays, false-path exceptions, or max skew assignments found ;
; rem_out[16] ; No output delay, min/max delays, false-path exceptions, or max skew assignments found ;
; rem_out[17] ; No output delay, min/max delays, false-path exceptions, or max skew assignments found ;
; rem_out[18] ; No output delay, min/max delays, false-path exceptions, or max skew assignments found ;
; rem_out[19] ; No output delay, min/max delays, false-path exceptions, or max skew assignments found ;
; rem_out[20] ; No output delay, min/max delays, false-path exceptions, or max skew assignments found ;
; rem_out[21] ; No output delay, min/max delays, false-path exceptions, or max skew assignments found ;
; rem_out[22] ; No output delay, min/max delays, false-path exceptions, or max skew assignments found ;
; rem_out[23] ; No output delay, min/max delays, false-path exceptions, or max skew assignments found ;
; rem_out[24] ; No output delay, min/max delays, false-path exceptions, or max skew assignments found ;
; rem_out[25] ; No output delay, min/max delays, false-path exceptions, or max skew assignments found ;
; rem_out[26] ; No output delay, min/max delays, false-path exceptions, or max skew assignments found ;
; rem_out[27] ; No output delay, min/max delays, false-path exceptions, or max skew assignments found ;
; rem_out[28] ; No output delay, min/max delays, false-path exceptions, or max skew assignments found ;
; rem_out[29] ; No output delay, min/max delays, false-path exceptions, or max skew assignments found ;
; rem_out[30] ; No output delay, min/max delays, false-path exceptions, or max skew assignments found ;
; rem_out[31] ; No output delay, min/max delays, false-path exceptions, or max skew assignments found ;
+-------------+---------------------------------------------------------------------------------------+


+--------------------------+
; Timing Analyzer Messages ;
+--------------------------+
Info: *******************************************************************
Info: Running Quartus Prime Timing Analyzer
    Info: Version 20.1.0 Build 711 06/05/2020 SJ Lite Edition
    Info: Processing started: Sat Sep 19 00:44:54 2026
Info: Command: quartus_sta fullDiveder -c fullDiveder
Info: qsta_default_script.tcl version: #1
Warning (18236): Number of processors has not been specified which may cause overloading on shared machines.  Set the global assignment NUM_PARALLEL_PROCESSORS in your QSF to an appropriate value for best performance.
Info (20030): Parallel compilation is enabled and will use 10 of the 10 processors detected
Info (21076): High junction temperature operating condition is not set. Assuming a default value of '85'.
Info (21076): Low junction temperature operating condition is not set. Assuming a default value of '0'.
Critical Warning (332012): Synopsys Design Constraints File file not found: 'fullDiveder.sdc'. A Synopsys Design Constraints File is required by the Timing Analyzer to get proper timing constraints. Without it, the Compiler will not properly optimize the design.
Info (332142): No user constrained base clocks found in the design. Calling "derive_clocks -period 1.0"
Info (332105): Deriving Clocks
    Info (332105): create_clock -period 1.000 -name clk clk
Info (332143): No user constrained clock uncertainty found in the design. Calling "derive_clock_uncertainty"
Info (332123): Deriving Clock Uncertainty. Please refer to report_sdc in the Timing Analyzer to see clock uncertainties.
Info: Found TIMING_ANALYZER_REPORT_SCRIPT_INCLUDE_DEFAULT_ANALYSIS = ON
Info: Analyzing Slow 1200mV 85C Model
Critical Warning (332148): Timing requirements not met
    Info (11105): For recommendations on closing timing, run Report Timing Closure Recommendations in the Timing Analyzer.
Info (332146): Worst-case setup slack is -6.421
    Info (332119):     Slack       End Point TNS Clock 
    Info (332119): ========= =================== =====================
    Info (332119):    -6.421           -1214.203 clk 
Info (332146): Worst-case hold slack is 0.254
    Info (332119):     Slack       End Point TNS Clock 
    Info (332119): ========= =================== =====================
    Info (332119):     0.254               0.000 clk 
Info (332140): No Recovery paths to report
Info (332140): No Removal paths to report
Info (332146): Worst-case minimum pulse width slack is -3.000
    Info (332119):     Slack       End Point TNS Clock 
    Info (332119): ========= =================== =====================
    Info (332119):    -3.000            -328.000 clk 
Info: Analyzing Slow 1200mV 0C Model
Info (334003): Started post-fitting delay annotation
Info (334004): Delay annotation completed successfully
Info (332123): Deriving Clock Uncertainty. Please refer to report_sdc in the Timing Analyzer to see clock uncertainties.
Critical Warning (332148): Timing requirements not met
    Info (11105): For recommendations on closing timing, run Report Timing Closure Recommendations in the Timing Analyzer.
Info (332146): Worst-case setup slack is -5.636
    Info (332119):     Slack       End Point TNS Clock 
    Info (332119): ========= =================== =====================
    Info (332119):    -5.636           -1050.016 clk 
Info (332146): Worst-case hold slack is 0.217
    Info (332119):     Slack       End Point TNS Clock 
    Info (332119): ========= =================== =====================
    Info (332119):     0.217               0.000 clk 
Info (332140): No Recovery paths to report
Info (332140): No Removal paths to report
Info (332146): Worst-case minimum pulse width slack is -3.000
    Info (332119):     Slack       End Point TNS Clock 
    Info (332119): ========= =================== =====================
    Info (332119):    -3.000            -328.000 clk 
Info: Analyzing Fast 1200mV 0C Model
Info (332123): Deriving Clock Uncertainty. Please refer to report_sdc in the Timing Analyzer to see clock uncertainties.
Critical Warning (332148): Timing requirements not met
    Info (11105): For recommendations on closing timing, run Report Timing Closure Recommendations in the Timing Analyzer.
Info (332146): Worst-case setup slack is -3.173
    Info (332119):     Slack       End Point TNS Clock 
    Info (332119): ========= =================== =====================
    Info (332119):    -3.173            -549.859 clk 
Info (332146): Worst-case hold slack is 0.132
    Info (332119):     Slack       End Point TNS Clock 
    Info (332119): ========= =================== =====================
    Info (332119):     0.132               0.000 clk 
Info (332140): No Recovery paths to report
Info (332140): No Removal paths to report
Info (332146): Worst-case minimum pulse width slack is -3.000
    Info (332119):     Slack       End Point TNS Clock 
    Info (332119): ========= =================== =====================
    Info (332119):    -3.000            -350.994 clk 
Info (332102): Design is not fully constrained for setup requirements
Info (332102): Design is not fully constrained for hold requirements
Info: Quartus Prime Timing Analyzer was successful. 0 errors, 5 warnings
    Info: Peak virtual memory: 4867 megabytes
    Info: Processing ended: Sat Sep 19 00:44:57 2026
    Info: Elapsed time: 00:00:03
    Info: Total CPU time (on all processors): 00:00:03


